Country/territory,Region,Sub-Region,Inc I,Year,Attribute,Value
Brazil,LAC,"SA, Brazil",MI-U,1961,TFP_Index,33.71683263
Brazil,LAC,"SA, Brazil",MI-U,1961,Outall_Index,14.17212891
Brazil,LAC,"SA, Brazil",MI-U,1961,Input_Index,42.03280025
Brazil,LAC,"SA, Brazil",MI-U,1961,Land_Index,47.76142833
Brazil,LAC,"SA, Brazil",MI-U,1961,Labor_Index,96.82524187
Brazil,LAC,"SA, Brazil",MI-U,1961,Capital_Index,24.38833152
Brazil,LAC,"SA, Brazil",MI-U,1961,Materials_Index,9.276961141
Brazil,LAC,"SA, Brazil",MI-U,1961,Outall_Q,32479801
Brazil,LAC,"SA, Brazil",MI-U,1961,Outcrop_Q,22312147
Brazil,LAC,"SA, Brazil",MI-U,1961,Outanim_Q,10167654
Brazil,LAC,"SA, Brazil",MI-U,1961,Outfish_Q,0
Brazil,LAC,"SA, Brazil",MI-U,1961,Land_Q,35639.41149
Brazil,LAC,"SA, Brazil",MI-U,1961,Labor_Q,9005.310049
Brazil,LAC,"SA, Brazil",MI-U,1961,Capital_Q,19128.07959
Brazil,LAC,"SA, Brazil",MI-U,1961,Machinery_Q,3220
Brazil,LAC,"SA, Brazil",MI-U,1961,Livestock_Q,61370.0308
Brazil,LAC,"SA, Brazil",MI-U,1961,Fertilizer_Q,938033.5282
Brazil,LAC,"SA, Brazil",MI-U,1961,Feed_Q,32905834.97
Brazil,LAC,"SA, Brazil",MI-U,1961,Cropland_Q,31444
Brazil,LAC,"SA, Brazil",MI-U,1961,Pasture_Q,125515
Brazil,LAC,"SA, Brazil",MI-U,1961,IrrigArea_Q,490
Brazil,LAC,"SA, Brazil",MI-U,1962,TFP_Index,34.29189244
Brazil,LAC,"SA, Brazil",MI-U,1962,Outall_Index,14.76453669
Brazil,LAC,"SA, Brazil",MI-U,1962,Input_Index,43.05547359
Brazil,LAC,"SA, Brazil",MI-U,1962,Land_Index,48.63214051
Brazil,LAC,"SA, Brazil",MI-U,1962,Labor_Index,97.53280976
Brazil,LAC,"SA, Brazil",MI-U,1962,Capital_Index,26.10502372
Brazil,LAC,"SA, Brazil",MI-U,1962,Materials_Index,9.842590942
Brazil,LAC,"SA, Brazil",MI-U,1962,Outall_Q,33837486
Brazil,LAC,"SA, Brazil",MI-U,1962,Outcrop_Q,23479524
Brazil,LAC,"SA, Brazil",MI-U,1962,Outanim_Q,10357962
Brazil,LAC,"SA, Brazil",MI-U,1962,Outfish_Q,0
Brazil,LAC,"SA, Brazil",MI-U,1962,Land_Q,36289.13388
Brazil,LAC,"SA, Brazil",MI-U,1962,Labor_Q,9071.117973
Brazil,LAC,"SA, Brazil",MI-U,1962,Capital_Q,20474.50319
Brazil,LAC,"SA, Brazil",MI-U,1962,Machinery_Q,3640
Brazil,LAC,"SA, Brazil",MI-U,1962,Livestock_Q,63086.602
Brazil,LAC,"SA, Brazil",MI-U,1962,Fertilizer_Q,938611.6844
Brazil,LAC,"SA, Brazil",MI-U,1962,Feed_Q,36768873.96
Brazil,LAC,"SA, Brazil",MI-U,1962,Cropland_Q,31971
Brazil,LAC,"SA, Brazil",MI-U,1962,Pasture_Q,128695
Brazil,LAC,"SA, Brazil",MI-U,1962,IrrigArea_Q,520
Brazil,LAC,"SA, Brazil",MI-U,1963,TFP_Index,33.3572929
Brazil,LAC,"SA, Brazil",MI-U,1963,Outall_Index,14.72485885
Brazil,LAC,"SA, Brazil",MI-U,1963,Input_Index,44.14284725
Brazil,LAC,"SA, Brazil",MI-U,1963,Land_Index,49.49033271
Brazil,LAC,"SA, Brazil",MI-U,1963,Labor_Index,98.23906103
Brazil,LAC,"SA, Brazil",MI-U,1963,Capital_Index,28.00026733
Brazil,LAC,"SA, Brazil",MI-U,1963,Materials_Index,10.58775144
Brazil,LAC,"SA, Brazil",MI-U,1963,Outall_Q,33746552
Brazil,LAC,"SA, Brazil",MI-U,1963,Outcrop_Q,23273881
Brazil,LAC,"SA, Brazil",MI-U,1963,Outanim_Q,10472671
Brazil,LAC,"SA, Brazil",MI-U,1963,Outfish_Q,0
Brazil,LAC,"SA, Brazil",MI-U,1963,Land_Q,36929.51391
Brazil,LAC,"SA, Brazil",MI-U,1963,Labor_Q,9136.803445
Brazil,LAC,"SA, Brazil",MI-U,1963,Capital_Q,21960.96693
Brazil,LAC,"SA, Brazil",MI-U,1963,Machinery_Q,4100
Brazil,LAC,"SA, Brazil",MI-U,1963,Livestock_Q,65258.322
Brazil,LAC,"SA, Brazil",MI-U,1963,Fertilizer_Q,1000991.056
Brazil,LAC,"SA, Brazil",MI-U,1963,Feed_Q,39855876.73
Brazil,LAC,"SA, Brazil",MI-U,1963,Cropland_Q,32498
Brazil,LAC,"SA, Brazil",MI-U,1963,Pasture_Q,131875
Brazil,LAC,"SA, Brazil",MI-U,1963,IrrigArea_Q,540
Brazil,LAC,"SA, Brazil",MI-U,1964,TFP_Index,32.87478187
Brazil,LAC,"SA, Brazil",MI-U,1964,Outall_Index,14.76782274
Brazil,LAC,"SA, Brazil",MI-U,1964,Input_Index,44.92143188
Brazil,LAC,"SA, Brazil",MI-U,1964,Land_Index,50.36104488
Brazil,LAC,"SA, Brazil",MI-U,1964,Labor_Index,98.94348922
Brazil,LAC,"SA, Brazil",MI-U,1964,Capital_Index,29.73329498
Brazil,LAC,"SA, Brazil",MI-U,1964,Materials_Index,10.29545481
Brazil,LAC,"SA, Brazil",MI-U,1964,Outall_Q,33845017
Brazil,LAC,"SA, Brazil",MI-U,1964,Outcrop_Q,22618257
Brazil,LAC,"SA, Brazil",MI-U,1964,Outanim_Q,11226760
Brazil,LAC,"SA, Brazil",MI-U,1964,Outfish_Q,0
Brazil,LAC,"SA, Brazil",MI-U,1964,Land_Q,37579.2363
Brazil,LAC,"SA, Brazil",MI-U,1964,Labor_Q,9202.319359
Brazil,LAC,"SA, Brazil",MI-U,1964,Capital_Q,23320.20263
Brazil,LAC,"SA, Brazil",MI-U,1964,Machinery_Q,4520
Brazil,LAC,"SA, Brazil",MI-U,1964,Livestock_Q,67400.026
Brazil,LAC,"SA, Brazil",MI-U,1964,Fertilizer_Q,964503.8321
Brazil,LAC,"SA, Brazil",MI-U,1964,Feed_Q,39070120.68
Brazil,LAC,"SA, Brazil",MI-U,1964,Cropland_Q,33025
Brazil,LAC,"SA, Brazil",MI-U,1964,Pasture_Q,135055
Brazil,LAC,"SA, Brazil",MI-U,1964,IrrigArea_Q,570
Brazil,LAC,"SA, Brazil",MI-U,1965,TFP_Index,37.51552409
Brazil,LAC,"SA, Brazil",MI-U,1965,Outall_Index,17.24793126
Brazil,LAC,"SA, Brazil",MI-U,1965,Input_Index,45.97545065
Brazil,LAC,"SA, Brazil",MI-U,1965,Land_Index,51.24427703
Brazil,LAC,"SA, Brazil",MI-U,1965,Labor_Index,99.64557316
Brazil,LAC,"SA, Brazil",MI-U,1965,Capital_Index,31.59734218
Brazil,LAC,"SA, Brazil",MI-U,1965,Materials_Index,11.05460289
Brazil,LAC,"SA, Brazil",MI-U,1965,Outall_Q,39528950
Brazil,LAC,"SA, Brazil",MI-U,1965,Outcrop_Q,27676024
Brazil,LAC,"SA, Brazil",MI-U,1965,Outanim_Q,11852926
Brazil,LAC,"SA, Brazil",MI-U,1965,Outfish_Q,0
Brazil,LAC,"SA, Brazil",MI-U,1965,Land_Q,38238.30106
Brazil,LAC,"SA, Brazil",MI-U,1965,Labor_Q,9267.617245
Brazil,LAC,"SA, Brazil",MI-U,1965,Capital_Q,24782.19863
Brazil,LAC,"SA, Brazil",MI-U,1965,Machinery_Q,4980
Brazil,LAC,"SA, Brazil",MI-U,1965,Livestock_Q,69734.5864
Brazil,LAC,"SA, Brazil",MI-U,1965,Fertilizer_Q,1021746.974
Brazil,LAC,"SA, Brazil",MI-U,1965,Feed_Q,42454644.48
Brazil,LAC,"SA, Brazil",MI-U,1965,Cropland_Q,33552
Brazil,LAC,"SA, Brazil",MI-U,1965,Pasture_Q,138235
Brazil,LAC,"SA, Brazil",MI-U,1965,IrrigArea_Q,610
Brazil,LAC,"SA, Brazil",MI-U,1966,TFP_Index,34.25720463
Brazil,LAC,"SA, Brazil",MI-U,1966,Outall_Index,16.04380475
Brazil,LAC,"SA, Brazil",MI-U,1966,Input_Index,46.83337394
Brazil,LAC,"SA, Brazil",MI-U,1966,Land_Index,52.1149892
Brazil,LAC,"SA, Brazil",MI-U,1966,Labor_Index,100.3447785
Brazil,LAC,"SA, Brazil",MI-U,1966,Capital_Index,33.30458572
Brazil,LAC,"SA, Brazil",MI-U,1966,Materials_Index,11.23499048
Brazil,LAC,"SA, Brazil",MI-U,1966,Outall_Q,36769323
Brazil,LAC,"SA, Brazil",MI-U,1966,Outcrop_Q,24885275
Brazil,LAC,"SA, Brazil",MI-U,1966,Outanim_Q,11884048
Brazil,LAC,"SA, Brazil",MI-U,1966,Outfish_Q,0
Brazil,LAC,"SA, Brazil",MI-U,1966,Land_Q,38888.02345
Brazil,LAC,"SA, Brazil",MI-U,1966,Labor_Q,9332.647402
Brazil,LAC,"SA, Brazil",MI-U,1966,Capital_Q,26121.21152
Brazil,LAC,"SA, Brazil",MI-U,1966,Machinery_Q,5400
Brazil,LAC,"SA, Brazil",MI-U,1966,Livestock_Q,71974.8744
Brazil,LAC,"SA, Brazil",MI-U,1966,Fertilizer_Q,1052287.562
Brazil,LAC,"SA, Brazil",MI-U,1966,Feed_Q,42643954.34
Brazil,LAC,"SA, Brazil",MI-U,1966,Cropland_Q,34079
Brazil,LAC,"SA, Brazil",MI-U,1966,Pasture_Q,141415
Brazil,LAC,"SA, Brazil",MI-U,1966,IrrigArea_Q,640
Brazil,LAC,"SA, Brazil",MI-U,1967,TFP_Index,36.08956127
Brazil,LAC,"SA, Brazil",MI-U,1967,Outall_Index,17.2818259
Brazil,LAC,"SA, Brazil",MI-U,1967,Input_Index,47.88594067
Brazil,LAC,"SA, Brazil",MI-U,1967,Land_Index,52.99822134
Brazil,LAC,"SA, Brazil",MI-U,1967,Labor_Index,101.0405593
Brazil,LAC,"SA, Brazil",MI-U,1967,Capital_Index,34.93626568
Brazil,LAC,"SA, Brazil",MI-U,1967,Materials_Index,12.37790273
Brazil,LAC,"SA, Brazil",MI-U,1967,Outall_Q,39606630
Brazil,LAC,"SA, Brazil",MI-U,1967,Outcrop_Q,27443804
Brazil,LAC,"SA, Brazil",MI-U,1967,Outanim_Q,12162826
Brazil,LAC,"SA, Brazil",MI-U,1967,Outfish_Q,0
Brazil,LAC,"SA, Brazil",MI-U,1967,Land_Q,39547.0882
Brazil,LAC,"SA, Brazil",MI-U,1967,Labor_Q,9397.359057
Brazil,LAC,"SA, Brazil",MI-U,1967,Capital_Q,27400.95894
Brazil,LAC,"SA, Brazil",MI-U,1967,Machinery_Q,5840
Brazil,LAC,"SA, Brazil",MI-U,1967,Livestock_Q,73814.1
Brazil,LAC,"SA, Brazil",MI-U,1967,Fertilizer_Q,1233640.948
Brazil,LAC,"SA, Brazil",MI-U,1967,Feed_Q,44469497.01
Brazil,LAC,"SA, Brazil",MI-U,1967,Cropland_Q,34606
Brazil,LAC,"SA, Brazil",MI-U,1967,Pasture_Q,144595
Brazil,LAC,"SA, Brazil",MI-U,1967,IrrigArea_Q,680
Brazil,LAC,"SA, Brazil",MI-U,1968,TFP_Index,36.07902672
Brazil,LAC,"SA, Brazil",MI-U,1968,Outall_Index,17.67209285
Brazil,LAC,"SA, Brazil",MI-U,1968,Input_Index,48.98162301
Brazil,LAC,"SA, Brazil",MI-U,1968,Land_Index,53.86893352
Brazil,LAC,"SA, Brazil",MI-U,1968,Labor_Index,101.7323599
Brazil,LAC,"SA, Brazil",MI-U,1968,Capital_Index,36.66383398
Brazil,LAC,"SA, Brazil",MI-U,1968,Materials_Index,13.76659358
Brazil,LAC,"SA, Brazil",MI-U,1968,Outall_Q,40501047
Brazil,LAC,"SA, Brazil",MI-U,1968,Outcrop_Q,27190425
Brazil,LAC,"SA, Brazil",MI-U,1968,Outanim_Q,13310622
Brazil,LAC,"SA, Brazil",MI-U,1968,Outfish_Q,0
Brazil,LAC,"SA, Brazil",MI-U,1968,Land_Q,40196.81059
Brazil,LAC,"SA, Brazil",MI-U,1968,Labor_Q,9461.700534
Brazil,LAC,"SA, Brazil",MI-U,1968,Capital_Q,28755.91279
Brazil,LAC,"SA, Brazil",MI-U,1968,Machinery_Q,6280
Brazil,LAC,"SA, Brazil",MI-U,1968,Livestock_Q,76077.8664
Brazil,LAC,"SA, Brazil",MI-U,1968,Fertilizer_Q,1399154.608
Brazil,LAC,"SA, Brazil",MI-U,1968,Feed_Q,48609792.67
Brazil,LAC,"SA, Brazil",MI-U,1968,Cropland_Q,35133
Brazil,LAC,"SA, Brazil",MI-U,1968,Pasture_Q,147775
Brazil,LAC,"SA, Brazil",MI-U,1968,IrrigArea_Q,710
Brazil,LAC,"SA, Brazil",MI-U,1969,TFP_Index,36.84785228
Brazil,LAC,"SA, Brazil",MI-U,1969,Outall_Index,18.36088444
Brazil,LAC,"SA, Brazil",MI-U,1969,Input_Index,49.82891351
Brazil,LAC,"SA, Brazil",MI-U,1969,Land_Index,54.75216566
Brazil,LAC,"SA, Brazil",MI-U,1969,Labor_Index,102.4196171
Brazil,LAC,"SA, Brazil",MI-U,1969,Capital_Index,38.37996404
Brazil,LAC,"SA, Brazil",MI-U,1969,Materials_Index,14.02087574
Brazil,LAC,"SA, Brazil",MI-U,1969,Outall_Q,42079625.21
Brazil,LAC,"SA, Brazil",MI-U,1969,Outcrop_Q,28090754
Brazil,LAC,"SA, Brazil",MI-U,1969,Outanim_Q,13988854
Brazil,LAC,"SA, Brazil",MI-U,1969,Outfish_Q,17.20651596
Brazil,LAC,"SA, Brazil",MI-U,1969,Land_Q,40855.87534
Brazil,LAC,"SA, Brazil",MI-U,1969,Labor_Q,9525.619444
Brazil,LAC,"SA, Brazil",MI-U,1969,Capital_Q,30101.8955
Brazil,LAC,"SA, Brazil",MI-U,1969,Machinery_Q,6716
Brazil,LAC,"SA, Brazil",MI-U,1969,Livestock_Q,78387.4456
Brazil,LAC,"SA, Brazil",MI-U,1969,Fertilizer_Q,1449863.661
Brazil,LAC,"SA, Brazil",MI-U,1969,Feed_Q,48755736.36
Brazil,LAC,"SA, Brazil",MI-U,1969,Cropland_Q,35660
Brazil,LAC,"SA, Brazil",MI-U,1969,Pasture_Q,150955
Brazil,LAC,"SA, Brazil",MI-U,1969,IrrigArea_Q,750
Brazil,LAC,"SA, Brazil",MI-U,1970,TFP_Index,36.64628878
Brazil,LAC,"SA, Brazil",MI-U,1970,Outall_Index,18.65911119
Brazil,LAC,"SA, Brazil",MI-U,1970,Input_Index,50.91678259
Brazil,LAC,"SA, Brazil",MI-U,1970,Land_Index,55.6470499
Brazil,LAC,"SA, Brazil",MI-U,1970,Labor_Index,103.101762
Brazil,LAC,"SA, Brazil",MI-U,1970,Capital_Index,40.05277984
Brazil,LAC,"SA, Brazil",MI-U,1970,Materials_Index,15.59827648
Brazil,LAC,"SA, Brazil",MI-U,1970,Outall_Q,42763103.69
Brazil,LAC,"SA, Brazil",MI-U,1970,Outcrop_Q,28461809
Brazil,LAC,"SA, Brazil",MI-U,1970,Outanim_Q,14301262
Brazil,LAC,"SA, Brazil",MI-U,1970,Outfish_Q,32.69238032
Brazil,LAC,"SA, Brazil",MI-U,1970,Land_Q,41523.63484
Brazil,LAC,"SA, Brazil",MI-U,1970,Labor_Q,9589.062891
Brazil,LAC,"SA, Brazil",MI-U,1970,Capital_Q,31413.90628
Brazil,LAC,"SA, Brazil",MI-U,1970,Machinery_Q,7154.8
Brazil,LAC,"SA, Brazil",MI-U,1970,Livestock_Q,80563.324
Brazil,LAC,"SA, Brazil",MI-U,1970,Fertilizer_Q,1841581.305
Brazil,LAC,"SA, Brazil",MI-U,1970,Feed_Q,48239296.98
Brazil,LAC,"SA, Brazil",MI-U,1970,Cropland_Q,36190
Brazil,LAC,"SA, Brazil",MI-U,1970,Pasture_Q,154138
Brazil,LAC,"SA, Brazil",MI-U,1970,IrrigArea_Q,796
Brazil,LAC,"SA, Brazil",MI-U,1971,TFP_Index,37.23713794
Brazil,LAC,"SA, Brazil",MI-U,1971,Outall_Index,19.70149151
Brazil,LAC,"SA, Brazil",MI-U,1971,Input_Index,52.90817878
Brazil,LAC,"SA, Brazil",MI-U,1971,Land_Index,57.41873922
Brazil,LAC,"SA, Brazil",MI-U,1971,Labor_Index,106.7958126
Brazil,LAC,"SA, Brazil",MI-U,1971,Capital_Index,42.5692034
Brazil,LAC,"SA, Brazil",MI-U,1971,Materials_Index,16.21415601
Brazil,LAC,"SA, Brazil",MI-U,1971,Outall_Q,45152039.46
Brazil,LAC,"SA, Brazil",MI-U,1971,Outcrop_Q,30951553
Brazil,LAC,"SA, Brazil",MI-U,1971,Outanim_Q,14200440
Brazil,LAC,"SA, Brazil",MI-U,1971,Outfish_Q,46.45759308
Brazil,LAC,"SA, Brazil",MI-U,1971,Land_Q,42845.66324
Brazil,LAC,"SA, Brazil",MI-U,1971,Labor_Q,9932.631059
Brazil,LAC,"SA, Brazil",MI-U,1971,Capital_Q,33387.56938
Brazil,LAC,"SA, Brazil",MI-U,1971,Machinery_Q,7880
Brazil,LAC,"SA, Brazil",MI-U,1971,Livestock_Q,83395.3917
Brazil,LAC,"SA, Brazil",MI-U,1971,Fertilizer_Q,1988943.883
Brazil,LAC,"SA, Brazil",MI-U,1971,Feed_Q,48475258.02
Brazil,LAC,"SA, Brazil",MI-U,1971,Cropland_Q,37393
Brazil,LAC,"SA, Brazil",MI-U,1971,Pasture_Q,156441
Brazil,LAC,"SA, Brazil",MI-U,1971,IrrigArea_Q,850
Brazil,LAC,"SA, Brazil",MI-U,1972,TFP_Index,37.45756303
Brazil,LAC,"SA, Brazil",MI-U,1972,Outall_Index,20.72699945
Brazil,LAC,"SA, Brazil",MI-U,1972,Input_Index,55.3346181
Brazil,LAC,"SA, Brazil",MI-U,1972,Land_Index,59.18542054
Brazil,LAC,"SA, Brazil",MI-U,1972,Labor_Index,110.4521074
Brazil,LAC,"SA, Brazil",MI-U,1972,Capital_Index,45.4539893
Brazil,LAC,"SA, Brazil",MI-U,1972,Materials_Index,18.97217709
Brazil,LAC,"SA, Brazil",MI-U,1972,Outall_Q,47502306.94
Brazil,LAC,"SA, Brazil",MI-U,1972,Outcrop_Q,31944747
Brazil,LAC,"SA, Brazil",MI-U,1972,Outanim_Q,15557391
Brazil,LAC,"SA, Brazil",MI-U,1972,Outfish_Q,168.9391073
Brazil,LAC,"SA, Brazil",MI-U,1972,Land_Q,44163.95469
Brazil,LAC,"SA, Brazil",MI-U,1972,Labor_Q,10272.68771
Brazil,LAC,"SA, Brazil",MI-U,1972,Capital_Q,35650.14377
Brazil,LAC,"SA, Brazil",MI-U,1972,Machinery_Q,8600
Brazil,LAC,"SA, Brazil",MI-U,1972,Livestock_Q,87616
Brazil,LAC,"SA, Brazil",MI-U,1972,Fertilizer_Q,2513351.66
Brazil,LAC,"SA, Brazil",MI-U,1972,Feed_Q,52989089.79
Brazil,LAC,"SA, Brazil",MI-U,1972,Cropland_Q,38596
Brazil,LAC,"SA, Brazil",MI-U,1972,Pasture_Q,158744
Brazil,LAC,"SA, Brazil",MI-U,1972,IrrigArea_Q,900
Brazil,LAC,"SA, Brazil",MI-U,1973,TFP_Index,34.80793063
Brazil,LAC,"SA, Brazil",MI-U,1973,Outall_Index,20.29176231
Brazil,LAC,"SA, Brazil",MI-U,1973,Input_Index,58.29637656
Brazil,LAC,"SA, Brazil",MI-U,1973,Land_Index,60.95210187
Brazil,LAC,"SA, Brazil",MI-U,1973,Labor_Index,119.4040663
Brazil,LAC,"SA, Brazil",MI-U,1973,Capital_Index,47.84716796
Brazil,LAC,"SA, Brazil",MI-U,1973,Materials_Index,18.86742438
Brazil,LAC,"SA, Brazil",MI-U,1973,Outall_Q,46504826.9
Brazil,LAC,"SA, Brazil",MI-U,1973,Outcrop_Q,30181618
Brazil,LAC,"SA, Brazil",MI-U,1973,Outanim_Q,16322767
Brazil,LAC,"SA, Brazil",MI-U,1973,Outfish_Q,441.9027919
Brazil,LAC,"SA, Brazil",MI-U,1973,Land_Q,45482.24615
Brazil,LAC,"SA, Brazil",MI-U,1973,Labor_Q,11105.2719
Brazil,LAC,"SA, Brazil",MI-U,1973,Capital_Q,37527.14433
Brazil,LAC,"SA, Brazil",MI-U,1973,Machinery_Q,9320
Brazil,LAC,"SA, Brazil",MI-U,1973,Livestock_Q,90262.65
Brazil,LAC,"SA, Brazil",MI-U,1973,Fertilizer_Q,2571130.522
Brazil,LAC,"SA, Brazil",MI-U,1973,Feed_Q,51395092.91
Brazil,LAC,"SA, Brazil",MI-U,1973,Cropland_Q,39799
Brazil,LAC,"SA, Brazil",MI-U,1973,Pasture_Q,161047
Brazil,LAC,"SA, Brazil",MI-U,1973,IrrigArea_Q,950
Brazil,LAC,"SA, Brazil",MI-U,1974,TFP_Index,36.73130133
Brazil,LAC,"SA, Brazil",MI-U,1974,Outall_Index,21.79259342
Brazil,LAC,"SA, Brazil",MI-U,1974,Input_Index,59.32976135
Brazil,LAC,"SA, Brazil",MI-U,1974,Land_Index,62.7187832
Brazil,LAC,"SA, Brazil",MI-U,1974,Labor_Index,117.6349984
Brazil,LAC,"SA, Brazil",MI-U,1974,Capital_Index,50.87464182
Brazil,LAC,"SA, Brazil",MI-U,1974,Materials_Index,20.26173086
Brazil,LAC,"SA, Brazil",MI-U,1974,Outall_Q,49944443.91
Brazil,LAC,"SA, Brazil",MI-U,1974,Outcrop_Q,33772873
Brazil,LAC,"SA, Brazil",MI-U,1974,Outanim_Q,16170797
Brazil,LAC,"SA, Brazil",MI-U,1974,Outfish_Q,773.9105105
Brazil,LAC,"SA, Brazil",MI-U,1974,Land_Q,46800.5376
Brazil,LAC,"SA, Brazil",MI-U,1974,Labor_Q,10940.73831
Brazil,LAC,"SA, Brazil",MI-U,1974,Capital_Q,39901.6307
Brazil,LAC,"SA, Brazil",MI-U,1974,Machinery_Q,10040
Brazil,LAC,"SA, Brazil",MI-U,1974,Livestock_Q,95049.6444
Brazil,LAC,"SA, Brazil",MI-U,1974,Fertilizer_Q,2780960.915
Brazil,LAC,"SA, Brazil",MI-U,1974,Feed_Q,54844983.81
Brazil,LAC,"SA, Brazil",MI-U,1974,Cropland_Q,41002
Brazil,LAC,"SA, Brazil",MI-U,1974,Pasture_Q,163350
Brazil,LAC,"SA, Brazil",MI-U,1974,IrrigArea_Q,1000
Brazil,LAC,"SA, Brazil",MI-U,1975,TFP_Index,36.57906969
Brazil,LAC,"SA, Brazil",MI-U,1975,Outall_Index,22.38614457
Brazil,LAC,"SA, Brazil",MI-U,1975,Input_Index,61.19932728
Brazil,LAC,"SA, Brazil",MI-U,1975,Land_Index,64.53417837
Brazil,LAC,"SA, Brazil",MI-U,1975,Labor_Index,115.8403936
Brazil,LAC,"SA, Brazil",MI-U,1975,Capital_Index,58.85433512
Brazil,LAC,"SA, Brazil",MI-U,1975,Materials_Index,21.61210154
Brazil,LAC,"SA, Brazil",MI-U,1975,Outall_Q,51304749.31
Brazil,LAC,"SA, Brazil",MI-U,1975,Outcrop_Q,33983431
Brazil,LAC,"SA, Brazil",MI-U,1975,Outanim_Q,17320057
Brazil,LAC,"SA, Brazil",MI-U,1975,Outfish_Q,1261.307071
Brazil,LAC,"SA, Brazil",MI-U,1975,Land_Q,48155.17916
Brazil,LAC,"SA, Brazil",MI-U,1975,Labor_Q,10773.82963
Brazil,LAC,"SA, Brazil",MI-U,1975,Capital_Q,46160.20598
Brazil,LAC,"SA, Brazil",MI-U,1975,Machinery_Q,13544.52
Brazil,LAC,"SA, Brazil",MI-U,1975,Livestock_Q,98123.3724
Brazil,LAC,"SA, Brazil",MI-U,1975,Fertilizer_Q,3009211.475
Brazil,LAC,"SA, Brazil",MI-U,1975,Feed_Q,57761581.35
Brazil,LAC,"SA, Brazil",MI-U,1975,Cropland_Q,42207
Brazil,LAC,"SA, Brazil",MI-U,1975,Pasture_Q,165652
Brazil,LAC,"SA, Brazil",MI-U,1975,IrrigArea_Q,1086.8
Brazil,LAC,"SA, Brazil",MI-U,1976,TFP_Index,36.623335
Brazil,LAC,"SA, Brazil",MI-U,1976,Outall_Index,23.16086766
Brazil,LAC,"SA, Brazil",MI-U,1976,Input_Index,63.24073888
Brazil,LAC,"SA, Brazil",MI-U,1976,Land_Index,68.94064684
Brazil,LAC,"SA, Brazil",MI-U,1976,Labor_Index,114.0190151
Brazil,LAC,"SA, Brazil",MI-U,1976,Capital_Index,63.3270436
Brazil,LAC,"SA, Brazil",MI-U,1976,Materials_Index,23.54963765
Brazil,LAC,"SA, Brazil",MI-U,1976,Outall_Q,53080266
Brazil,LAC,"SA, Brazil",MI-U,1976,Outcrop_Q,34297799
Brazil,LAC,"SA, Brazil",MI-U,1976,Outanim_Q,18780681
Brazil,LAC,"SA, Brazil",MI-U,1976,Outfish_Q,1786.004405
Brazil,LAC,"SA, Brazil",MI-U,1976,Land_Q,51443.27058
Brazil,LAC,"SA, Brazil",MI-U,1976,Labor_Q,10604.43085
Brazil,LAC,"SA, Brazil",MI-U,1976,Capital_Q,49668.2083
Brazil,LAC,"SA, Brazil",MI-U,1976,Machinery_Q,14640
Brazil,LAC,"SA, Brazil",MI-U,1976,Livestock_Q,105226.7488
Brazil,LAC,"SA, Brazil",MI-U,1976,Fertilizer_Q,3588529.735
Brazil,LAC,"SA, Brazil",MI-U,1976,Feed_Q,58112043.76
Brazil,LAC,"SA, Brazil",MI-U,1976,Cropland_Q,45369
Brazil,LAC,"SA, Brazil",MI-U,1976,Pasture_Q,167411
Brazil,LAC,"SA, Brazil",MI-U,1976,IrrigArea_Q,1165.7
Brazil,LAC,"SA, Brazil",MI-U,1977,TFP_Index,36.46444376
Brazil,LAC,"SA, Brazil",MI-U,1977,Outall_Index,24.75185234
Brazil,LAC,"SA, Brazil",MI-U,1977,Input_Index,67.87941837
Brazil,LAC,"SA, Brazil",MI-U,1977,Land_Index,73.37177965
Brazil,LAC,"SA, Brazil",MI-U,1977,Labor_Index,123.9218955
Brazil,LAC,"SA, Brazil",MI-U,1977,Capital_Index,66.2840977
Brazil,LAC,"SA, Brazil",MI-U,1977,Materials_Index,26.02911559
Brazil,LAC,"SA, Brazil",MI-U,1977,Outall_Q,56726497.71
Brazil,LAC,"SA, Brazil",MI-U,1977,Outcrop_Q,37751922
Brazil,LAC,"SA, Brazil",MI-U,1977,Outanim_Q,18971814
Brazil,LAC,"SA, Brazil",MI-U,1977,Outfish_Q,2761.714113
Brazil,LAC,"SA, Brazil",MI-U,1977,Land_Q,54749.76646
Brazil,LAC,"SA, Brazil",MI-U,1977,Labor_Q,11525.45627
Brazil,LAC,"SA, Brazil",MI-U,1977,Capital_Q,51987.46356
Brazil,LAC,"SA, Brazil",MI-U,1977,Machinery_Q,15460
Brazil,LAC,"SA, Brazil",MI-U,1977,Livestock_Q,109419.6234
Brazil,LAC,"SA, Brazil",MI-U,1977,Fertilizer_Q,4304415.905
Brazil,LAC,"SA, Brazil",MI-U,1977,Feed_Q,59746714.74
Brazil,LAC,"SA, Brazil",MI-U,1977,Cropland_Q,48531
Brazil,LAC,"SA, Brazil",MI-U,1977,Pasture_Q,169170
Brazil,LAC,"SA, Brazil",MI-U,1977,IrrigArea_Q,1264.3
Brazil,LAC,"SA, Brazil",MI-U,1978,TFP_Index,35.27766502
Brazil,LAC,"SA, Brazil",MI-U,1978,Outall_Index,24.46428025
Brazil,LAC,"SA, Brazil",MI-U,1978,Input_Index,69.34778773
Brazil,LAC,"SA, Brazil",MI-U,1978,Land_Index,77.80291247
Brazil,LAC,"SA, Brazil",MI-U,1978,Labor_Index,121.0366411
Brazil,LAC,"SA, Brazil",MI-U,1978,Capital_Index,70.21701544
Brazil,LAC,"SA, Brazil",MI-U,1978,Materials_Index,26.9390583
Brazil,LAC,"SA, Brazil",MI-U,1978,Outall_Q,56067437.66
Brazil,LAC,"SA, Brazil",MI-U,1978,Outcrop_Q,36102321
Brazil,LAC,"SA, Brazil",MI-U,1978,Outanim_Q,19961343
Brazil,LAC,"SA, Brazil",MI-U,1978,Outfish_Q,3773.662588
Brazil,LAC,"SA, Brazil",MI-U,1978,Land_Q,58056.26233
Brazil,LAC,"SA, Brazil",MI-U,1978,Labor_Q,11257.11085
Brazil,LAC,"SA, Brazil",MI-U,1978,Capital_Q,55072.10113
Brazil,LAC,"SA, Brazil",MI-U,1978,Machinery_Q,17800
Brazil,LAC,"SA, Brazil",MI-U,1978,Livestock_Q,108974.6366
Brazil,LAC,"SA, Brazil",MI-U,1978,Fertilizer_Q,4311619.031
Brazil,LAC,"SA, Brazil",MI-U,1978,Feed_Q,63649822.58
Brazil,LAC,"SA, Brazil",MI-U,1978,Cropland_Q,51693
Brazil,LAC,"SA, Brazil",MI-U,1978,Pasture_Q,170929
Brazil,LAC,"SA, Brazil",MI-U,1978,IrrigArea_Q,1362.9
Brazil,LAC,"SA, Brazil",MI-U,1979,TFP_Index,36.84445273
Brazil,LAC,"SA, Brazil",MI-U,1979,Outall_Index,25.87211805
Brazil,LAC,"SA, Brazil",MI-U,1979,Input_Index,70.21984623
Brazil,LAC,"SA, Brazil",MI-U,1979,Land_Index,82.23404528
Brazil,LAC,"SA, Brazil",MI-U,1979,Labor_Index,114.7475
Brazil,LAC,"SA, Brazil",MI-U,1979,Capital_Index,75.13610947
Brazil,LAC,"SA, Brazil",MI-U,1979,Materials_Index,29.63687091
Brazil,LAC,"SA, Brazil",MI-U,1979,Outall_Q,59293931.84
Brazil,LAC,"SA, Brazil",MI-U,1979,Outcrop_Q,38130914
Brazil,LAC,"SA, Brazil",MI-U,1979,Outanim_Q,21157765
Brazil,LAC,"SA, Brazil",MI-U,1979,Outfish_Q,5252.839594
Brazil,LAC,"SA, Brazil",MI-U,1979,Land_Q,61362.7582
Brazil,LAC,"SA, Brazil",MI-U,1979,Labor_Q,10672.18418
Brazil,LAC,"SA, Brazil",MI-U,1979,Capital_Q,58930.20934
Brazil,LAC,"SA, Brazil",MI-U,1979,Machinery_Q,20100
Brazil,LAC,"SA, Brazil",MI-U,1979,Livestock_Q,112051.5468
Brazil,LAC,"SA, Brazil",MI-U,1979,Fertilizer_Q,4721771.398
Brazil,LAC,"SA, Brazil",MI-U,1979,Feed_Q,70307817.35
Brazil,LAC,"SA, Brazil",MI-U,1979,Cropland_Q,54855
Brazil,LAC,"SA, Brazil",MI-U,1979,Pasture_Q,172688
Brazil,LAC,"SA, Brazil",MI-U,1979,IrrigArea_Q,1461.5
Brazil,LAC,"SA, Brazil",MI-U,1980,TFP_Index,38.42431456
Brazil,LAC,"SA, Brazil",MI-U,1980,Outall_Index,28.54383632
Brazil,LAC,"SA, Brazil",MI-U,1980,Input_Index,74.28586987
Brazil,LAC,"SA, Brazil",MI-U,1980,Land_Index,86.57008954
Brazil,LAC,"SA, Brazil",MI-U,1980,Labor_Index,119.3573651
Brazil,LAC,"SA, Brazil",MI-U,1980,Capital_Index,82.30995769
Brazil,LAC,"SA, Brazil",MI-U,1980,Materials_Index,33.17290447
Brazil,LAC,"SA, Brazil",MI-U,1980,Outall_Q,65416997.63
Brazil,LAC,"SA, Brazil",MI-U,1980,Outcrop_Q,41940175
Brazil,LAC,"SA, Brazil",MI-U,1980,Outanim_Q,23466735
Brazil,LAC,"SA, Brazil",MI-U,1980,Outfish_Q,10087.62742
Brazil,LAC,"SA, Brazil",MI-U,1980,Land_Q,64598.29933
Brazil,LAC,"SA, Brazil",MI-U,1980,Labor_Q,11100.92842
Brazil,LAC,"SA, Brazil",MI-U,1980,Capital_Q,64556.75004
Brazil,LAC,"SA, Brazil",MI-U,1980,Machinery_Q,22528.2
Brazil,LAC,"SA, Brazil",MI-U,1980,Livestock_Q,120688.8354
Brazil,LAC,"SA, Brazil",MI-U,1980,Fertilizer_Q,5401863.235
Brazil,LAC,"SA, Brazil",MI-U,1980,Feed_Q,77190000.99
Brazil,LAC,"SA, Brazil",MI-U,1980,Cropland_Q,58018.208
Brazil,LAC,"SA, Brazil",MI-U,1980,Pasture_Q,174499
Brazil,LAC,"SA, Brazil",MI-U,1980,IrrigArea_Q,1481.2
Brazil,LAC,"SA, Brazil",MI-U,1981,TFP_Index,43.11252815
Brazil,LAC,"SA, Brazil",MI-U,1981,Outall_Index,29.92957838
Brazil,LAC,"SA, Brazil",MI-U,1981,Input_Index,69.42199787
Brazil,LAC,"SA, Brazil",MI-U,1981,Land_Index,88.01223587
Brazil,LAC,"SA, Brazil",MI-U,1981,Labor_Index,107.4420633
Brazil,LAC,"SA, Brazil",MI-U,1981,Capital_Index,85.0177464
Brazil,LAC,"SA, Brazil",MI-U,1981,Materials_Index,28.47719703
Brazil,LAC,"SA, Brazil",MI-U,1981,Outall_Q,68592852.62
Brazil,LAC,"SA, Brazil",MI-U,1981,Outcrop_Q,44336012
Brazil,LAC,"SA, Brazil",MI-U,1981,Outanim_Q,24241873
Brazil,LAC,"SA, Brazil",MI-U,1981,Outfish_Q,14967.62241
Brazil,LAC,"SA, Brazil",MI-U,1981,Land_Q,65674.4239
Brazil,LAC,"SA, Brazil",MI-U,1981,Labor_Q,9992.736125
Brazil,LAC,"SA, Brazil",MI-U,1981,Capital_Q,66680.50327
Brazil,LAC,"SA, Brazil",MI-U,1981,Machinery_Q,23500
Brazil,LAC,"SA, Brazil",MI-U,1981,Livestock_Q,123169.1724
Brazil,LAC,"SA, Brazil",MI-U,1981,Fertilizer_Q,3933232.518
Brazil,LAC,"SA, Brazil",MI-U,1981,Feed_Q,85302704.07
Brazil,LAC,"SA, Brazil",MI-U,1981,Cropland_Q,58977
Brazil,LAC,"SA, Brazil",MI-U,1981,Pasture_Q,175437
Brazil,LAC,"SA, Brazil",MI-U,1981,IrrigArea_Q,1576.9
Brazil,LAC,"SA, Brazil",MI-U,1982,TFP_Index,41.81185325
Brazil,LAC,"SA, Brazil",MI-U,1982,Outall_Index,30.08922368
Brazil,LAC,"SA, Brazil",MI-U,1982,Input_Index,71.96338201
Brazil,LAC,"SA, Brazil",MI-U,1982,Land_Index,89.45466094
Brazil,LAC,"SA, Brazil",MI-U,1982,Labor_Index,114.4661939
Brazil,LAC,"SA, Brazil",MI-U,1982,Capital_Index,87.53176224
Brazil,LAC,"SA, Brazil",MI-U,1982,Materials_Index,28.40099364
Brazil,LAC,"SA, Brazil",MI-U,1982,Outall_Q,68958729.04
Brazil,LAC,"SA, Brazil",MI-U,1982,Outcrop_Q,44395118
Brazil,LAC,"SA, Brazil",MI-U,1982,Outanim_Q,24544308
Brazil,LAC,"SA, Brazil",MI-U,1982,Outfish_Q,19303.03914
Brazil,LAC,"SA, Brazil",MI-U,1982,Land_Q,66750.75646
Brazil,LAC,"SA, Brazil",MI-U,1982,Labor_Q,10646.02108
Brazil,LAC,"SA, Brazil",MI-U,1982,Capital_Q,68652.27797
Brazil,LAC,"SA, Brazil",MI-U,1982,Machinery_Q,24480
Brazil,LAC,"SA, Brazil",MI-U,1982,Livestock_Q,125013.4122
Brazil,LAC,"SA, Brazil",MI-U,1982,Fertilizer_Q,3922036.801
Brazil,LAC,"SA, Brazil",MI-U,1982,Feed_Q,85096753.03
Brazil,LAC,"SA, Brazil",MI-U,1982,Cropland_Q,59936
Brazil,LAC,"SA, Brazil",MI-U,1982,Pasture_Q,176375
Brazil,LAC,"SA, Brazil",MI-U,1982,IrrigArea_Q,1672.6
Brazil,LAC,"SA, Brazil",MI-U,1983,TFP_Index,44.47850424
Brazil,LAC,"SA, Brazil",MI-U,1983,Outall_Index,30.46075383
Brazil,LAC,"SA, Brazil",MI-U,1983,Input_Index,68.48421355
Brazil,LAC,"SA, Brazil",MI-U,1983,Land_Index,90.89721122
Brazil,LAC,"SA, Brazil",MI-U,1983,Labor_Index,107.3336108
Brazil,LAC,"SA, Brazil",MI-U,1983,Capital_Index,89.45294381
Brazil,LAC,"SA, Brazil",MI-U,1983,Materials_Index,24.66355961
Brazil,LAC,"SA, Brazil",MI-U,1983,Outall_Q,69810204.86
Brazil,LAC,"SA, Brazil",MI-U,1983,Outcrop_Q,44411044
Brazil,LAC,"SA, Brazil",MI-U,1983,Outanim_Q,25375950
Brazil,LAC,"SA, Brazil",MI-U,1983,Outfish_Q,23210.85895
Brazil,LAC,"SA, Brazil",MI-U,1983,Land_Q,67827.18245
Brazil,LAC,"SA, Brazil",MI-U,1983,Labor_Q,9982.649412
Brazil,LAC,"SA, Brazil",MI-U,1983,Capital_Q,70159.08518
Brazil,LAC,"SA, Brazil",MI-U,1983,Machinery_Q,25460
Brazil,LAC,"SA, Brazil",MI-U,1983,Livestock_Q,125054.5208
Brazil,LAC,"SA, Brazil",MI-U,1983,Fertilizer_Q,3451179
Brazil,LAC,"SA, Brazil",MI-U,1983,Feed_Q,72416954.68
Brazil,LAC,"SA, Brazil",MI-U,1983,Cropland_Q,60895
Brazil,LAC,"SA, Brazil",MI-U,1983,Pasture_Q,177312
Brazil,LAC,"SA, Brazil",MI-U,1983,IrrigArea_Q,1768.4
Brazil,LAC,"SA, Brazil",MI-U,1984,TFP_Index,42.371106
Brazil,LAC,"SA, Brazil",MI-U,1984,Outall_Index,32.29599604
Brazil,LAC,"SA, Brazil",MI-U,1984,Input_Index,76.22174423
Brazil,LAC,"SA, Brazil",MI-U,1984,Land_Index,92.33963629
Brazil,LAC,"SA, Brazil",MI-U,1984,Labor_Index,120.9223534
Brazil,LAC,"SA, Brazil",MI-U,1984,Capital_Index,92.50536354
Brazil,LAC,"SA, Brazil",MI-U,1984,Materials_Index,30.95896892
Brazil,LAC,"SA, Brazil",MI-U,1984,Outall_Q,74016227.98
Brazil,LAC,"SA, Brazil",MI-U,1984,Outcrop_Q,48033185
Brazil,LAC,"SA, Brazil",MI-U,1984,Outanim_Q,25956248
Brazil,LAC,"SA, Brazil",MI-U,1984,Outfish_Q,26794.9808
Brazil,LAC,"SA, Brazil",MI-U,1984,Land_Q,68903.51502
Brazil,LAC,"SA, Brazil",MI-U,1984,Labor_Q,11246.48142
Brazil,LAC,"SA, Brazil",MI-U,1984,Capital_Q,72553.13693
Brazil,LAC,"SA, Brazil",MI-U,1984,Machinery_Q,26440
Brazil,LAC,"SA, Brazil",MI-U,1984,Livestock_Q,128658.9505
Brazil,LAC,"SA, Brazil",MI-U,1984,Fertilizer_Q,4642036.092
Brazil,LAC,"SA, Brazil",MI-U,1984,Feed_Q,81759309.12
Brazil,LAC,"SA, Brazil",MI-U,1984,Cropland_Q,61854
Brazil,LAC,"SA, Brazil",MI-U,1984,Pasture_Q,178250
Brazil,LAC,"SA, Brazil",MI-U,1984,IrrigArea_Q,1864.1
Brazil,LAC,"SA, Brazil",MI-U,1985,TFP_Index,43.62420197
Brazil,LAC,"SA, Brazil",MI-U,1985,Outall_Index,35.1526185
Brazil,LAC,"SA, Brazil",MI-U,1985,Input_Index,80.58054226
Brazil,LAC,"SA, Brazil",MI-U,1985,Land_Index,93.77898845
Brazil,LAC,"SA, Brazil",MI-U,1985,Labor_Index,135.4573427
Brazil,LAC,"SA, Brazil",MI-U,1985,Capital_Index,94.79708777
Brazil,LAC,"SA, Brazil",MI-U,1985,Materials_Index,30.63921046
Brazil,LAC,"SA, Brazil",MI-U,1985,Outall_Q,80563058.72
Brazil,LAC,"SA, Brazil",MI-U,1985,Outcrop_Q,53790169
Brazil,LAC,"SA, Brazil",MI-U,1985,Outanim_Q,26744968
Brazil,LAC,"SA, Brazil",MI-U,1985,Outfish_Q,27921.7188
Brazil,LAC,"SA, Brazil",MI-U,1985,Land_Q,69977.55459
Brazil,LAC,"SA, Brazil",MI-U,1985,Labor_Q,12598.31987
Brazil,LAC,"SA, Brazil",MI-U,1985,Capital_Q,74350.56548
Brazil,LAC,"SA, Brazil",MI-U,1985,Machinery_Q,27472.36
Brazil,LAC,"SA, Brazil",MI-U,1985,Livestock_Q,129642.1989
Brazil,LAC,"SA, Brazil",MI-U,1985,Fertilizer_Q,4411095.918
Brazil,LAC,"SA, Brazil",MI-U,1985,Feed_Q,86120581.08
Brazil,LAC,"SA, Brazil",MI-U,1985,Cropland_Q,62810.707
Brazil,LAC,"SA, Brazil",MI-U,1985,Pasture_Q,179188
Brazil,LAC,"SA, Brazil",MI-U,1985,IrrigArea_Q,1959.8
Brazil,LAC,"SA, Brazil",MI-U,1986,TFP_Index,43.46328924
Brazil,LAC,"SA, Brazil",MI-U,1986,Outall_Index,33.76625823
Brazil,LAC,"SA, Brazil",MI-U,1986,Input_Index,77.689146
Brazil,LAC,"SA, Brazil",MI-U,1986,Land_Index,92.37086804
Brazil,LAC,"SA, Brazil",MI-U,1986,Labor_Index,117.5898767
Brazil,LAC,"SA, Brazil",MI-U,1986,Capital_Index,97.06878331
Brazil,LAC,"SA, Brazil",MI-U,1986,Materials_Index,34.55655711
Brazil,LAC,"SA, Brazil",MI-U,1986,Outall_Q,77385786.9
Brazil,LAC,"SA, Brazil",MI-U,1986,Outcrop_Q,49429419
Brazil,LAC,"SA, Brazil",MI-U,1986,Outanim_Q,27927637
Brazil,LAC,"SA, Brazil",MI-U,1986,Outfish_Q,28730.90488
Brazil,LAC,"SA, Brazil",MI-U,1986,Land_Q,68926.82004
Brazil,LAC,"SA, Brazil",MI-U,1986,Labor_Q,10936.54173
Brazil,LAC,"SA, Brazil",MI-U,1986,Capital_Q,76132.28528
Brazil,LAC,"SA, Brazil",MI-U,1986,Machinery_Q,27992.12
Brazil,LAC,"SA, Brazil",MI-U,1986,Livestock_Q,133550.463
Brazil,LAC,"SA, Brazil",MI-U,1986,Fertilizer_Q,5172159.113
Brazil,LAC,"SA, Brazil",MI-U,1986,Feed_Q,91512116.98
Brazil,LAC,"SA, Brazil",MI-U,1986,Cropland_Q,61540
Brazil,LAC,"SA, Brazil",MI-U,1986,Pasture_Q,179039
Brazil,LAC,"SA, Brazil",MI-U,1986,IrrigArea_Q,2200
Brazil,LAC,"SA, Brazil",MI-U,1987,TFP_Index,47.7734984
Brazil,LAC,"SA, Brazil",MI-U,1987,Outall_Index,37.25520904
Brazil,LAC,"SA, Brazil",MI-U,1987,Input_Index,77.98300374
Brazil,LAC,"SA, Brazil",MI-U,1987,Land_Index,90.78682496
Brazil,LAC,"SA, Brazil",MI-U,1987,Labor_Index,116.3324358
Brazil,LAC,"SA, Brazil",MI-U,1987,Capital_Index,99.14201006
Brazil,LAC,"SA, Brazil",MI-U,1987,Materials_Index,35.80977886
Brazil,LAC,"SA, Brazil",MI-U,1987,Outall_Q,85381792.92
Brazil,LAC,"SA, Brazil",MI-U,1987,Outcrop_Q,55567901
Brazil,LAC,"SA, Brazil",MI-U,1987,Outanim_Q,29779619
Brazil,LAC,"SA, Brazil",MI-U,1987,Outfish_Q,34272.92061
Brazil,LAC,"SA, Brazil",MI-U,1987,Land_Q,67744.81261
Brazil,LAC,"SA, Brazil",MI-U,1987,Labor_Q,10819.59242
Brazil,LAC,"SA, Brazil",MI-U,1987,Capital_Q,77758.34348
Brazil,LAC,"SA, Brazil",MI-U,1987,Machinery_Q,28511.88
Brazil,LAC,"SA, Brazil",MI-U,1987,Livestock_Q,136858.4951
Brazil,LAC,"SA, Brazil",MI-U,1987,Fertilizer_Q,5140725.908
Brazil,LAC,"SA, Brazil",MI-U,1987,Feed_Q,101097982.2
Brazil,LAC,"SA, Brazil",MI-U,1987,Cropland_Q,60269
Brazil,LAC,"SA, Brazil",MI-U,1987,Pasture_Q,178890
Brazil,LAC,"SA, Brazil",MI-U,1987,IrrigArea_Q,2300
Brazil,LAC,"SA, Brazil",MI-U,1988,TFP_Index,49.1088193
Brazil,LAC,"SA, Brazil",MI-U,1988,Outall_Index,38.14264651
Brazil,LAC,"SA, Brazil",MI-U,1988,Input_Index,77.66964682
Brazil,LAC,"SA, Brazil",MI-U,1988,Land_Index,89.26538174
Brazil,LAC,"SA, Brazil",MI-U,1988,Labor_Index,116.718812
Brazil,LAC,"SA, Brazil",MI-U,1988,Capital_Index,101.235524
Brazil,LAC,"SA, Brazil",MI-U,1988,Materials_Index,34.56488745
Brazil,LAC,"SA, Brazil",MI-U,1988,Outall_Q,87415629.37
Brazil,LAC,"SA, Brazil",MI-U,1988,Outcrop_Q,55728485
Brazil,LAC,"SA, Brazil",MI-U,1988,Outanim_Q,31645380
Brazil,LAC,"SA, Brazil",MI-U,1988,Outfish_Q,41764.37044
Brazil,LAC,"SA, Brazil",MI-U,1988,Land_Q,66609.51699
Brazil,LAC,"SA, Brazil",MI-U,1988,Labor_Q,10855.52765
Brazil,LAC,"SA, Brazil",MI-U,1988,Capital_Q,79400.31319
Brazil,LAC,"SA, Brazil",MI-U,1988,Machinery_Q,29031.6
Brazil,LAC,"SA, Brazil",MI-U,1988,Livestock_Q,140231.7763
Brazil,LAC,"SA, Brazil",MI-U,1988,Fertilizer_Q,4986483.023
Brazil,LAC,"SA, Brazil",MI-U,1988,Feed_Q,96849842.85
Brazil,LAC,"SA, Brazil",MI-U,1988,Cropland_Q,58998
Brazil,LAC,"SA, Brazil",MI-U,1988,Pasture_Q,178742
Brazil,LAC,"SA, Brazil",MI-U,1988,IrrigArea_Q,2450
Brazil,LAC,"SA, Brazil",MI-U,1989,TFP_Index,51.3177685
Brazil,LAC,"SA, Brazil",MI-U,1989,Outall_Index,39.67925858
Brazil,LAC,"SA, Brazil",MI-U,1989,Input_Index,77.32070145
Brazil,LAC,"SA, Brazil",MI-U,1989,Land_Index,87.68133867
Brazil,LAC,"SA, Brazil",MI-U,1989,Labor_Index,115.9735285
Brazil,LAC,"SA, Brazil",MI-U,1989,Capital_Index,103.6825559
Brazil,LAC,"SA, Brazil",MI-U,1989,Materials_Index,33.94026223
Brazil,LAC,"SA, Brazil",MI-U,1989,Outall_Q,90937249.48
Brazil,LAC,"SA, Brazil",MI-U,1989,Outcrop_Q,58208463
Brazil,LAC,"SA, Brazil",MI-U,1989,Outanim_Q,32678139
Brazil,LAC,"SA, Brazil",MI-U,1989,Outfish_Q,50647.47801
Brazil,LAC,"SA, Brazil",MI-U,1989,Land_Q,65427.50956
Brazil,LAC,"SA, Brazil",MI-U,1989,Labor_Q,10786.21196
Brazil,LAC,"SA, Brazil",MI-U,1989,Capital_Q,81319.5515
Brazil,LAC,"SA, Brazil",MI-U,1989,Machinery_Q,29551.4
Brazil,LAC,"SA, Brazil",MI-U,1989,Livestock_Q,144700.0164
Brazil,LAC,"SA, Brazil",MI-U,1989,Fertilizer_Q,4661640.84
Brazil,LAC,"SA, Brazil",MI-U,1989,Feed_Q,102543069.5
Brazil,LAC,"SA, Brazil",MI-U,1989,Cropland_Q,57727
Brazil,LAC,"SA, Brazil",MI-U,1989,Pasture_Q,178593
Brazil,LAC,"SA, Brazil",MI-U,1989,IrrigArea_Q,2550
Brazil,LAC,"SA, Brazil",MI-U,1990,TFP_Index,49.29339683
Brazil,LAC,"SA, Brazil",MI-U,1990,Outall_Index,37.99703704
Brazil,LAC,"SA, Brazil",MI-U,1990,Input_Index,77.08342188
Brazil,LAC,"SA, Brazil",MI-U,1990,Land_Index,86.15989545
Brazil,LAC,"SA, Brazil",MI-U,1990,Labor_Index,117.4017314
Brazil,LAC,"SA, Brazil",MI-U,1990,Capital_Index,105.6233243
Brazil,LAC,"SA, Brazil",MI-U,1990,Materials_Index,32.35961247
Brazil,LAC,"SA, Brazil",MI-U,1990,Outall_Q,87081920.39
Brazil,LAC,"SA, Brazil",MI-U,1990,Outcrop_Q,53916958
Brazil,LAC,"SA, Brazil",MI-U,1990,Outanim_Q,33107541
Brazil,LAC,"SA, Brazil",MI-U,1990,Outfish_Q,57421.38911
Brazil,LAC,"SA, Brazil",MI-U,1990,Land_Q,64292.21393
Brazil,LAC,"SA, Brazil",MI-U,1990,Labor_Q,10919.04312
Brazil,LAC,"SA, Brazil",MI-U,1990,Capital_Q,82841.72091
Brazil,LAC,"SA, Brazil",MI-U,1990,Machinery_Q,30071.16
Brazil,LAC,"SA, Brazil",MI-U,1990,Livestock_Q,147608.1319
Brazil,LAC,"SA, Brazil",MI-U,1990,Fertilizer_Q,4534552.974
Brazil,LAC,"SA, Brazil",MI-U,1990,Feed_Q,94806395.2
Brazil,LAC,"SA, Brazil",MI-U,1990,Cropland_Q,56456
Brazil,LAC,"SA, Brazil",MI-U,1990,Pasture_Q,178444
Brazil,LAC,"SA, Brazil",MI-U,1990,IrrigArea_Q,2700
Brazil,LAC,"SA, Brazil",MI-U,1991,TFP_Index,50.36159276
Brazil,LAC,"SA, Brazil",MI-U,1991,Outall_Index,39.7962808
Brazil,LAC,"SA, Brazil",MI-U,1991,Input_Index,79.0210925
Brazil,LAC,"SA, Brazil",MI-U,1991,Land_Index,84.45065265
Brazil,LAC,"SA, Brazil",MI-U,1991,Labor_Index,120.2109202
Brazil,LAC,"SA, Brazil",MI-U,1991,Capital_Index,107.9538131
Brazil,LAC,"SA, Brazil",MI-U,1991,Materials_Index,34.13380546
Brazil,LAC,"SA, Brazil",MI-U,1991,Outall_Q,91205441.96
Brazil,LAC,"SA, Brazil",MI-U,1991,Outcrop_Q,54972719
Brazil,LAC,"SA, Brazil",MI-U,1991,Outanim_Q,36165962
Brazil,LAC,"SA, Brazil",MI-U,1991,Outfish_Q,66760.96276
Brazil,LAC,"SA, Brazil",MI-U,1991,Land_Q,63016.7829
Brazil,LAC,"SA, Brazil",MI-U,1991,Labor_Q,11180.314
Brazil,LAC,"SA, Brazil",MI-U,1991,Capital_Q,84669.55306
Brazil,LAC,"SA, Brazil",MI-U,1991,Machinery_Q,30590.88
Brazil,LAC,"SA, Brazil",MI-U,1991,Livestock_Q,152671.3253
Brazil,LAC,"SA, Brazil",MI-U,1991,Fertilizer_Q,4768684.279
Brazil,LAC,"SA, Brazil",MI-U,1991,Feed_Q,100311713.2
Brazil,LAC,"SA, Brazil",MI-U,1991,Cropland_Q,55185
Brazil,LAC,"SA, Brazil",MI-U,1991,Pasture_Q,178295
Brazil,LAC,"SA, Brazil",MI-U,1991,IrrigArea_Q,2700
Brazil,LAC,"SA, Brazil",MI-U,1992,TFP_Index,50.79314592
Brazil,LAC,"SA, Brazil",MI-U,1992,Outall_Index,42.01187444
Brazil,LAC,"SA, Brazil",MI-U,1992,Input_Index,82.71169993
Brazil,LAC,"SA, Brazil",MI-U,1992,Land_Index,82.84695321
Brazil,LAC,"SA, Brazil",MI-U,1992,Labor_Index,126.3432897
Brazil,LAC,"SA, Brazil",MI-U,1992,Capital_Index,109.7411555
Brazil,LAC,"SA, Brazil",MI-U,1992,Materials_Index,37.85827367
Brazil,LAC,"SA, Brazil",MI-U,1992,Outall_Q,96283157.59
Brazil,LAC,"SA, Brazil",MI-U,1992,Outcrop_Q,58197177
Brazil,LAC,"SA, Brazil",MI-U,1992,Outanim_Q,38003248
Brazil,LAC,"SA, Brazil",MI-U,1992,Outfish_Q,82732.59379
Brazil,LAC,"SA, Brazil",MI-U,1992,Land_Q,61820.10797
Brazil,LAC,"SA, Brazil",MI-U,1992,Labor_Q,11750.66
Brazil,LAC,"SA, Brazil",MI-U,1992,Capital_Q,86071.38849
Brazil,LAC,"SA, Brazil",MI-U,1992,Machinery_Q,31110.64
Brazil,LAC,"SA, Brazil",MI-U,1992,Livestock_Q,155030.9186
Brazil,LAC,"SA, Brazil",MI-U,1992,Fertilizer_Q,4948433.663
Brazil,LAC,"SA, Brazil",MI-U,1992,Feed_Q,119006484.6
Brazil,LAC,"SA, Brazil",MI-U,1992,Cropland_Q,53914
Brazil,LAC,"SA, Brazil",MI-U,1992,Pasture_Q,178146
Brazil,LAC,"SA, Brazil",MI-U,1992,IrrigArea_Q,2784.3
Brazil,LAC,"SA, Brazil",MI-U,1993,TFP_Index,49.67193548
Brazil,LAC,"SA, Brazil",MI-U,1993,Outall_Index,42.16101555
Brazil,LAC,"SA, Brazil",MI-U,1993,Input_Index,84.87894652
Brazil,LAC,"SA, Brazil",MI-U,1993,Land_Index,81.24325378
Brazil,LAC,"SA, Brazil",MI-U,1993,Labor_Index,127.5931686
Brazil,LAC,"SA, Brazil",MI-U,1993,Capital_Index,111.118684
Brazil,LAC,"SA, Brazil",MI-U,1993,Materials_Index,41.57709666
Brazil,LAC,"SA, Brazil",MI-U,1993,Outall_Q,96624960.43
Brazil,LAC,"SA, Brazil",MI-U,1993,Outcrop_Q,57246287
Brazil,LAC,"SA, Brazil",MI-U,1993,Outanim_Q,39294320
Brazil,LAC,"SA, Brazil",MI-U,1993,Outfish_Q,84353.427
Brazil,LAC,"SA, Brazil",MI-U,1993,Land_Q,60623.43304
Brazil,LAC,"SA, Brazil",MI-U,1993,Labor_Q,11866.906
Brazil,LAC,"SA, Brazil",MI-U,1993,Capital_Q,87151.80167
Brazil,LAC,"SA, Brazil",MI-U,1993,Machinery_Q,31630.4
Brazil,LAC,"SA, Brazil",MI-U,1993,Livestock_Q,155353.9212
Brazil,LAC,"SA, Brazil",MI-U,1993,Fertilizer_Q,5847035.463
Brazil,LAC,"SA, Brazil",MI-U,1993,Feed_Q,121372433.8
Brazil,LAC,"SA, Brazil",MI-U,1993,Cropland_Q,52643
Brazil,LAC,"SA, Brazil",MI-U,1993,Pasture_Q,177998
Brazil,LAC,"SA, Brazil",MI-U,1993,IrrigArea_Q,2868.6
Brazil,LAC,"SA, Brazil",MI-U,1994,TFP_Index,52.55617708
Brazil,LAC,"SA, Brazil",MI-U,1994,Outall_Index,45.23569811
Brazil,LAC,"SA, Brazil",MI-U,1994,Input_Index,86.07113496
Brazil,LAC,"SA, Brazil",MI-U,1994,Land_Index,79.63967955
Brazil,LAC,"SA, Brazil",MI-U,1994,Labor_Index,124.7593242
Brazil,LAC,"SA, Brazil",MI-U,1994,Capital_Index,113.0679057
Brazil,LAC,"SA, Brazil",MI-U,1994,Materials_Index,45.72646783
Brazil,LAC,"SA, Brazil",MI-U,1994,Outall_Q,103671543.1
Brazil,LAC,"SA, Brazil",MI-U,1994,Outcrop_Q,61999352
Brazil,LAC,"SA, Brazil",MI-U,1994,Outanim_Q,41586543
Brazil,LAC,"SA, Brazil",MI-U,1994,Outfish_Q,85648.05562
Brazil,LAC,"SA, Brazil",MI-U,1994,Land_Q,59426.85153
Brazil,LAC,"SA, Brazil",MI-U,1994,Labor_Q,11603.342
Brazil,LAC,"SA, Brazil",MI-U,1994,Capital_Q,88680.60111
Brazil,LAC,"SA, Brazil",MI-U,1994,Machinery_Q,32150.16
Brazil,LAC,"SA, Brazil",MI-U,1994,Livestock_Q,158517.482
Brazil,LAC,"SA, Brazil",MI-U,1994,Fertilizer_Q,6438447.995
Brazil,LAC,"SA, Brazil",MI-U,1994,Feed_Q,133320031
Brazil,LAC,"SA, Brazil",MI-U,1994,Cropland_Q,51372
Brazil,LAC,"SA, Brazil",MI-U,1994,Pasture_Q,177849
Brazil,LAC,"SA, Brazil",MI-U,1994,IrrigArea_Q,2953
Brazil,LAC,"SA, Brazil",MI-U,1995,TFP_Index,55.47860745
Brazil,LAC,"SA, Brazil",MI-U,1995,Outall_Index,47.7415789
Brazil,LAC,"SA, Brazil",MI-U,1995,Input_Index,86.05403253
Brazil,LAC,"SA, Brazil",MI-U,1995,Land_Index,78.04134063
Brazil,LAC,"SA, Brazil",MI-U,1995,Labor_Index,126.3500635
Brazil,LAC,"SA, Brazil",MI-U,1995,Capital_Index,115.0391526
Brazil,LAC,"SA, Brazil",MI-U,1995,Materials_Index,44.23968421
Brazil,LAC,"SA, Brazil",MI-U,1995,Outall_Q,109414541.2
Brazil,LAC,"SA, Brazil",MI-U,1995,Outcrop_Q,63494426
Brazil,LAC,"SA, Brazil",MI-U,1995,Outanim_Q,45803737
Brazil,LAC,"SA, Brazil",MI-U,1995,Outfish_Q,116378.1678
Brazil,LAC,"SA, Brazil",MI-U,1995,Land_Q,58234.17659
Brazil,LAC,"SA, Brazil",MI-U,1995,Labor_Q,11751.29
Brazil,LAC,"SA, Brazil",MI-U,1995,Capital_Q,90226.67522
Brazil,LAC,"SA, Brazil",MI-U,1995,Machinery_Q,32669.92
Brazil,LAC,"SA, Brazil",MI-U,1995,Livestock_Q,161792.2611
Brazil,LAC,"SA, Brazil",MI-U,1995,Fertilizer_Q,5664047.285
Brazil,LAC,"SA, Brazil",MI-U,1995,Feed_Q,142009841.4
Brazil,LAC,"SA, Brazil",MI-U,1995,Cropland_Q,50105
Brazil,LAC,"SA, Brazil",MI-U,1995,Pasture_Q,177700
Brazil,LAC,"SA, Brazil",MI-U,1995,IrrigArea_Q,3037.3
Brazil,LAC,"SA, Brazil",MI-U,1996,TFP_Index,56.62770491
Brazil,LAC,"SA, Brazil",MI-U,1996,Outall_Index,47.53114898
Brazil,LAC,"SA, Brazil",MI-U,1996,Input_Index,83.9362094
Brazil,LAC,"SA, Brazil",MI-U,1996,Land_Index,79.39013451
Brazil,LAC,"SA, Brazil",MI-U,1996,Labor_Index,117.0074429
Brazil,LAC,"SA, Brazil",MI-U,1996,Capital_Index,113.2476381
Brazil,LAC,"SA, Brazil",MI-U,1996,Materials_Index,46.02786866
Brazil,LAC,"SA, Brazil",MI-U,1996,Outall_Q,108932276.1
Brazil,LAC,"SA, Brazil",MI-U,1996,Outcrop_Q,59805441
Brazil,LAC,"SA, Brazil",MI-U,1996,Outanim_Q,48932292
Brazil,LAC,"SA, Brazil",MI-U,1996,Outfish_Q,194543.1408
Brazil,LAC,"SA, Brazil",MI-U,1996,Land_Q,59240.64189
Brazil,LAC,"SA, Brazil",MI-U,1996,Labor_Q,10882.372
Brazil,LAC,"SA, Brazil",MI-U,1996,Capital_Q,88821.5675
Brazil,LAC,"SA, Brazil",MI-U,1996,Machinery_Q,33189.68
Brazil,LAC,"SA, Brazil",MI-U,1996,Livestock_Q,154355.4119
Brazil,LAC,"SA, Brazil",MI-U,1996,Fertilizer_Q,6231308.368
Brazil,LAC,"SA, Brazil",MI-U,1996,Feed_Q,139637477.7
Brazil,LAC,"SA, Brazil",MI-U,1996,Cropland_Q,51058
Brazil,LAC,"SA, Brazil",MI-U,1996,Pasture_Q,176851
Brazil,LAC,"SA, Brazil",MI-U,1996,IrrigArea_Q,3121.6
Brazil,LAC,"SA, Brazil",MI-U,1997,TFP_Index,57.87338781
Brazil,LAC,"SA, Brazil",MI-U,1997,Outall_Index,49.43862213
Brazil,LAC,"SA, Brazil",MI-U,1997,Input_Index,85.42548484
Brazil,LAC,"SA, Brazil",MI-U,1997,Land_Index,80.81165691
Brazil,LAC,"SA, Brazil",MI-U,1997,Labor_Index,119.0241448
Brazil,LAC,"SA, Brazil",MI-U,1997,Capital_Index,111.8731389
Brazil,LAC,"SA, Brazil",MI-U,1997,Materials_Index,48.45092272
Brazil,LAC,"SA, Brazil",MI-U,1997,Outall_Q,113303838.7
Brazil,LAC,"SA, Brazil",MI-U,1997,Outcrop_Q,63995498
Brazil,LAC,"SA, Brazil",MI-U,1997,Outanim_Q,49090505
Brazil,LAC,"SA, Brazil",MI-U,1997,Outfish_Q,217835.717
Brazil,LAC,"SA, Brazil",MI-U,1997,Land_Q,60301.37696
Brazil,LAC,"SA, Brazil",MI-U,1997,Labor_Q,11069.937
Brazil,LAC,"SA, Brazil",MI-U,1997,Capital_Q,87743.53026
Brazil,LAC,"SA, Brazil",MI-U,1997,Machinery_Q,33146.92
Brazil,LAC,"SA, Brazil",MI-U,1997,Livestock_Q,157547.0147
Brazil,LAC,"SA, Brazil",MI-U,1997,Fertilizer_Q,7095053.423
Brazil,LAC,"SA, Brazil",MI-U,1997,Feed_Q,135766204.3
Brazil,LAC,"SA, Brazil",MI-U,1997,Cropland_Q,52011
Brazil,LAC,"SA, Brazil",MI-U,1997,Pasture_Q,176001
Brazil,LAC,"SA, Brazil",MI-U,1997,IrrigArea_Q,3263.99
Brazil,LAC,"SA, Brazil",MI-U,1998,TFP_Index,59.47405134
Brazil,LAC,"SA, Brazil",MI-U,1998,Outall_Index,50.34244255
Brazil,LAC,"SA, Brazil",MI-U,1998,Input_Index,84.6460623
Brazil,LAC,"SA, Brazil",MI-U,1998,Land_Index,82.23317932
Brazil,LAC,"SA, Brazil",MI-U,1998,Labor_Index,115.5854564
Brazil,LAC,"SA, Brazil",MI-U,1998,Capital_Index,110.6878905
Brazil,LAC,"SA, Brazil",MI-U,1998,Materials_Index,49.24234222
Brazil,LAC,"SA, Brazil",MI-U,1998,Outall_Q,115375221.8
Brazil,LAC,"SA, Brazil",MI-U,1998,Outcrop_Q,65176279
Brazil,LAC,"SA, Brazil",MI-U,1998,Outanim_Q,49928876
Brazil,LAC,"SA, Brazil",MI-U,1998,Outfish_Q,270066.7566
Brazil,LAC,"SA, Brazil",MI-U,1998,Land_Q,61362.11202
Brazil,LAC,"SA, Brazil",MI-U,1998,Labor_Q,10750.119
Brazil,LAC,"SA, Brazil",MI-U,1998,Capital_Q,86813.92481
Brazil,LAC,"SA, Brazil",MI-U,1998,Machinery_Q,33104.16
Brazil,LAC,"SA, Brazil",MI-U,1998,Livestock_Q,159161.108
Brazil,LAC,"SA, Brazil",MI-U,1998,Fertilizer_Q,7121677.992
Brazil,LAC,"SA, Brazil",MI-U,1998,Feed_Q,139733709.8
Brazil,LAC,"SA, Brazil",MI-U,1998,Cropland_Q,52964
Brazil,LAC,"SA, Brazil",MI-U,1998,Pasture_Q,175152
Brazil,LAC,"SA, Brazil",MI-U,1998,IrrigArea_Q,3406.38
Brazil,LAC,"SA, Brazil",MI-U,1999,TFP_Index,62.30760997
Brazil,LAC,"SA, Brazil",MI-U,1999,Outall_Index,54.09644895
Brazil,LAC,"SA, Brazil",MI-U,1999,Input_Index,86.82157601
Brazil,LAC,"SA, Brazil",MI-U,1999,Land_Index,83.65470172
Brazil,LAC,"SA, Brazil",MI-U,1999,Labor_Index,121.7342228
Brazil,LAC,"SA, Brazil",MI-U,1999,Capital_Index,109.0947153
Brazil,LAC,"SA, Brazil",MI-U,1999,Materials_Index,50.46384127
Brazil,LAC,"SA, Brazil",MI-U,1999,Outall_Q,123978684.3
Brazil,LAC,"SA, Brazil",MI-U,1999,Outcrop_Q,69382432
Brazil,LAC,"SA, Brazil",MI-U,1999,Outanim_Q,54200452
Brazil,LAC,"SA, Brazil",MI-U,1999,Outfish_Q,395800.3415
Brazil,LAC,"SA, Brazil",MI-U,1999,Land_Q,62422.84709
Brazil,LAC,"SA, Brazil",MI-U,1999,Labor_Q,11321.99
Brazil,LAC,"SA, Brazil",MI-U,1999,Capital_Q,85564.3772
Brazil,LAC,"SA, Brazil",MI-U,1999,Machinery_Q,33041.4
Brazil,LAC,"SA, Brazil",MI-U,1999,Livestock_Q,161040.5165
Brazil,LAC,"SA, Brazil",MI-U,1999,Fertilizer_Q,7166163.77
Brazil,LAC,"SA, Brazil",MI-U,1999,Feed_Q,145872104.8
Brazil,LAC,"SA, Brazil",MI-U,1999,Cropland_Q,53917
Brazil,LAC,"SA, Brazil",MI-U,1999,Pasture_Q,174303
Brazil,LAC,"SA, Brazil",MI-U,1999,IrrigArea_Q,3548.77
Brazil,LAC,"SA, Brazil",MI-U,2000,TFP_Index,62.77826089
Brazil,LAC,"SA, Brazil",MI-U,2000,Outall_Index,55.83880544
Brazil,LAC,"SA, Brazil",MI-U,2000,Input_Index,88.94608523
Brazil,LAC,"SA, Brazil",MI-U,2000,Land_Index,85.07622412
Brazil,LAC,"SA, Brazil",MI-U,2000,Labor_Index,124.119805
Brazil,LAC,"SA, Brazil",MI-U,2000,Capital_Index,107.5989286
Brazil,LAC,"SA, Brazil",MI-U,2000,Materials_Index,54.59514664
Brazil,LAC,"SA, Brazil",MI-U,2000,Outall_Q,127971831.2
Brazil,LAC,"SA, Brazil",MI-U,2000,Outcrop_Q,70843797
Brazil,LAC,"SA, Brazil",MI-U,2000,Outanim_Q,56613740
Brazil,LAC,"SA, Brazil",MI-U,2000,Outfish_Q,514294.1925
Brazil,LAC,"SA, Brazil",MI-U,2000,Land_Q,63483.58215
Brazil,LAC,"SA, Brazil",MI-U,2000,Labor_Q,11543.863
Brazil,LAC,"SA, Brazil",MI-U,2000,Capital_Q,84391.21261
Brazil,LAC,"SA, Brazil",MI-U,2000,Machinery_Q,32978.64
Brazil,LAC,"SA, Brazil",MI-U,2000,Livestock_Q,166045.3973
Brazil,LAC,"SA, Brazil",MI-U,2000,Fertilizer_Q,7904234.854
Brazil,LAC,"SA, Brazil",MI-U,2000,Feed_Q,154756530.5
Brazil,LAC,"SA, Brazil",MI-U,2000,Cropland_Q,54870
Brazil,LAC,"SA, Brazil",MI-U,2000,Pasture_Q,173454
Brazil,LAC,"SA, Brazil",MI-U,2000,IrrigArea_Q,3691.16
Brazil,LAC,"SA, Brazil",MI-U,2001,TFP_Index,64.68937381
Brazil,LAC,"SA, Brazil",MI-U,2001,Outall_Index,58.66624019
Brazil,LAC,"SA, Brazil",MI-U,2001,Input_Index,90.68914527
Brazil,LAC,"SA, Brazil",MI-U,2001,Land_Index,86.49774652
Brazil,LAC,"SA, Brazil",MI-U,2001,Labor_Index,127.1400894
Brazil,LAC,"SA, Brazil",MI-U,2001,Capital_Index,106.379711
Brazil,LAC,"SA, Brazil",MI-U,2001,Materials_Index,56.52947712
Brazil,LAC,"SA, Brazil",MI-U,2001,Outall_Q,134451769.3
Brazil,LAC,"SA, Brazil",MI-U,2001,Outcrop_Q,75122257
Brazil,LAC,"SA, Brazil",MI-U,2001,Outanim_Q,58666980
Brazil,LAC,"SA, Brazil",MI-U,2001,Outfish_Q,662532.293
Brazil,LAC,"SA, Brazil",MI-U,2001,Land_Q,64544.31722
Brazil,LAC,"SA, Brazil",MI-U,2001,Labor_Q,11824.767
Brazil,LAC,"SA, Brazil",MI-U,2001,Capital_Q,83434.96467
Brazil,LAC,"SA, Brazil",MI-U,2001,Machinery_Q,32915.92
Brazil,LAC,"SA, Brazil",MI-U,2001,Livestock_Q,171934.064
Brazil,LAC,"SA, Brazil",MI-U,2001,Fertilizer_Q,8213070.318
Brazil,LAC,"SA, Brazil",MI-U,2001,Feed_Q,158363334.8
Brazil,LAC,"SA, Brazil",MI-U,2001,Cropland_Q,55823
Brazil,LAC,"SA, Brazil",MI-U,2001,Pasture_Q,172604
Brazil,LAC,"SA, Brazil",MI-U,2001,IrrigArea_Q,3833.55
Brazil,LAC,"SA, Brazil",MI-U,2002,TFP_Index,66.42535168
Brazil,LAC,"SA, Brazil",MI-U,2002,Outall_Index,62.549798
Brazil,LAC,"SA, Brazil",MI-U,2002,Input_Index,94.16555037
Brazil,LAC,"SA, Brazil",MI-U,2002,Land_Index,87.91926892
Brazil,LAC,"SA, Brazil",MI-U,2002,Labor_Index,132.3094331
Brazil,LAC,"SA, Brazil",MI-U,2002,Capital_Index,105.4334936
Brazil,LAC,"SA, Brazil",MI-U,2002,Materials_Index,60.66191344
Brazil,LAC,"SA, Brazil",MI-U,2002,Outall_Q,143352138.9
Brazil,LAC,"SA, Brazil",MI-U,2002,Outcrop_Q,80038830
Brazil,LAC,"SA, Brazil",MI-U,2002,Outanim_Q,62453512
Brazil,LAC,"SA, Brazil",MI-U,2002,Outfish_Q,859796.8647
Brazil,LAC,"SA, Brazil",MI-U,2002,Land_Q,65605.05229
Brazil,LAC,"SA, Brazil",MI-U,2002,Labor_Q,12305.546
Brazil,LAC,"SA, Brazil",MI-U,2002,Capital_Q,82692.83429
Brazil,LAC,"SA, Brazil",MI-U,2002,Machinery_Q,32853.16
Brazil,LAC,"SA, Brazil",MI-U,2002,Livestock_Q,179045.6801
Brazil,LAC,"SA, Brazil",MI-U,2002,Fertilizer_Q,9083924.685
Brazil,LAC,"SA, Brazil",MI-U,2002,Feed_Q,153552934.3
Brazil,LAC,"SA, Brazil",MI-U,2002,Cropland_Q,56776
Brazil,LAC,"SA, Brazil",MI-U,2002,Pasture_Q,171755
Brazil,LAC,"SA, Brazil",MI-U,2002,IrrigArea_Q,3975.94
Brazil,LAC,"SA, Brazil",MI-U,2003,TFP_Index,67.98824774
Brazil,LAC,"SA, Brazil",MI-U,2003,Outall_Index,66.88170529
Brazil,LAC,"SA, Brazil",MI-U,2003,Input_Index,98.3724504
Brazil,LAC,"SA, Brazil",MI-U,2003,Land_Index,89.34079132
Brazil,LAC,"SA, Brazil",MI-U,2003,Labor_Index,135.1162255
Brazil,LAC,"SA, Brazil",MI-U,2003,Capital_Index,105.0169091
Brazil,LAC,"SA, Brazil",MI-U,2003,Materials_Index,67.5205209
Brazil,LAC,"SA, Brazil",MI-U,2003,Outall_Q,153280039.4
Brazil,LAC,"SA, Brazil",MI-U,2003,Outcrop_Q,87113128
Brazil,LAC,"SA, Brazil",MI-U,2003,Outanim_Q,65099865
Brazil,LAC,"SA, Brazil",MI-U,2003,Outfish_Q,1067046.427
Brazil,LAC,"SA, Brazil",MI-U,2003,Land_Q,66665.78735
Brazil,LAC,"SA, Brazil",MI-U,2003,Labor_Q,12566.594
Brazil,LAC,"SA, Brazil",MI-U,2003,Capital_Q,82366.10173
Brazil,LAC,"SA, Brazil",MI-U,2003,Machinery_Q,32790.4
Brazil,LAC,"SA, Brazil",MI-U,2003,Livestock_Q,187853.4147
Brazil,LAC,"SA, Brazil",MI-U,2003,Fertilizer_Q,10332108.83
Brazil,LAC,"SA, Brazil",MI-U,2003,Feed_Q,158948738.2
Brazil,LAC,"SA, Brazil",MI-U,2003,Cropland_Q,57729
Brazil,LAC,"SA, Brazil",MI-U,2003,Pasture_Q,170906
Brazil,LAC,"SA, Brazil",MI-U,2003,IrrigArea_Q,4118.33
Brazil,LAC,"SA, Brazil",MI-U,2004,TFP_Index,66.20956511
Brazil,LAC,"SA, Brazil",MI-U,2004,Outall_Index,70.44982333
Brazil,LAC,"SA, Brazil",MI-U,2004,Input_Index,106.4042986
Brazil,LAC,"SA, Brazil",MI-U,2004,Land_Index,90.76231373
Brazil,LAC,"SA, Brazil",MI-U,2004,Labor_Index,144.5174877
Brazil,LAC,"SA, Brazil",MI-U,2004,Capital_Index,104.4853596
Brazil,LAC,"SA, Brazil",MI-U,2004,Materials_Index,79.3095099
Brazil,LAC,"SA, Brazil",MI-U,2004,Outall_Q,161457481.6
Brazil,LAC,"SA, Brazil",MI-U,2004,Outcrop_Q,90504319
Brazil,LAC,"SA, Brazil",MI-U,2004,Outanim_Q,69967508
Brazil,LAC,"SA, Brazil",MI-U,2004,Outfish_Q,985654.5633
Brazil,LAC,"SA, Brazil",MI-U,2004,Land_Q,67726.52242
Brazil,LAC,"SA, Brazil",MI-U,2004,Labor_Q,13440.966
Brazil,LAC,"SA, Brazil",MI-U,2004,Capital_Q,81949.20071
Brazil,LAC,"SA, Brazil",MI-U,2004,Machinery_Q,32811.83778
Brazil,LAC,"SA, Brazil",MI-U,2004,Livestock_Q,195619.0972
Brazil,LAC,"SA, Brazil",MI-U,2004,Fertilizer_Q,12449013.08
Brazil,LAC,"SA, Brazil",MI-U,2004,Feed_Q,171417268.1
Brazil,LAC,"SA, Brazil",MI-U,2004,Cropland_Q,58682
Brazil,LAC,"SA, Brazil",MI-U,2004,Pasture_Q,170056
Brazil,LAC,"SA, Brazil",MI-U,2004,IrrigArea_Q,4260.72
Brazil,LAC,"SA, Brazil",MI-U,2005,TFP_Index,70.51154385
Brazil,LAC,"SA, Brazil",MI-U,2005,Outall_Index,70.76572411
Brazil,LAC,"SA, Brazil",MI-U,2005,Input_Index,100.3604803
Brazil,LAC,"SA, Brazil",MI-U,2005,Land_Index,92.18383613
Brazil,LAC,"SA, Brazil",MI-U,2005,Labor_Index,143.3498402
Brazil,LAC,"SA, Brazil",MI-U,2005,Capital_Index,103.118189
Brazil,LAC,"SA, Brazil",MI-U,2005,Materials_Index,67.36832478
Brazil,LAC,"SA, Brazil",MI-U,2005,Outall_Q,162181465.5
Brazil,LAC,"SA, Brazil",MI-U,2005,Outcrop_Q,89240201
Brazil,LAC,"SA, Brazil",MI-U,2005,Outanim_Q,72046834
Brazil,LAC,"SA, Brazil",MI-U,2005,Outfish_Q,894430.542
Brazil,LAC,"SA, Brazil",MI-U,2005,Land_Q,68787.25748
Brazil,LAC,"SA, Brazil",MI-U,2005,Labor_Q,13332.368
Brazil,LAC,"SA, Brazil",MI-U,2005,Capital_Q,80876.91132
Brazil,LAC,"SA, Brazil",MI-U,2005,Machinery_Q,32744.07111
Brazil,LAC,"SA, Brazil",MI-U,2005,Livestock_Q,198743.4845
Brazil,LAC,"SA, Brazil",MI-U,2005,Fertilizer_Q,9946233.324
Brazil,LAC,"SA, Brazil",MI-U,2005,Feed_Q,178831832.5
Brazil,LAC,"SA, Brazil",MI-U,2005,Cropland_Q,59635
Brazil,LAC,"SA, Brazil",MI-U,2005,Pasture_Q,169207
Brazil,LAC,"SA, Brazil",MI-U,2005,IrrigArea_Q,4403.11
Brazil,LAC,"SA, Brazil",MI-U,2006,TFP_Index,73.77505792
Brazil,LAC,"SA, Brazil",MI-U,2006,Outall_Index,74.1627047
Brazil,LAC,"SA, Brazil",MI-U,2006,Input_Index,100.5254442
Brazil,LAC,"SA, Brazil",MI-U,2006,Land_Index,93.61207115
Brazil,LAC,"SA, Brazil",MI-U,2006,Labor_Index,137.5810608
Brazil,LAC,"SA, Brazil",MI-U,2006,Capital_Index,101.6956989
Brazil,LAC,"SA, Brazil",MI-U,2006,Materials_Index,71.28134499
Brazil,LAC,"SA, Brazil",MI-U,2006,Outall_Q,169966693.5
Brazil,LAC,"SA, Brazil",MI-U,2006,Outcrop_Q,94007585
Brazil,LAC,"SA, Brazil",MI-U,2006,Outanim_Q,75022975
Brazil,LAC,"SA, Brazil",MI-U,2006,Outfish_Q,936133.4593
Brazil,LAC,"SA, Brazil",MI-U,2006,Land_Q,69853.00148
Brazil,LAC,"SA, Brazil",MI-U,2006,Labor_Q,12795.838
Brazil,LAC,"SA, Brazil",MI-U,2006,Capital_Q,79761.23418
Brazil,LAC,"SA, Brazil",MI-U,2006,Machinery_Q,32673.89111
Brazil,LAC,"SA, Brazil",MI-U,2006,Livestock_Q,198135.4823
Brazil,LAC,"SA, Brazil",MI-U,2006,Fertilizer_Q,10580530.69
Brazil,LAC,"SA, Brazil",MI-U,2006,Feed_Q,185845817.7
Brazil,LAC,"SA, Brazil",MI-U,2006,Cropland_Q,60593
Brazil,LAC,"SA, Brazil",MI-U,2006,Pasture_Q,168358
Brazil,LAC,"SA, Brazil",MI-U,2006,IrrigArea_Q,4545.5
Brazil,LAC,"SA, Brazil",MI-U,2007,TFP_Index,75.57190019
Brazil,LAC,"SA, Brazil",MI-U,2007,Outall_Index,79.18428845
Brazil,LAC,"SA, Brazil",MI-U,2007,Input_Index,104.7800681
Brazil,LAC,"SA, Brazil",MI-U,2007,Land_Index,94.30620497
Brazil,LAC,"SA, Brazil",MI-U,2007,Labor_Index,131.2644232
Brazil,LAC,"SA, Brazil",MI-U,2007,Capital_Index,100.808116
Brazil,LAC,"SA, Brazil",MI-U,2007,Materials_Index,85.53634886
Brazil,LAC,"SA, Brazil",MI-U,2007,Outall_Q,181475200.2
Brazil,LAC,"SA, Brazil",MI-U,2007,Outcrop_Q,102117473
Brazil,LAC,"SA, Brazil",MI-U,2007,Outanim_Q,78384754
Brazil,LAC,"SA, Brazil",MI-U,2007,Outfish_Q,972973.1938
Brazil,LAC,"SA, Brazil",MI-U,2007,Land_Q,70370.96172
Brazil,LAC,"SA, Brazil",MI-U,2007,Labor_Q,12208.354
Brazil,LAC,"SA, Brazil",MI-U,2007,Capital_Q,79065.0916
Brazil,LAC,"SA, Brazil",MI-U,2007,Machinery_Q,33396.11111
Brazil,LAC,"SA, Brazil",MI-U,2007,Livestock_Q,194324.6055
Brazil,LAC,"SA, Brazil",MI-U,2007,Fertilizer_Q,13145395.58
Brazil,LAC,"SA, Brazil",MI-U,2007,Feed_Q,198472055.6
Brazil,LAC,"SA, Brazil",MI-U,2007,Cropland_Q,60859
Brazil,LAC,"SA, Brazil",MI-U,2007,Pasture_Q,168813
Brazil,LAC,"SA, Brazil",MI-U,2007,IrrigArea_Q,4800.7
Brazil,LAC,"SA, Brazil",MI-U,2008,TFP_Index,81.36236418
Brazil,LAC,"SA, Brazil",MI-U,2008,Outall_Index,84.11808374
Brazil,LAC,"SA, Brazil",MI-U,2008,Input_Index,103.3869708
Brazil,LAC,"SA, Brazil",MI-U,2008,Land_Index,94.89623522
Brazil,LAC,"SA, Brazil",MI-U,2008,Labor_Index,126.7472322
Brazil,LAC,"SA, Brazil",MI-U,2008,Capital_Index,100.2654253
Brazil,LAC,"SA, Brazil",MI-U,2008,Materials_Index,85.61728136
Brazil,LAC,"SA, Brazil",MI-U,2008,Outall_Q,192782512.6
Brazil,LAC,"SA, Brazil",MI-U,2008,Outcrop_Q,110843498
Brazil,LAC,"SA, Brazil",MI-U,2008,Outanim_Q,80842463
Brazil,LAC,"SA, Brazil",MI-U,2008,Outfish_Q,1096551.604
Brazil,LAC,"SA, Brazil",MI-U,2008,Land_Q,70811.24024
Brazil,LAC,"SA, Brazil",MI-U,2008,Labor_Q,11788.229
Brazil,LAC,"SA, Brazil",MI-U,2008,Capital_Q,78639.45235
Brazil,LAC,"SA, Brazil",MI-U,2008,Machinery_Q,34340.75111
Brazil,LAC,"SA, Brazil",MI-U,2008,Livestock_Q,197311.7724
Brazil,LAC,"SA, Brazil",MI-U,2008,Fertilizer_Q,12412044.97
Brazil,LAC,"SA, Brazil",MI-U,2008,Feed_Q,241614874
Brazil,LAC,"SA, Brazil",MI-U,2008,Cropland_Q,61125
Brazil,LAC,"SA, Brazil",MI-U,2008,Pasture_Q,169268
Brazil,LAC,"SA, Brazil",MI-U,2008,IrrigArea_Q,4972.75
Brazil,LAC,"SA, Brazil",MI-U,2009,TFP_Index,87.79543645
Brazil,LAC,"SA, Brazil",MI-U,2009,Outall_Index,82.74532552
Brazil,LAC,"SA, Brazil",MI-U,2009,Input_Index,94.24786625
Brazil,LAC,"SA, Brazil",MI-U,2009,Land_Index,95.53831725
Brazil,LAC,"SA, Brazil",MI-U,2009,Labor_Index,123.667715
Brazil,LAC,"SA, Brazil",MI-U,2009,Capital_Index,99.86565334
Brazil,LAC,"SA, Brazil",MI-U,2009,Materials_Index,66.583867
Brazil,LAC,"SA, Brazil",MI-U,2009,Outall_Q,189636414.1
Brazil,LAC,"SA, Brazil",MI-U,2009,Outcrop_Q,107906648
Brazil,LAC,"SA, Brazil",MI-U,2009,Outanim_Q,80582445
Brazil,LAC,"SA, Brazil",MI-U,2009,Outfish_Q,1147321.076
Brazil,LAC,"SA, Brazil",MI-U,2009,Land_Q,71290.35961
Brazil,LAC,"SA, Brazil",MI-U,2009,Labor_Q,11501.816
Brazil,LAC,"SA, Brazil",MI-U,2009,Capital_Q,78325.90613
Brazil,LAC,"SA, Brazil",MI-U,2009,Machinery_Q,34631.61111
Brazil,LAC,"SA, Brazil",MI-U,2009,Livestock_Q,200267.9524
Brazil,LAC,"SA, Brazil",MI-U,2009,Fertilizer_Q,9240149.98
Brazil,LAC,"SA, Brazil",MI-U,2009,Feed_Q,217559353.1
Brazil,LAC,"SA, Brazil",MI-U,2009,Cropland_Q,61391
Brazil,LAC,"SA, Brazil",MI-U,2009,Pasture_Q,169722
Brazil,LAC,"SA, Brazil",MI-U,2009,IrrigArea_Q,5186.375
Brazil,LAC,"SA, Brazil",MI-U,2010,TFP_Index,88.02890013
Brazil,LAC,"SA, Brazil",MI-U,2010,Outall_Index,87.59177164
Brazil,LAC,"SA, Brazil",MI-U,2010,Input_Index,99.50342615
Brazil,LAC,"SA, Brazil",MI-U,2010,Land_Index,96.18039928
Brazil,LAC,"SA, Brazil",MI-U,2010,Labor_Index,117.3601628
Brazil,LAC,"SA, Brazil",MI-U,2010,Capital_Index,99.49048122
Brazil,LAC,"SA, Brazil",MI-U,2010,Materials_Index,83.30545045
Brazil,LAC,"SA, Brazil",MI-U,2010,Outall_Q,200743539
Brazil,LAC,"SA, Brazil",MI-U,2010,Outcrop_Q,115322461
Brazil,LAC,"SA, Brazil",MI-U,2010,Outanim_Q,84148429
Brazil,LAC,"SA, Brazil",MI-U,2010,Outfish_Q,1272648.956
Brazil,LAC,"SA, Brazil",MI-U,2010,Land_Q,71769.47899
Brazil,LAC,"SA, Brazil",MI-U,2010,Labor_Q,10915.177
Brazil,LAC,"SA, Brazil",MI-U,2010,Capital_Q,78031.65385
Brazil,LAC,"SA, Brazil",MI-U,2010,Machinery_Q,36176.19111
Brazil,LAC,"SA, Brazil",MI-U,2010,Livestock_Q,204151.1411
Brazil,LAC,"SA, Brazil",MI-U,2010,Fertilizer_Q,12159605.25
Brazil,LAC,"SA, Brazil",MI-U,2010,Feed_Q,229769076.2
Brazil,LAC,"SA, Brazil",MI-U,2010,Cropland_Q,61657
Brazil,LAC,"SA, Brazil",MI-U,2010,Pasture_Q,170177
Brazil,LAC,"SA, Brazil",MI-U,2010,IrrigArea_Q,5400
Brazil,LAC,"SA, Brazil",MI-U,2011,TFP_Index,89.13904159
Brazil,LAC,"SA, Brazil",MI-U,2011,Outall_Index,91.73545865
Brazil,LAC,"SA, Brazil",MI-U,2011,Input_Index,102.912772
Brazil,LAC,"SA, Brazil",MI-U,2011,Land_Index,96.94431942
Brazil,LAC,"SA, Brazil",MI-U,2011,Labor_Index,111.5780186
Brazil,LAC,"SA, Brazil",MI-U,2011,Capital_Index,99.59371604
Brazil,LAC,"SA, Brazil",MI-U,2011,Materials_Index,97.40048706
Brazil,LAC,"SA, Brazil",MI-U,2011,Outall_Q,210240074.8
Brazil,LAC,"SA, Brazil",MI-U,2011,Outcrop_Q,122885637
Brazil,LAC,"SA, Brazil",MI-U,2011,Outanim_Q,86039146
Brazil,LAC,"SA, Brazil",MI-U,2011,Outfish_Q,1315291.762
Brazil,LAC,"SA, Brazil",MI-U,2011,Land_Q,72339.51354
Brazil,LAC,"SA, Brazil",MI-U,2011,Labor_Q,10377.404
Brazil,LAC,"SA, Brazil",MI-U,2011,Capital_Q,78112.62224
Brazil,LAC,"SA, Brazil",MI-U,2011,Machinery_Q,37860.15111
Brazil,LAC,"SA, Brazil",MI-U,2011,Livestock_Q,207293.4119
Brazil,LAC,"SA, Brazil",MI-U,2011,Fertilizer_Q,14839404.36
Brazil,LAC,"SA, Brazil",MI-U,2011,Feed_Q,232674765.8
Brazil,LAC,"SA, Brazil",MI-U,2011,Cropland_Q,61923
Brazil,LAC,"SA, Brazil",MI-U,2011,Pasture_Q,170632
Brazil,LAC,"SA, Brazil",MI-U,2011,IrrigArea_Q,5710.94
Brazil,LAC,"SA, Brazil",MI-U,2012,TFP_Index,89.70247751
Brazil,LAC,"SA, Brazil",MI-U,2012,Outall_Index,90.73323228
Brazil,LAC,"SA, Brazil",MI-U,2012,Input_Index,101.1490817
Brazil,LAC,"SA, Brazil",MI-U,2012,Land_Index,97.70823957
Brazil,LAC,"SA, Brazil",MI-U,2012,Labor_Index,109.9739038
Brazil,LAC,"SA, Brazil",MI-U,2012,Capital_Index,99.77203544
Brazil,LAC,"SA, Brazil",MI-U,2012,Materials_Index,93.6661865
Brazil,LAC,"SA, Brazil",MI-U,2012,Outall_Q,207943164.2
Brazil,LAC,"SA, Brazil",MI-U,2012,Outcrop_Q,118989501
Brazil,LAC,"SA, Brazil",MI-U,2012,Outanim_Q,87512566
Brazil,LAC,"SA, Brazil",MI-U,2012,Outfish_Q,1441097.151
Brazil,LAC,"SA, Brazil",MI-U,2012,Land_Q,72909.54809
Brazil,LAC,"SA, Brazil",MI-U,2012,Labor_Q,10228.212
Brazil,LAC,"SA, Brazil",MI-U,2012,Capital_Q,78252.48042
Brazil,LAC,"SA, Brazil",MI-U,2012,Machinery_Q,39446.07111
Brazil,LAC,"SA, Brazil",MI-U,2012,Livestock_Q,205229.4711
Brazil,LAC,"SA, Brazil",MI-U,2012,Fertilizer_Q,13849865.17
Brazil,LAC,"SA, Brazil",MI-U,2012,Feed_Q,247376474.2
Brazil,LAC,"SA, Brazil",MI-U,2012,Cropland_Q,62189
Brazil,LAC,"SA, Brazil",MI-U,2012,Pasture_Q,171087
Brazil,LAC,"SA, Brazil",MI-U,2012,IrrigArea_Q,6021.88
Brazil,LAC,"SA, Brazil",MI-U,2013,TFP_Index,92.47607045
Brazil,LAC,"SA, Brazil",MI-U,2013,Outall_Index,96.04176398
Brazil,LAC,"SA, Brazil",MI-U,2013,Input_Index,103.8558013
Brazil,LAC,"SA, Brazil",MI-U,2013,Land_Index,98.47215971
Brazil,LAC,"SA, Brazil",MI-U,2013,Labor_Index,108.300976
Brazil,LAC,"SA, Brazil",MI-U,2013,Capital_Index,100.4225588
Brazil,LAC,"SA, Brazil",MI-U,2013,Materials_Index,102.5957084
Brazil,LAC,"SA, Brazil",MI-U,2013,Outall_Q,220109300.5
Brazil,LAC,"SA, Brazil",MI-U,2013,Outcrop_Q,127787534
Brazil,LAC,"SA, Brazil",MI-U,2013,Outanim_Q,90939460
Brazil,LAC,"SA, Brazil",MI-U,2013,Outfish_Q,1382306.547
Brazil,LAC,"SA, Brazil",MI-U,2013,Land_Q,73479.58264
Brazil,LAC,"SA, Brazil",MI-U,2013,Labor_Q,10072.62
Brazil,LAC,"SA, Brazil",MI-U,2013,Capital_Q,78762.69417
Brazil,LAC,"SA, Brazil",MI-U,2013,Machinery_Q,41490.33111
Brazil,LAC,"SA, Brazil",MI-U,2013,Livestock_Q,205366.7728
Brazil,LAC,"SA, Brazil",MI-U,2013,Fertilizer_Q,15859744.94
Brazil,LAC,"SA, Brazil",MI-U,2013,Feed_Q,233422718.5
Brazil,LAC,"SA, Brazil",MI-U,2013,Cropland_Q,62455
Brazil,LAC,"SA, Brazil",MI-U,2013,Pasture_Q,171542
Brazil,LAC,"SA, Brazil",MI-U,2013,IrrigArea_Q,6332.82
Brazil,LAC,"SA, Brazil",MI-U,2014,TFP_Index,93.70774458
Brazil,LAC,"SA, Brazil",MI-U,2014,Outall_Index,97.71995249
Brazil,LAC,"SA, Brazil",MI-U,2014,Input_Index,104.2816183
Brazil,LAC,"SA, Brazil",MI-U,2014,Land_Index,99.23607986
Brazil,LAC,"SA, Brazil",MI-U,2014,Labor_Index,101.8196498
Brazil,LAC,"SA, Brazil",MI-U,2014,Capital_Index,100.5028077
Brazil,LAC,"SA, Brazil",MI-U,2014,Materials_Index,111.0932128
Brazil,LAC,"SA, Brazil",MI-U,2014,Outall_Q,223955386.7
Brazil,LAC,"SA, Brazil",MI-U,2014,Outcrop_Q,129615483
Brazil,LAC,"SA, Brazil",MI-U,2014,Outanim_Q,92762989
Brazil,LAC,"SA, Brazil",MI-U,2014,Outfish_Q,1576914.692
Brazil,LAC,"SA, Brazil",MI-U,2014,Land_Q,74049.61719
Brazil,LAC,"SA, Brazil",MI-U,2014,Labor_Q,9469.819
Brazil,LAC,"SA, Brazil",MI-U,2014,Capital_Q,78825.63445
Brazil,LAC,"SA, Brazil",MI-U,2014,Machinery_Q,43083.61111
Brazil,LAC,"SA, Brazil",MI-U,2014,Livestock_Q,207033.8595
Brazil,LAC,"SA, Brazil",MI-U,2014,Fertilizer_Q,17111569.34
Brazil,LAC,"SA, Brazil",MI-U,2014,Feed_Q,255829510.5
Brazil,LAC,"SA, Brazil",MI-U,2014,Cropland_Q,62721
Brazil,LAC,"SA, Brazil",MI-U,2014,Pasture_Q,171996
Brazil,LAC,"SA, Brazil",MI-U,2014,IrrigArea_Q,6643.76
Brazil,LAC,"SA, Brazil",MI-U,2015,TFP_Index,100
Brazil,LAC,"SA, Brazil",MI-U,2015,Outall_Index,100
Brazil,LAC,"SA, Brazil",MI-U,2015,Input_Index,100
Brazil,LAC,"SA, Brazil",MI-U,2015,Land_Index,100
Brazil,LAC,"SA, Brazil",MI-U,2015,Labor_Index,100
Brazil,LAC,"SA, Brazil",MI-U,2015,Capital_Index,100
Brazil,LAC,"SA, Brazil",MI-U,2015,Materials_Index,100
Brazil,LAC,"SA, Brazil",MI-U,2015,Outall_Q,229180818.2
Brazil,LAC,"SA, Brazil",MI-U,2015,Outcrop_Q,134517328
Brazil,LAC,"SA, Brazil",MI-U,2015,Outanim_Q,93027239
Brazil,LAC,"SA, Brazil",MI-U,2015,Outfish_Q,1636251.242
Brazil,LAC,"SA, Brazil",MI-U,2015,Land_Q,74619.65174
Brazil,LAC,"SA, Brazil",MI-U,2015,Labor_Q,9300.581
Brazil,LAC,"SA, Brazil",MI-U,2015,Capital_Q,78431.27593
Brazil,LAC,"SA, Brazil",MI-U,2015,Machinery_Q,43837.01111
Brazil,LAC,"SA, Brazil",MI-U,2015,Livestock_Q,209658.8786
Brazil,LAC,"SA, Brazil",MI-U,2015,Fertilizer_Q,14520671.68
Brazil,LAC,"SA, Brazil",MI-U,2015,Feed_Q,280671159.7
Brazil,LAC,"SA, Brazil",MI-U,2015,Cropland_Q,62987
Brazil,LAC,"SA, Brazil",MI-U,2015,Pasture_Q,172451
Brazil,LAC,"SA, Brazil",MI-U,2015,IrrigArea_Q,6954.7
Brazil,LAC,"SA, Brazil",MI-U,2016,TFP_Index,98.79824947
Brazil,LAC,"SA, Brazil",MI-U,2016,Outall_Index,97.28728381
Brazil,LAC,"SA, Brazil",MI-U,2016,Input_Index,98.47065543
Brazil,LAC,"SA, Brazil",MI-U,2016,Land_Index,100.7644022
Brazil,LAC,"SA, Brazil",MI-U,2016,Labor_Index,97.1481029
Brazil,LAC,"SA, Brazil",MI-U,2016,Capital_Index,100.1535578
Brazil,LAC,"SA, Brazil",MI-U,2016,Materials_Index,98.32549704
Brazil,LAC,"SA, Brazil",MI-U,2016,Outall_Q,222963793.1
Brazil,LAC,"SA, Brazil",MI-U,2016,Outcrop_Q,128841360
Brazil,LAC,"SA, Brazil",MI-U,2016,Outanim_Q,92657461
Brazil,LAC,"SA, Brazil",MI-U,2016,Outfish_Q,1464972.083
Brazil,LAC,"SA, Brazil",MI-U,2016,Land_Q,75190.04598
Brazil,LAC,"SA, Brazil",MI-U,2016,Labor_Q,9035.338
Brazil,LAC,"SA, Brazil",MI-U,2016,Capital_Q,78551.7133
Brazil,LAC,"SA, Brazil",MI-U,2016,Machinery_Q,44063.71111
Brazil,LAC,"SA, Brazil",MI-U,2016,Livestock_Q,212005.048
Brazil,LAC,"SA, Brazil",MI-U,2016,Fertilizer_Q,14911110.32
Brazil,LAC,"SA, Brazil",MI-U,2016,Feed_Q,238562660.2
Brazil,LAC,"SA, Brazil",MI-U,2016,Cropland_Q,63253
Brazil,LAC,"SA, Brazil",MI-U,2016,Pasture_Q,172906
Brazil,LAC,"SA, Brazil",MI-U,2016,IrrigArea_Q,7266.025
Brazil,LAC,"SA, Brazil",MI-U,2017,TFP_Index,104.0207867
Brazil,LAC,"SA, Brazil",MI-U,2017,Outall_Index,104.8057875
Brazil,LAC,"SA, Brazil",MI-U,2017,Input_Index,100.7546576
Brazil,LAC,"SA, Brazil",MI-U,2017,Land_Index,101.5271962
Brazil,LAC,"SA, Brazil",MI-U,2017,Labor_Index,91.06883753
Brazil,LAC,"SA, Brazil",MI-U,2017,Capital_Index,100.5414543
Brazil,LAC,"SA, Brazil",MI-U,2017,Materials_Index,112.8671652
Brazil,LAC,"SA, Brazil",MI-U,2017,Outall_Q,240194761.3
Brazil,LAC,"SA, Brazil",MI-U,2017,Outcrop_Q,143258447
Brazil,LAC,"SA, Brazil",MI-U,2017,Outanim_Q,95476499
Brazil,LAC,"SA, Brazil",MI-U,2017,Outfish_Q,1459815.27
Brazil,LAC,"SA, Brazil",MI-U,2017,Land_Q,75759.24021
Brazil,LAC,"SA, Brazil",MI-U,2017,Labor_Q,8469.931
Brazil,LAC,"SA, Brazil",MI-U,2017,Capital_Q,78855.94545
Brazil,LAC,"SA, Brazil",MI-U,2017,Machinery_Q,44322.27111
Brazil,LAC,"SA, Brazil",MI-U,2017,Livestock_Q,209942.6133
Brazil,LAC,"SA, Brazil",MI-U,2017,Fertilizer_Q,16985908.29
Brazil,LAC,"SA, Brazil",MI-U,2017,Feed_Q,280964061.5
Brazil,LAC,"SA, Brazil",MI-U,2017,Cropland_Q,63517.8
Brazil,LAC,"SA, Brazil",MI-U,2017,Pasture_Q,173361
Brazil,LAC,"SA, Brazil",MI-U,2017,IrrigArea_Q,7577.35
Brazil,LAC,"SA, Brazil",MI-U,2018,TFP_Index,103.2179989
Brazil,LAC,"SA, Brazil",MI-U,2018,Outall_Index,105.9195231
Brazil,LAC,"SA, Brazil",MI-U,2018,Input_Index,102.6172995
Brazil,LAC,"SA, Brazil",MI-U,2018,Land_Index,102.752143
Brazil,LAC,"SA, Brazil",MI-U,2018,Labor_Index,90.83483064
Brazil,LAC,"SA, Brazil",MI-U,2018,Capital_Index,100.6450303
Brazil,LAC,"SA, Brazil",MI-U,2018,Materials_Index,119.2089237
Brazil,LAC,"SA, Brazil",MI-U,2018,Outall_Q,242747229.7
Brazil,LAC,"SA, Brazil",MI-U,2018,Outcrop_Q,143712114
Brazil,LAC,"SA, Brazil",MI-U,2018,Outanim_Q,97511357
Brazil,LAC,"SA, Brazil",MI-U,2018,Outfish_Q,1523758.658
Brazil,LAC,"SA, Brazil",MI-U,2018,Land_Q,76673.29125
Brazil,LAC,"SA, Brazil",MI-U,2018,Labor_Q,8448.167
Brazil,LAC,"SA, Brazil",MI-U,2018,Capital_Q,78937.18145
Brazil,LAC,"SA, Brazil",MI-U,2018,Machinery_Q,44744.13111
Brazil,LAC,"SA, Brazil",MI-U,2018,Livestock_Q,209598.2802
Brazil,LAC,"SA, Brazil",MI-U,2018,Fertilizer_Q,17975332.45
Brazil,LAC,"SA, Brazil",MI-U,2018,Feed_Q,294815560.3
Brazil,LAC,"SA, Brazil",MI-U,2018,Cropland_Q,64141
Brazil,LAC,"SA, Brazil",MI-U,2018,Pasture_Q,173361
Brazil,LAC,"SA, Brazil",MI-U,2018,IrrigArea_Q,7888.675
Brazil,LAC,"SA, Brazil",MI-U,2019,TFP_Index,105.1263169
Brazil,LAC,"SA, Brazil",MI-U,2019,Outall_Index,108.2648568
Brazil,LAC,"SA, Brazil",MI-U,2019,Input_Index,102.985494
Brazil,LAC,"SA, Brazil",MI-U,2019,Land_Index,103.9764063
Brazil,LAC,"SA, Brazil",MI-U,2019,Labor_Index,91.01309907
Brazil,LAC,"SA, Brazil",MI-U,2019,Capital_Index,100.7126458
Brazil,LAC,"SA, Brazil",MI-U,2019,Materials_Index,119.8331631
Brazil,LAC,"SA, Brazil",MI-U,2019,Outall_Q,248122284.7
Brazil,LAC,"SA, Brazil",MI-U,2019,Outcrop_Q,146680891
Brazil,LAC,"SA, Brazil",MI-U,2019,Outanim_Q,99833626
Brazil,LAC,"SA, Brazil",MI-U,2019,Outfish_Q,1607767.658
Brazil,LAC,"SA, Brazil",MI-U,2019,Land_Q,77586.83227
Brazil,LAC,"SA, Brazil",MI-U,2019,Labor_Q,8464.747
Brazil,LAC,"SA, Brazil",MI-U,2019,Capital_Q,78990.21311
Brazil,LAC,"SA, Brazil",MI-U,2019,Machinery_Q,44985.49305
Brazil,LAC,"SA, Brazil",MI-U,2019,Livestock_Q,210648.3163
Brazil,LAC,"SA, Brazil",MI-U,2019,Fertilizer_Q,18123880.31
Brazil,LAC,"SA, Brazil",MI-U,2019,Feed_Q,293384608
Brazil,LAC,"SA, Brazil",MI-U,2019,Cropland_Q,64763.69
Brazil,LAC,"SA, Brazil",MI-U,2019,Pasture_Q,173361
Brazil,LAC,"SA, Brazil",MI-U,2019,IrrigArea_Q,8200
Brazil,LAC,"SA, Brazil",MI-U,2020,TFP_Index,102.8708007
Brazil,LAC,"SA, Brazil",MI-U,2020,Outall_Index,111.1128045
Brazil,LAC,"SA, Brazil",MI-U,2020,Input_Index,108.0119954
Brazil,LAC,"SA, Brazil",MI-U,2020,Land_Index,104.8107575
Brazil,LAC,"SA, Brazil",MI-U,2020,Labor_Index,88.75756257
Brazil,LAC,"SA, Brazil",MI-U,2020,Capital_Index,101.1498233
Brazil,LAC,"SA, Brazil",MI-U,2020,Materials_Index,141.7163423
Brazil,LAC,"SA, Brazil",MI-U,2020,Outall_Q,254649234.4
Brazil,LAC,"SA, Brazil",MI-U,2020,Outcrop_Q,152436093
Brazil,LAC,"SA, Brazil",MI-U,2020,Outanim_Q,100493784
Brazil,LAC,"SA, Brazil",MI-U,2020,Outfish_Q,1719357.447
Brazil,LAC,"SA, Brazil",MI-U,2020,Land_Q,78209.42227
Brazil,LAC,"SA, Brazil",MI-U,2020,Labor_Q,8254.969
Brazil,LAC,"SA, Brazil",MI-U,2020,Capital_Q,79333.09704
Brazil,LAC,"SA, Brazil",MI-U,2020,Machinery_Q,43893.9848
Brazil,LAC,"SA, Brazil",MI-U,2020,Livestock_Q,213741.5081
Brazil,LAC,"SA, Brazil",MI-U,2020,Fertilizer_Q,21954608.47
Brazil,LAC,"SA, Brazil",MI-U,2020,Feed_Q,320099163.8
Brazil,LAC,"SA, Brazil",MI-U,2020,Cropland_Q,65386.28
Brazil,LAC,"SA, Brazil",MI-U,2020,Pasture_Q,173361
Brazil,LAC,"SA, Brazil",MI-U,2020,IrrigArea_Q,8200
Brazil,LAC,"SA, Brazil",MI-U,2021,TFP_Index,98.88311235
Brazil,LAC,"SA, Brazil",MI-U,2021,Outall_Index,110.6174161
Brazil,LAC,"SA, Brazil",MI-U,2021,Input_Index,111.8668431
Brazil,LAC,"SA, Brazil",MI-U,2021,Land_Index,105.6449614
Brazil,LAC,"SA, Brazil",MI-U,2021,Labor_Index,95.18678457
Brazil,LAC,"SA, Brazil",MI-U,2021,Capital_Index,97.83544057
Brazil,LAC,"SA, Brazil",MI-U,2021,Materials_Index,148.5012125
Brazil,LAC,"SA, Brazil",MI-U,2021,Outall_Q,253513899.3
Brazil,LAC,"SA, Brazil",MI-U,2021,Outcrop_Q,150732546
Brazil,LAC,"SA, Brazil",MI-U,2021,Outanim_Q,100939085
Brazil,LAC,"SA, Brazil",MI-U,2021,Outfish_Q,1842268.332
Brazil,LAC,"SA, Brazil",MI-U,2021,Land_Q,78831.90227
Brazil,LAC,"SA, Brazil",MI-U,2021,Labor_Q,8852.924
Brazil,LAC,"SA, Brazil",MI-U,2021,Capital_Q,76733.58435
Brazil,LAC,"SA, Brazil",MI-U,2021,Machinery_Q,47251.4874
Brazil,LAC,"SA, Brazil",MI-U,2021,Livestock_Q,219477.777
Brazil,LAC,"SA, Brazil",MI-U,2021,Fertilizer_Q,23153163.36
Brazil,LAC,"SA, Brazil",MI-U,2021,Feed_Q,328311823.8
Brazil,LAC,"SA, Brazil",MI-U,2021,Cropland_Q,66008.76
Brazil,LAC,"SA, Brazil",MI-U,2021,Pasture_Q,173361
Brazil,LAC,"SA, Brazil",MI-U,2021,IrrigArea_Q,8200
Australia,OCEANIA,Oceania,HI,1961,TFP_Index,51.3182668
Australia,OCEANIA,Oceania,HI,1961,Outall_Index,36.60595147
Australia,OCEANIA,Oceania,HI,1961,Input_Index,71.33123106
Australia,OCEANIA,Oceania,HI,1961,Land_Index,91.9139167
Australia,OCEANIA,Oceania,HI,1961,Labor_Index,140.1594032
Australia,OCEANIA,Oceania,HI,1961,Capital_Index,52.20008469
Australia,OCEANIA,Oceania,HI,1961,Materials_Index,22.08809752
Australia,OCEANIA,Oceania,HI,1961,Outall_Q,15473467.24
Australia,OCEANIA,Oceania,HI,1961,Outcrop_Q,3885547
Australia,OCEANIA,Oceania,HI,1961,Outanim_Q,11576736
Australia,OCEANIA,Oceania,HI,1961,Outfish_Q,11184.23537
Australia,OCEANIA,Oceania,HI,1961,Land_Q,59052.75135
Australia,OCEANIA,Oceania,HI,1961,Labor_Q,436.3162222
Australia,OCEANIA,Oceania,HI,1961,Capital_Q,54423.23153
Australia,OCEANIA,Oceania,HI,1961,Machinery_Q,12088.808
Australia,OCEANIA,Oceania,HI,1961,Livestock_Q,30897.931
Australia,OCEANIA,Oceania,HI,1961,Fertilizer_Q,763301.4904
Australia,OCEANIA,Oceania,HI,1961,Feed_Q,2763312.788
Australia,OCEANIA,Oceania,HI,1961,Cropland_Q,14551.3932
Australia,OCEANIA,Oceania,HI,1961,Pasture_Q,459933
Australia,OCEANIA,Oceania,HI,1961,IrrigArea_Q,1001
Australia,OCEANIA,Oceania,HI,1962,TFP_Index,55.76748865
Australia,OCEANIA,Oceania,HI,1962,Outall_Index,40.92915943
Australia,OCEANIA,Oceania,HI,1962,Input_Index,73.39250956
Australia,OCEANIA,Oceania,HI,1962,Land_Index,93.92861675
Australia,OCEANIA,Oceania,HI,1962,Labor_Index,139.8630831
Australia,OCEANIA,Oceania,HI,1962,Capital_Index,53.76240997
Australia,OCEANIA,Oceania,HI,1962,Materials_Index,23.84032209
Australia,OCEANIA,Oceania,HI,1962,Outall_Q,17300902.78
Australia,OCEANIA,Oceania,HI,1962,Outcrop_Q,4619925
Australia,OCEANIA,Oceania,HI,1962,Outanim_Q,12670998
Australia,OCEANIA,Oceania,HI,1962,Outfish_Q,9979.779255
Australia,OCEANIA,Oceania,HI,1962,Land_Q,60347.1536
Australia,OCEANIA,Oceania,HI,1962,Labor_Q,435.3937778
Australia,OCEANIA,Oceania,HI,1962,Capital_Q,56052.0946
Australia,OCEANIA,Oceania,HI,1962,Machinery_Q,12384.23
Australia,OCEANIA,Oceania,HI,1962,Livestock_Q,31950.7356
Australia,OCEANIA,Oceania,HI,1962,Fertilizer_Q,747544.2843
Australia,OCEANIA,Oceania,HI,1962,Feed_Q,3929801.582
Australia,OCEANIA,Oceania,HI,1962,Cropland_Q,15694.266
Australia,OCEANIA,Oceania,HI,1962,Pasture_Q,460899
Australia,OCEANIA,Oceania,HI,1962,IrrigArea_Q,1052
Australia,OCEANIA,Oceania,HI,1963,TFP_Index,55.91136301
Australia,OCEANIA,Oceania,HI,1963,Outall_Index,42.42971698
Australia,OCEANIA,Oceania,HI,1963,Input_Index,75.88746669
Australia,OCEANIA,Oceania,HI,1963,Land_Index,94.19625514
Australia,OCEANIA,Oceania,HI,1963,Labor_Index,139.2704429
Australia,OCEANIA,Oceania,HI,1963,Capital_Index,55.10792585
Australia,OCEANIA,Oceania,HI,1963,Materials_Index,28.04627271
Australia,OCEANIA,Oceania,HI,1963,Outall_Q,17935193.84
Australia,OCEANIA,Oceania,HI,1963,Outcrop_Q,4682791
Australia,OCEANIA,Oceania,HI,1963,Outanim_Q,13242251
Australia,OCEANIA,Oceania,HI,1963,Outfish_Q,10151.84441
Australia,OCEANIA,Oceania,HI,1963,Land_Q,60519.10562
Australia,OCEANIA,Oceania,HI,1963,Labor_Q,433.5488889
Australia,OCEANIA,Oceania,HI,1963,Capital_Q,57454.91458
Australia,OCEANIA,Oceania,HI,1963,Machinery_Q,12872.902
Australia,OCEANIA,Oceania,HI,1963,Livestock_Q,32408.2596
Australia,OCEANIA,Oceania,HI,1963,Fertilizer_Q,844996.6241
Australia,OCEANIA,Oceania,HI,1963,Feed_Q,5177893.275
Australia,OCEANIA,Oceania,HI,1963,Cropland_Q,15563.9526
Australia,OCEANIA,Oceania,HI,1963,Pasture_Q,463806
Australia,OCEANIA,Oceania,HI,1963,IrrigArea_Q,1076
Australia,OCEANIA,Oceania,HI,1964,TFP_Index,57.1220302
Australia,OCEANIA,Oceania,HI,1964,Outall_Index,45.11052914
Australia,OCEANIA,Oceania,HI,1964,Input_Index,78.97220911
Australia,OCEANIA,Oceania,HI,1964,Land_Index,96.03050004
Australia,OCEANIA,Oceania,HI,1964,Labor_Index,138.6778028
Australia,OCEANIA,Oceania,HI,1964,Capital_Index,56.93740959
Australia,OCEANIA,Oceania,HI,1964,Materials_Index,32.60416743
Australia,OCEANIA,Oceania,HI,1964,Outall_Q,19068382.78
Australia,OCEANIA,Oceania,HI,1964,Outcrop_Q,5279820
Australia,OCEANIA,Oceania,HI,1964,Outanim_Q,13778583
Australia,OCEANIA,Oceania,HI,1964,Outfish_Q,9979.779255
Australia,OCEANIA,Oceania,HI,1964,Land_Q,61697.56925
Australia,OCEANIA,Oceania,HI,1964,Labor_Q,431.704
Australia,OCEANIA,Oceania,HI,1964,Capital_Q,59362.31412
Australia,OCEANIA,Oceania,HI,1964,Machinery_Q,13362.829
Australia,OCEANIA,Oceania,HI,1964,Livestock_Q,33366.3321
Australia,OCEANIA,Oceania,HI,1964,Fertilizer_Q,1068432.633
Australia,OCEANIA,Oceania,HI,1964,Feed_Q,4742336.218
Australia,OCEANIA,Oceania,HI,1964,Cropland_Q,16478.1699
Australia,OCEANIA,Oceania,HI,1964,Pasture_Q,465426
Australia,OCEANIA,Oceania,HI,1964,IrrigArea_Q,1170
Australia,OCEANIA,Oceania,HI,1965,TFP_Index,54.31610533
Australia,OCEANIA,Oceania,HI,1965,Outall_Index,43.72526654
Australia,OCEANIA,Oceania,HI,1965,Input_Index,80.50147608
Australia,OCEANIA,Oceania,HI,1965,Land_Index,98.31735211
Australia,OCEANIA,Oceania,HI,1965,Labor_Index,137.7888425
Australia,OCEANIA,Oceania,HI,1965,Capital_Index,57.64687833
Australia,OCEANIA,Oceania,HI,1965,Materials_Index,34.35605576
Australia,OCEANIA,Oceania,HI,1965,Outall_Q,18482827.3
Australia,OCEANIA,Oceania,HI,1965,Outcrop_Q,4483690
Australia,OCEANIA,Oceania,HI,1965,Outanim_Q,13987781
Australia,OCEANIA,Oceania,HI,1965,Outfish_Q,11356.30053
Australia,OCEANIA,Oceania,HI,1965,Land_Q,63166.82343
Australia,OCEANIA,Oceania,HI,1965,Labor_Q,428.9366667
Australia,OCEANIA,Oceania,HI,1965,Capital_Q,60101.99839
Australia,OCEANIA,Oceania,HI,1965,Machinery_Q,13562.865
Australia,OCEANIA,Oceania,HI,1965,Livestock_Q,33719.35207
Australia,OCEANIA,Oceania,HI,1965,Fertilizer_Q,1183871.569
Australia,OCEANIA,Oceania,HI,1965,Feed_Q,4332951.621
Australia,OCEANIA,Oceania,HI,1965,Cropland_Q,17510.9643
Australia,OCEANIA,Oceania,HI,1965,Pasture_Q,468748
Australia,OCEANIA,Oceania,HI,1965,IrrigArea_Q,1274
Australia,OCEANIA,Oceania,HI,1966,TFP_Index,57.35026686
Australia,OCEANIA,Oceania,HI,1966,Outall_Index,46.82975193
Australia,OCEANIA,Oceania,HI,1966,Input_Index,81.65568269
Australia,OCEANIA,Oceania,HI,1966,Land_Index,100.6419922
Australia,OCEANIA,Oceania,HI,1966,Labor_Index,136.8998822
Australia,OCEANIA,Oceania,HI,1966,Capital_Index,56.58085656
Australia,OCEANIA,Oceania,HI,1966,Materials_Index,37.38918267
Australia,OCEANIA,Oceania,HI,1966,Outall_Q,19795104.43
Australia,OCEANIA,Oceania,HI,1966,Outcrop_Q,6210428
Australia,OCEANIA,Oceania,HI,1966,Outanim_Q,13572976
Australia,OCEANIA,Oceania,HI,1966,Outfish_Q,11700.43085
Australia,OCEANIA,Oceania,HI,1966,Land_Q,64660.3556
Australia,OCEANIA,Oceania,HI,1966,Labor_Q,426.1693333
Australia,OCEANIA,Oceania,HI,1966,Capital_Q,58990.57587
Australia,OCEANIA,Oceania,HI,1966,Machinery_Q,14120.465
Australia,OCEANIA,Oceania,HI,1966,Livestock_Q,31662.34474
Australia,OCEANIA,Oceania,HI,1966,Fertilizer_Q,1223361.002
Australia,OCEANIA,Oceania,HI,1966,Feed_Q,5462020.167
Australia,OCEANIA,Oceania,HI,1966,Cropland_Q,18968.289
Australia,OCEANIA,Oceania,HI,1966,Pasture_Q,468060
Australia,OCEANIA,Oceania,HI,1966,IrrigArea_Q,1359
Australia,OCEANIA,Oceania,HI,1967,TFP_Index,53.04699488
Australia,OCEANIA,Oceania,HI,1967,Outall_Index,43.55294119
Australia,OCEANIA,Oceania,HI,1967,Input_Index,82.10256073
Australia,OCEANIA,Oceania,HI,1967,Land_Index,101.6764385
Australia,OCEANIA,Oceania,HI,1967,Labor_Index,136.0109219
Australia,OCEANIA,Oceania,HI,1967,Capital_Index,58.24355161
Australia,OCEANIA,Oceania,HI,1967,Materials_Index,35.92984667
Australia,OCEANIA,Oceania,HI,1967,Outall_Q,18409984.76
Australia,OCEANIA,Oceania,HI,1967,Outcrop_Q,4839547
Australia,OCEANIA,Oceania,HI,1967,Outanim_Q,13557877
Australia,OCEANIA,Oceania,HI,1967,Outfish_Q,12560.75665
Australia,OCEANIA,Oceania,HI,1967,Land_Q,65324.96551
Australia,OCEANIA,Oceania,HI,1967,Labor_Q,423.402
Australia,OCEANIA,Oceania,HI,1967,Capital_Q,60724.08336
Australia,OCEANIA,Oceania,HI,1967,Machinery_Q,14549.942
Australia,OCEANIA,Oceania,HI,1967,Livestock_Q,32568.33069
Australia,OCEANIA,Oceania,HI,1967,Fertilizer_Q,1187637.118
Australia,OCEANIA,Oceania,HI,1967,Feed_Q,5099421.496
Australia,OCEANIA,Oceania,HI,1967,Cropland_Q,19456.3572
Australia,OCEANIA,Oceania,HI,1967,Pasture_Q,470124
Australia,OCEANIA,Oceania,HI,1967,IrrigArea_Q,1344
Australia,OCEANIA,Oceania,HI,1968,TFP_Index,57.58613362
Australia,OCEANIA,Oceania,HI,1968,Outall_Index,49.24237976
Australia,OCEANIA,Oceania,HI,1968,Input_Index,85.51082816
Australia,OCEANIA,Oceania,HI,1968,Land_Index,108.2266225
Australia,OCEANIA,Oceania,HI,1968,Labor_Index,134.8256416
Australia,OCEANIA,Oceania,HI,1968,Capital_Index,59.23035879
Australia,OCEANIA,Oceania,HI,1968,Materials_Index,39.58074969
Australia,OCEANIA,Oceania,HI,1968,Outall_Q,20814930.89
Australia,OCEANIA,Oceania,HI,1968,Outcrop_Q,6954483
Australia,OCEANIA,Oceania,HI,1968,Outanim_Q,13847543
Australia,OCEANIA,Oceania,HI,1968,Outfish_Q,12904.88697
Australia,OCEANIA,Oceania,HI,1968,Land_Q,69533.32051
Australia,OCEANIA,Oceania,HI,1968,Labor_Q,419.7122222
Australia,OCEANIA,Oceania,HI,1968,Capital_Q,61752.91762
Australia,OCEANIA,Oceania,HI,1968,Machinery_Q,14517.458
Australia,OCEANIA,Oceania,HI,1968,Livestock_Q,33597.04854
Australia,OCEANIA,Oceania,HI,1968,Fertilizer_Q,1242457.781
Australia,OCEANIA,Oceania,HI,1968,Feed_Q,6504303.778
Australia,OCEANIA,Oceania,HI,1968,Cropland_Q,21595.1967
Australia,OCEANIA,Oceania,HI,1968,Pasture_Q,491974
Australia,OCEANIA,Oceania,HI,1968,IrrigArea_Q,1354
Australia,OCEANIA,Oceania,HI,1969,TFP_Index,56.18077548
Australia,OCEANIA,Oceania,HI,1969,Outall_Index,47.95034911
Australia,OCEANIA,Oceania,HI,1969,Input_Index,85.35010188
Australia,OCEANIA,Oceania,HI,1969,Land_Index,105.5594676
Australia,OCEANIA,Oceania,HI,1969,Labor_Index,133.3440411
Australia,OCEANIA,Oceania,HI,1969,Capital_Index,61.4317115
Australia,OCEANIA,Oceania,HI,1969,Materials_Index,38.85963828
Australia,OCEANIA,Oceania,HI,1969,Outall_Q,20268784.89
Australia,OCEANIA,Oceania,HI,1969,Outcrop_Q,5794496
Australia,OCEANIA,Oceania,HI,1969,Outanim_Q,14461384
Australia,OCEANIA,Oceania,HI,1969,Outfish_Q,12904.88697
Australia,OCEANIA,Oceania,HI,1969,Land_Q,67819.72976
Australia,OCEANIA,Oceania,HI,1969,Labor_Q,415.1
Australia,OCEANIA,Oceania,HI,1969,Capital_Q,64048.02363
Australia,OCEANIA,Oceania,HI,1969,Machinery_Q,14696.482
Australia,OCEANIA,Oceania,HI,1969,Livestock_Q,35485.79647
Australia,OCEANIA,Oceania,HI,1969,Fertilizer_Q,1155277.212
Australia,OCEANIA,Oceania,HI,1969,Feed_Q,7450982.712
Australia,OCEANIA,Oceania,HI,1969,Cropland_Q,19822.206
Australia,OCEANIA,Oceania,HI,1969,Pasture_Q,491066
Australia,OCEANIA,Oceania,HI,1969,IrrigArea_Q,1476
Australia,OCEANIA,Oceania,HI,1970,TFP_Index,59.13056092
Australia,OCEANIA,Oceania,HI,1970,Outall_Index,50.42908084
Australia,OCEANIA,Oceania,HI,1970,Input_Index,85.28429301
Australia,OCEANIA,Oceania,HI,1970,Land_Index,101.3907628
Australia,OCEANIA,Oceania,HI,1970,Labor_Index,139.3832316
Australia,OCEANIA,Oceania,HI,1970,Capital_Index,62.95718998
Australia,OCEANIA,Oceania,HI,1970,Materials_Index,38.27928429
Australia,OCEANIA,Oceania,HI,1970,Outall_Q,21316553.69
Australia,OCEANIA,Oceania,HI,1970,Outcrop_Q,5671238
Australia,OCEANIA,Oceania,HI,1970,Outanim_Q,15633235
Australia,OCEANIA,Oceania,HI,1970,Outfish_Q,12080.69485
Australia,OCEANIA,Oceania,HI,1970,Land_Q,65141.42489
Australia,OCEANIA,Oceania,HI,1970,Labor_Q,433.9
Australia,OCEANIA,Oceania,HI,1970,Capital_Q,65638.47064
Australia,OCEANIA,Oceania,HI,1970,Machinery_Q,14561.582
Australia,OCEANIA,Oceania,HI,1970,Livestock_Q,37300.60634
Australia,OCEANIA,Oceania,HI,1970,Fertilizer_Q,1085844.636
Australia,OCEANIA,Oceania,HI,1970,Feed_Q,8385337.956
Australia,OCEANIA,Oceania,HI,1970,Cropland_Q,18680.1426
Australia,OCEANIA,Oceania,HI,1970,Pasture_Q,474752
Australia,OCEANIA,Oceania,HI,1970,IrrigArea_Q,1476
Australia,OCEANIA,Oceania,HI,1971,TFP_Index,60.99729255
Australia,OCEANIA,Oceania,HI,1971,Outall_Index,52.28879223
Australia,OCEANIA,Oceania,HI,1971,Input_Index,85.7231363
Australia,OCEANIA,Oceania,HI,1971,Land_Index,99.98098292
Australia,OCEANIA,Oceania,HI,1971,Labor_Index,132.5088339
Australia,OCEANIA,Oceania,HI,1971,Capital_Index,64.78889293
Australia,OCEANIA,Oceania,HI,1971,Materials_Index,40.76326327
Australia,OCEANIA,Oceania,HI,1971,Outall_Q,22102660.39
Australia,OCEANIA,Oceania,HI,1971,Outcrop_Q,6128352
Australia,OCEANIA,Oceania,HI,1971,Outanim_Q,15957446
Australia,OCEANIA,Oceania,HI,1971,Outfish_Q,16862.38564
Australia,OCEANIA,Oceania,HI,1971,Land_Q,64235.67111
Australia,OCEANIA,Oceania,HI,1971,Labor_Q,412.5
Australia,OCEANIA,Oceania,HI,1971,Capital_Q,67548.1839
Australia,OCEANIA,Oceania,HI,1971,Machinery_Q,14736.865
Australia,OCEANIA,Oceania,HI,1971,Livestock_Q,38870.73715
Australia,OCEANIA,Oceania,HI,1971,Fertilizer_Q,1191475.473
Australia,OCEANIA,Oceania,HI,1971,Feed_Q,8201647.037
Australia,OCEANIA,Oceania,HI,1971,Cropland_Q,17047
Australia,OCEANIA,Oceania,HI,1971,Pasture_Q,482489
Australia,OCEANIA,Oceania,HI,1971,IrrigArea_Q,1475
Australia,OCEANIA,Oceania,HI,1972,TFP_Index,60.46644164
Australia,OCEANIA,Oceania,HI,1972,Outall_Index,53.39351052
Australia,OCEANIA,Oceania,HI,1972,Input_Index,88.30271647
Australia,OCEANIA,Oceania,HI,1972,Land_Index,100.2794243
Australia,OCEANIA,Oceania,HI,1972,Labor_Index,142.0815933
Australia,OCEANIA,Oceania,HI,1972,Capital_Index,65.87855869
Australia,OCEANIA,Oceania,HI,1972,Materials_Index,43.74366488
Australia,OCEANIA,Oceania,HI,1972,Outall_Q,22569628.78
Australia,OCEANIA,Oceania,HI,1972,Outcrop_Q,5518802
Australia,OCEANIA,Oceania,HI,1972,Outanim_Q,17032932
Australia,OCEANIA,Oceania,HI,1972,Outfish_Q,17894.7766
Australia,OCEANIA,Oceania,HI,1972,Land_Q,64427.4134
Australia,OCEANIA,Oceania,HI,1972,Labor_Q,442.3
Australia,OCEANIA,Oceania,HI,1972,Capital_Q,68684.25738
Australia,OCEANIA,Oceania,HI,1972,Machinery_Q,14758.048
Australia,OCEANIA,Oceania,HI,1972,Livestock_Q,39979.56579
Australia,OCEANIA,Oceania,HI,1972,Fertilizer_Q,1448301.259
Australia,OCEANIA,Oceania,HI,1972,Feed_Q,6179463.88
Australia,OCEANIA,Oceania,HI,1972,Cropland_Q,17231
Australia,OCEANIA,Oceania,HI,1972,Pasture_Q,482584
Australia,OCEANIA,Oceania,HI,1972,IrrigArea_Q,1474
Australia,OCEANIA,Oceania,HI,1973,TFP_Index,62.41233489
Australia,OCEANIA,Oceania,HI,1973,Outall_Index,55.06303079
Australia,OCEANIA,Oceania,HI,1973,Input_Index,88.22459678
Australia,OCEANIA,Oceania,HI,1973,Land_Index,96.99477433
Australia,OCEANIA,Oceania,HI,1973,Labor_Index,136.9097334
Australia,OCEANIA,Oceania,HI,1973,Capital_Index,65.10221187
Australia,OCEANIA,Oceania,HI,1973,Materials_Index,50.07734664
Australia,OCEANIA,Oceania,HI,1973,Outall_Q,23275340.99
Australia,OCEANIA,Oceania,HI,1973,Outcrop_Q,6728367
Australia,OCEANIA,Oceania,HI,1973,Outanim_Q,16531144
Australia,OCEANIA,Oceania,HI,1973,Outfish_Q,15829.99468
Australia,OCEANIA,Oceania,HI,1973,Land_Q,62317.09512
Australia,OCEANIA,Oceania,HI,1973,Labor_Q,426.2
Australia,OCEANIA,Oceania,HI,1973,Capital_Q,67874.84676
Australia,OCEANIA,Oceania,HI,1973,Machinery_Q,14802.24
Australia,OCEANIA,Oceania,HI,1973,Livestock_Q,39070.39307
Australia,OCEANIA,Oceania,HI,1973,Fertilizer_Q,1680167.996
Australia,OCEANIA,Oceania,HI,1973,Feed_Q,6812557.913
Australia,OCEANIA,Oceania,HI,1973,Cropland_Q,15102
Australia,OCEANIA,Oceania,HI,1973,Pasture_Q,482795
Australia,OCEANIA,Oceania,HI,1973,IrrigArea_Q,1473
Australia,OCEANIA,Oceania,HI,1974,TFP_Index,60.41420306
Australia,OCEANIA,Oceania,HI,1974,Outall_Index,50.26681966
Australia,OCEANIA,Oceania,HI,1974,Input_Index,83.20364601
Australia,OCEANIA,Oceania,HI,1974,Land_Index,97.14721046
Australia,OCEANIA,Oceania,HI,1974,Labor_Index,130.0353357
Australia,OCEANIA,Oceania,HI,1974,Capital_Index,66.53465541
Australia,OCEANIA,Oceania,HI,1974,Materials_Index,34.72746741
Australia,OCEANIA,Oceania,HI,1974,Outall_Q,21247965.31
Australia,OCEANIA,Oceania,HI,1974,Outcrop_Q,6538775
Australia,OCEANIA,Oceania,HI,1974,Outanim_Q,14691151
Australia,OCEANIA,Oceania,HI,1974,Outfish_Q,18039.31133
Australia,OCEANIA,Oceania,HI,1974,Land_Q,62415.03212
Australia,OCEANIA,Oceania,HI,1974,Labor_Q,404.8
Australia,OCEANIA,Oceania,HI,1974,Capital_Q,69368.29656
Australia,OCEANIA,Oceania,HI,1974,Machinery_Q,14702.06
Australia,OCEANIA,Oceania,HI,1974,Livestock_Q,40795.67156
Australia,OCEANIA,Oceania,HI,1974,Fertilizer_Q,1014446.855
Australia,OCEANIA,Oceania,HI,1974,Feed_Q,6999112.413
Australia,OCEANIA,Oceania,HI,1974,Cropland_Q,14957
Australia,OCEANIA,Oceania,HI,1974,Pasture_Q,485400
Australia,OCEANIA,Oceania,HI,1974,IrrigArea_Q,1471
Australia,OCEANIA,Oceania,HI,1975,TFP_Index,67.02345962
Australia,OCEANIA,Oceania,HI,1975,Outall_Index,55.02816667
Australia,OCEANIA,Oceania,HI,1975,Input_Index,82.10284425
Australia,OCEANIA,Oceania,HI,1975,Land_Index,95.31881064
Australia,OCEANIA,Oceania,HI,1975,Labor_Index,127.7545776
Australia,OCEANIA,Oceania,HI,1975,Capital_Index,68.3992428
Australia,OCEANIA,Oceania,HI,1975,Materials_Index,32.07302357
Australia,OCEANIA,Oceania,HI,1975,Outall_Q,23260603.8
Australia,OCEANIA,Oceania,HI,1975,Outcrop_Q,7085101
Australia,OCEANIA,Oceania,HI,1975,Outanim_Q,16159654
Australia,OCEANIA,Oceania,HI,1975,Outfish_Q,15848.80315
Australia,OCEANIA,Oceania,HI,1975,Land_Q,61240.32383
Australia,OCEANIA,Oceania,HI,1975,Labor_Q,397.7
Australia,OCEANIA,Oceania,HI,1975,Capital_Q,71312.29477
Australia,OCEANIA,Oceania,HI,1975,Machinery_Q,14670
Australia,OCEANIA,Oceania,HI,1975,Livestock_Q,42888.88121
Australia,OCEANIA,Oceania,HI,1975,Fertilizer_Q,901252.5652
Australia,OCEANIA,Oceania,HI,1975,Feed_Q,7216446.385
Australia,OCEANIA,Oceania,HI,1975,Cropland_Q,13747
Australia,OCEANIA,Oceania,HI,1975,Pasture_Q,485800
Australia,OCEANIA,Oceania,HI,1975,IrrigArea_Q,1469
Australia,OCEANIA,Oceania,HI,1976,TFP_Index,68.64605984
Australia,OCEANIA,Oceania,HI,1976,Outall_Index,57.95871536
Australia,OCEANIA,Oceania,HI,1976,Input_Index,84.43123393
Australia,OCEANIA,Oceania,HI,1976,Land_Index,96.76692072
Australia,OCEANIA,Oceania,HI,1976,Labor_Index,123.5464182
Australia,OCEANIA,Oceania,HI,1976,Capital_Index,68.49129515
Australia,OCEANIA,Oceania,HI,1976,Materials_Index,38.43528783
Australia,OCEANIA,Oceania,HI,1976,Outall_Q,24499357.27
Australia,OCEANIA,Oceania,HI,1976,Outcrop_Q,6970484
Australia,OCEANIA,Oceania,HI,1976,Outanim_Q,17510491
Australia,OCEANIA,Oceania,HI,1976,Outfish_Q,18382.26882
Australia,OCEANIA,Oceania,HI,1976,Land_Q,62170.70399
Australia,OCEANIA,Oceania,HI,1976,Labor_Q,384.6
Australia,OCEANIA,Oceania,HI,1976,Capital_Q,71408.26755
Australia,OCEANIA,Oceania,HI,1976,Machinery_Q,14620
Australia,OCEANIA,Oceania,HI,1976,Livestock_Q,43100.38015
Australia,OCEANIA,Oceania,HI,1976,Fertilizer_Q,1202260.893
Australia,OCEANIA,Oceania,HI,1976,Feed_Q,6379488.545
Australia,OCEANIA,Oceania,HI,1976,Cropland_Q,14642
Australia,OCEANIA,Oceania,HI,1976,Pasture_Q,486100
Australia,OCEANIA,Oceania,HI,1976,IrrigArea_Q,1475
Australia,OCEANIA,Oceania,HI,1977,TFP_Index,68.05605787
Australia,OCEANIA,Oceania,HI,1977,Outall_Index,56.96551501
Australia,OCEANIA,Oceania,HI,1977,Input_Index,83.7038124
Australia,OCEANIA,Oceania,HI,1977,Land_Index,95.94369556
Australia,OCEANIA,Oceania,HI,1977,Labor_Index,128.5897848
Australia,OCEANIA,Oceania,HI,1977,Capital_Index,65.74901368
Australia,OCEANIA,Oceania,HI,1977,Materials_Index,38.51098309
Australia,OCEANIA,Oceania,HI,1977,Outall_Q,24079527.91
Australia,OCEANIA,Oceania,HI,1977,Outcrop_Q,6345313
Australia,OCEANIA,Oceania,HI,1977,Outanim_Q,17714257
Australia,OCEANIA,Oceania,HI,1977,Outfish_Q,19957.91008
Australia,OCEANIA,Oceania,HI,1977,Land_Q,61641.7992
Australia,OCEANIA,Oceania,HI,1977,Labor_Q,400.3
Australia,OCEANIA,Oceania,HI,1977,Capital_Q,68549.19518
Australia,OCEANIA,Oceania,HI,1977,Machinery_Q,14574
Australia,OCEANIA,Oceania,HI,1977,Livestock_Q,40219.30401
Australia,OCEANIA,Oceania,HI,1977,Fertilizer_Q,1216098.044
Australia,OCEANIA,Oceania,HI,1977,Feed_Q,6222460.595
Australia,OCEANIA,Oceania,HI,1977,Cropland_Q,15010
Australia,OCEANIA,Oceania,HI,1977,Pasture_Q,476500
Australia,OCEANIA,Oceania,HI,1977,IrrigArea_Q,1481
Australia,OCEANIA,Oceania,HI,1978,TFP_Index,75.6606256
Australia,OCEANIA,Oceania,HI,1978,Outall_Index,64.34833908
Australia,OCEANIA,Oceania,HI,1978,Input_Index,85.04864792
Australia,OCEANIA,Oceania,HI,1978,Land_Index,99.15312993
Australia,OCEANIA,Oceania,HI,1978,Labor_Index,120.4304529
Australia,OCEANIA,Oceania,HI,1978,Capital_Index,63.58657392
Australia,OCEANIA,Oceania,HI,1978,Materials_Index,45.70836143
Australia,OCEANIA,Oceania,HI,1978,Outall_Q,27200274.18
Australia,OCEANIA,Oceania,HI,1978,Outcrop_Q,8834432
Australia,OCEANIA,Oceania,HI,1978,Outanim_Q,18347037
Australia,OCEANIA,Oceania,HI,1978,Outfish_Q,18805.17644
Australia,OCEANIA,Oceania,HI,1978,Land_Q,63703.79304
Australia,OCEANIA,Oceania,HI,1978,Labor_Q,374.9
Australia,OCEANIA,Oceania,HI,1978,Capital_Q,66294.65938
Australia,OCEANIA,Oceania,HI,1978,Machinery_Q,14530
Australia,OCEANIA,Oceania,HI,1978,Livestock_Q,38017.95981
Australia,OCEANIA,Oceania,HI,1978,Fertilizer_Q,1349461.548
Australia,OCEANIA,Oceania,HI,1978,Feed_Q,8938972.245
Australia,OCEANIA,Oceania,HI,1978,Cropland_Q,16800
Australia,OCEANIA,Oceania,HI,1978,Pasture_Q,479300
Australia,OCEANIA,Oceania,HI,1978,IrrigArea_Q,1488
Australia,OCEANIA,Oceania,HI,1979,TFP_Index,72.33065838
Australia,OCEANIA,Oceania,HI,1979,Outall_Index,62.23662347
Australia,OCEANIA,Oceania,HI,1979,Input_Index,86.04459694
Australia,OCEANIA,Oceania,HI,1979,Land_Index,99.64424866
Australia,OCEANIA,Oceania,HI,1979,Labor_Index,128.1721812
Australia,OCEANIA,Oceania,HI,1979,Capital_Index,62.05356804
Australia,OCEANIA,Oceania,HI,1979,Materials_Index,47.72267709
Australia,OCEANIA,Oceania,HI,1979,Outall_Q,26307644.4
Australia,OCEANIA,Oceania,HI,1979,Outcrop_Q,8523928
Australia,OCEANIA,Oceania,HI,1979,Outanim_Q,17767181
Australia,OCEANIA,Oceania,HI,1979,Outfish_Q,16535.39877
Australia,OCEANIA,Oceania,HI,1979,Land_Q,64019.32645
Australia,OCEANIA,Oceania,HI,1979,Labor_Q,399
Australia,OCEANIA,Oceania,HI,1979,Capital_Q,64696.36439
Australia,OCEANIA,Oceania,HI,1979,Machinery_Q,14488
Australia,OCEANIA,Oceania,HI,1979,Livestock_Q,36506.83421
Australia,OCEANIA,Oceania,HI,1979,Fertilizer_Q,1422888.374
Australia,OCEANIA,Oceania,HI,1979,Feed_Q,9075449.833
Australia,OCEANIA,Oceania,HI,1979,Cropland_Q,17438
Australia,OCEANIA,Oceania,HI,1979,Pasture_Q,475800
Australia,OCEANIA,Oceania,HI,1979,IrrigArea_Q,1494
Australia,OCEANIA,Oceania,HI,1980,TFP_Index,65.3163072
Australia,OCEANIA,Oceania,HI,1980,Outall_Index,55.7447724
Australia,OCEANIA,Oceania,HI,1980,Input_Index,85.34587271
Australia,OCEANIA,Oceania,HI,1980,Land_Index,100.7346281
Australia,OCEANIA,Oceania,HI,1980,Labor_Index,130.8384195
Australia,OCEANIA,Oceania,HI,1980,Capital_Index,61.49908354
Australia,OCEANIA,Oceania,HI,1980,Materials_Index,43.97958638
Australia,OCEANIA,Oceania,HI,1980,Outall_Q,23563515.62
Australia,OCEANIA,Oceania,HI,1980,Outcrop_Q,7241940
Australia,OCEANIA,Oceania,HI,1980,Outanim_Q,16304183
Australia,OCEANIA,Oceania,HI,1980,Outfish_Q,17392.62358
Australia,OCEANIA,Oceania,HI,1980,Land_Q,64719.87221
Australia,OCEANIA,Oceania,HI,1980,Labor_Q,407.3
Australia,OCEANIA,Oceania,HI,1980,Capital_Q,64118.26497
Australia,OCEANIA,Oceania,HI,1980,Machinery_Q,14444
Australia,OCEANIA,Oceania,HI,1980,Livestock_Q,36019.73179
Australia,OCEANIA,Oceania,HI,1980,Fertilizer_Q,1367570.672
Australia,OCEANIA,Oceania,HI,1980,Feed_Q,7423343.107
Australia,OCEANIA,Oceania,HI,1980,Cropland_Q,17954
Australia,OCEANIA,Oceania,HI,1980,Pasture_Q,477684
Australia,OCEANIA,Oceania,HI,1980,IrrigArea_Q,1500
Australia,OCEANIA,Oceania,HI,1981,TFP_Index,68.71296606
Australia,OCEANIA,Oceania,HI,1981,Outall_Index,59.08725999
Australia,OCEANIA,Oceania,HI,1981,Input_Index,85.99142691
Australia,OCEANIA,Oceania,HI,1981,Land_Index,101.6319068
Australia,OCEANIA,Oceania,HI,1981,Labor_Index,133.6010279
Australia,OCEANIA,Oceania,HI,1981,Capital_Index,60.47743351
Australia,OCEANIA,Oceania,HI,1981,Materials_Index,45.63873564
Australia,OCEANIA,Oceania,HI,1981,Outall_Q,24976397.14
Australia,OCEANIA,Oceania,HI,1981,Outcrop_Q,8991131
Australia,OCEANIA,Oceania,HI,1981,Outanim_Q,15967202
Australia,OCEANIA,Oceania,HI,1981,Outfish_Q,18064.13671
Australia,OCEANIA,Oceania,HI,1981,Land_Q,65296.35486
Australia,OCEANIA,Oceania,HI,1981,Labor_Q,415.9
Australia,OCEANIA,Oceania,HI,1981,Capital_Q,63053.10395
Australia,OCEANIA,Oceania,HI,1981,Machinery_Q,14402
Australia,OCEANIA,Oceania,HI,1981,Livestock_Q,34992.95585
Australia,OCEANIA,Oceania,HI,1981,Fertilizer_Q,1343631.843
Australia,OCEANIA,Oceania,HI,1981,Feed_Q,8995891.505
Australia,OCEANIA,Oceania,HI,1981,Cropland_Q,18396
Australia,OCEANIA,Oceania,HI,1981,Pasture_Q,477169
Australia,OCEANIA,Oceania,HI,1981,IrrigArea_Q,1654
Australia,OCEANIA,Oceania,HI,1982,TFP_Index,63.9663816
Australia,OCEANIA,Oceania,HI,1982,Outall_Index,54.96580702
Australia,OCEANIA,Oceania,HI,1982,Input_Index,85.92921101
Australia,OCEANIA,Oceania,HI,1982,Land_Index,102.6285831
Australia,OCEANIA,Oceania,HI,1982,Labor_Index,132.3160938
Australia,OCEANIA,Oceania,HI,1982,Capital_Index,60.23718141
Australia,OCEANIA,Oceania,HI,1982,Materials_Index,43.47997611
Australia,OCEANIA,Oceania,HI,1982,Outall_Q,23234244.16
Australia,OCEANIA,Oceania,HI,1982,Outcrop_Q,7024340
Australia,OCEANIA,Oceania,HI,1982,Outanim_Q,16192098
Australia,OCEANIA,Oceania,HI,1982,Outfish_Q,17806.15684
Australia,OCEANIA,Oceania,HI,1982,Land_Q,65936.69832
Australia,OCEANIA,Oceania,HI,1982,Labor_Q,411.9
Australia,OCEANIA,Oceania,HI,1982,Capital_Q,62802.61976
Australia,OCEANIA,Oceania,HI,1982,Machinery_Q,14360
Australia,OCEANIA,Oceania,HI,1982,Livestock_Q,34821.47657
Australia,OCEANIA,Oceania,HI,1982,Fertilizer_Q,1277225.491
Australia,OCEANIA,Oceania,HI,1982,Feed_Q,8624746.889
Australia,OCEANIA,Oceania,HI,1982,Cropland_Q,19613
Australia,OCEANIA,Oceania,HI,1982,Pasture_Q,471159
Australia,OCEANIA,Oceania,HI,1982,IrrigArea_Q,1645
Australia,OCEANIA,Oceania,HI,1983,TFP_Index,74.6804886
Australia,OCEANIA,Oceania,HI,1983,Outall_Index,63.80119663
Australia,OCEANIA,Oceania,HI,1983,Input_Index,85.43221639
Australia,OCEANIA,Oceania,HI,1983,Land_Index,101.3158681
Australia,OCEANIA,Oceania,HI,1983,Labor_Index,133.6010279
Australia,OCEANIA,Oceania,HI,1983,Capital_Index,58.21877908
Australia,OCEANIA,Oceania,HI,1983,Materials_Index,47.11238096
Australia,OCEANIA,Oceania,HI,1983,Outall_Q,26968995.1
Australia,OCEANIA,Oceania,HI,1983,Outcrop_Q,10616016
Australia,OCEANIA,Oceania,HI,1983,Outanim_Q,16334481
Australia,OCEANIA,Oceania,HI,1983,Outfish_Q,18498.09534
Australia,OCEANIA,Oceania,HI,1983,Land_Q,65093.30668
Australia,OCEANIA,Oceania,HI,1983,Labor_Q,415.9
Australia,OCEANIA,Oceania,HI,1983,Capital_Q,60698.2558
Australia,OCEANIA,Oceania,HI,1983,Machinery_Q,14318
Australia,OCEANIA,Oceania,HI,1983,Livestock_Q,32745.41385
Australia,OCEANIA,Oceania,HI,1983,Fertilizer_Q,1312469.514
Australia,OCEANIA,Oceania,HI,1983,Feed_Q,10861507.48
Australia,OCEANIA,Oceania,HI,1983,Cropland_Q,19421
Australia,OCEANIA,Oceania,HI,1983,Pasture_Q,464368
Australia,OCEANIA,Oceania,HI,1983,IrrigArea_Q,1635
Australia,OCEANIA,Oceania,HI,1984,TFP_Index,69.9433768
Australia,OCEANIA,Oceania,HI,1984,Outall_Index,61.2312341
Australia,OCEANIA,Oceania,HI,1984,Input_Index,87.54400617
Australia,OCEANIA,Oceania,HI,1984,Land_Index,105.213882
Australia,OCEANIA,Oceania,HI,1984,Labor_Index,129.2964986
Australia,OCEANIA,Oceania,HI,1984,Capital_Index,58.45280156
Australia,OCEANIA,Oceania,HI,1984,Materials_Index,49.01744712
Australia,OCEANIA,Oceania,HI,1984,Outall_Q,25882662.7
Australia,OCEANIA,Oceania,HI,1984,Outcrop_Q,10461303
Australia,OCEANIA,Oceania,HI,1984,Outanim_Q,15403233
Australia,OCEANIA,Oceania,HI,1984,Outfish_Q,18126.70051
Australia,OCEANIA,Oceania,HI,1984,Land_Q,67597.69832
Australia,OCEANIA,Oceania,HI,1984,Labor_Q,402.5
Australia,OCEANIA,Oceania,HI,1984,Capital_Q,60942.24504
Australia,OCEANIA,Oceania,HI,1984,Machinery_Q,14276
Australia,OCEANIA,Oceania,HI,1984,Livestock_Q,33078.53034
Australia,OCEANIA,Oceania,HI,1984,Fertilizer_Q,1373062.825
Australia,OCEANIA,Oceania,HI,1984,Feed_Q,11126028.24
Australia,OCEANIA,Oceania,HI,1984,Cropland_Q,21911
Australia,OCEANIA,Oceania,HI,1984,Pasture_Q,464647
Australia,OCEANIA,Oceania,HI,1984,IrrigArea_Q,1625
Australia,OCEANIA,Oceania,HI,1985,TFP_Index,71.12234989
Australia,OCEANIA,Oceania,HI,1985,Outall_Index,61.86505509
Australia,OCEANIA,Oceania,HI,1985,Input_Index,86.9839863
Australia,OCEANIA,Oceania,HI,1985,Land_Index,104.2940656
Australia,OCEANIA,Oceania,HI,1985,Labor_Index,132.2325731
Australia,OCEANIA,Oceania,HI,1985,Capital_Index,59.79444541
Australia,OCEANIA,Oceania,HI,1985,Materials_Index,45.29969644
Australia,OCEANIA,Oceania,HI,1985,Outall_Q,26150581.11
Australia,OCEANIA,Oceania,HI,1985,Outcrop_Q,10180259
Australia,OCEANIA,Oceania,HI,1985,Outanim_Q,15950730
Australia,OCEANIA,Oceania,HI,1985,Outfish_Q,19592.10805
Australia,OCEANIA,Oceania,HI,1985,Land_Q,67006.73567
Australia,OCEANIA,Oceania,HI,1985,Labor_Q,411.64
Australia,OCEANIA,Oceania,HI,1985,Capital_Q,62341.02809
Australia,OCEANIA,Oceania,HI,1985,Machinery_Q,14234
Australia,OCEANIA,Oceania,HI,1985,Livestock_Q,34609.21291
Australia,OCEANIA,Oceania,HI,1985,Fertilizer_Q,1280895.023
Australia,OCEANIA,Oceania,HI,1985,Feed_Q,10011929.28
Australia,OCEANIA,Oceania,HI,1985,Cropland_Q,21136
Australia,OCEANIA,Oceania,HI,1985,Pasture_Q,465655
Australia,OCEANIA,Oceania,HI,1985,IrrigArea_Q,1700
Australia,OCEANIA,Oceania,HI,1986,TFP_Index,73.93424215
Australia,OCEANIA,Oceania,HI,1986,Outall_Index,63.76911581
Australia,OCEANIA,Oceania,HI,1986,Input_Index,86.25112527
Australia,OCEANIA,Oceania,HI,1986,Land_Index,101.3403125
Australia,OCEANIA,Oceania,HI,1986,Labor_Index,136.2653389
Australia,OCEANIA,Oceania,HI,1986,Capital_Index,60.03372539
Australia,OCEANIA,Oceania,HI,1986,Materials_Index,47.69294355
Australia,OCEANIA,Oceania,HI,1986,Outall_Q,26955434.42
Australia,OCEANIA,Oceania,HI,1986,Outcrop_Q,10139759
Australia,OCEANIA,Oceania,HI,1986,Outanim_Q,16797870
Australia,OCEANIA,Oceania,HI,1986,Outfish_Q,17805.41774
Australia,OCEANIA,Oceania,HI,1986,Land_Q,65109.01168
Australia,OCEANIA,Oceania,HI,1986,Labor_Q,424.194
Australia,OCEANIA,Oceania,HI,1986,Capital_Q,62590.49876
Australia,OCEANIA,Oceania,HI,1986,Machinery_Q,14192
Australia,OCEANIA,Oceania,HI,1986,Livestock_Q,34960.6456
Australia,OCEANIA,Oceania,HI,1986,Fertilizer_Q,1323553.5
Australia,OCEANIA,Oceania,HI,1986,Feed_Q,11115687.67
Australia,OCEANIA,Oceania,HI,1986,Cropland_Q,20853
Australia,OCEANIA,Oceania,HI,1986,Pasture_Q,447688
Australia,OCEANIA,Oceania,HI,1986,IrrigArea_Q,1765
Australia,OCEANIA,Oceania,HI,1987,TFP_Index,73.59804612
Australia,OCEANIA,Oceania,HI,1987,Outall_Index,63.50845505
Australia,OCEANIA,Oceania,HI,1987,Input_Index,86.29095255
Australia,OCEANIA,Oceania,HI,1987,Land_Index,100.3010039
Australia,OCEANIA,Oceania,HI,1987,Labor_Index,132.1082557
Australia,OCEANIA,Oceania,HI,1987,Capital_Index,59.09303256
Australia,OCEANIA,Oceania,HI,1987,Materials_Index,54.17818341
Australia,OCEANIA,Oceania,HI,1987,Outall_Q,26845252.18
Australia,OCEANIA,Oceania,HI,1987,Outcrop_Q,9002929
Australia,OCEANIA,Oceania,HI,1987,Outanim_Q,17821485
Australia,OCEANIA,Oceania,HI,1987,Outfish_Q,20838.17978
Australia,OCEANIA,Oceania,HI,1987,Land_Q,64441.27783
Australia,OCEANIA,Oceania,HI,1987,Labor_Q,411.253
Australia,OCEANIA,Oceania,HI,1987,Capital_Q,61609.74281
Australia,OCEANIA,Oceania,HI,1987,Machinery_Q,14150
Australia,OCEANIA,Oceania,HI,1987,Livestock_Q,34026.84132
Australia,OCEANIA,Oceania,HI,1987,Fertilizer_Q,1510352.415
Australia,OCEANIA,Oceania,HI,1987,Feed_Q,12466070.14
Australia,OCEANIA,Oceania,HI,1987,Cropland_Q,19765
Australia,OCEANIA,Oceania,HI,1987,Pasture_Q,451255
Australia,OCEANIA,Oceania,HI,1987,IrrigArea_Q,1836
Australia,OCEANIA,Oceania,HI,1988,TFP_Index,76.87716464
Australia,OCEANIA,Oceania,HI,1988,Outall_Index,66.43526791
Australia,OCEANIA,Oceania,HI,1988,Input_Index,86.41742737
Australia,OCEANIA,Oceania,HI,1988,Land_Index,98.46810127
Australia,OCEANIA,Oceania,HI,1988,Labor_Index,138.3103116
Australia,OCEANIA,Oceania,HI,1988,Capital_Index,59.39566671
Australia,OCEANIA,Oceania,HI,1988,Materials_Index,58.21409626
Australia,OCEANIA,Oceania,HI,1988,Outall_Q,28082426.49
Australia,OCEANIA,Oceania,HI,1988,Outcrop_Q,9875865
Australia,OCEANIA,Oceania,HI,1988,Outanim_Q,18174737
Australia,OCEANIA,Oceania,HI,1988,Outfish_Q,31824.49349
Australia,OCEANIA,Oceania,HI,1988,Land_Q,63263.67658
Australia,OCEANIA,Oceania,HI,1988,Labor_Q,430.56
Australia,OCEANIA,Oceania,HI,1988,Capital_Q,61925.26584
Australia,OCEANIA,Oceania,HI,1988,Machinery_Q,14108
Australia,OCEANIA,Oceania,HI,1988,Livestock_Q,34444.95797
Australia,OCEANIA,Oceania,HI,1988,Fertilizer_Q,1527713.026
Australia,OCEANIA,Oceania,HI,1988,Feed_Q,15898363.8
Australia,OCEANIA,Oceania,HI,1988,Cropland_Q,18359
Australia,OCEANIA,Oceania,HI,1988,Pasture_Q,453693
Australia,OCEANIA,Oceania,HI,1988,IrrigArea_Q,1835
Australia,OCEANIA,Oceania,HI,1989,TFP_Index,77.01944362
Australia,OCEANIA,Oceania,HI,1989,Outall_Index,65.98156434
Australia,OCEANIA,Oceania,HI,1989,Input_Index,85.6687107
Australia,OCEANIA,Oceania,HI,1989,Land_Index,96.81567496
Australia,OCEANIA,Oceania,HI,1989,Labor_Index,136.5894635
Australia,OCEANIA,Oceania,HI,1989,Capital_Index,60.44008595
Australia,OCEANIA,Oceania,HI,1989,Materials_Index,57.65650788
Australia,OCEANIA,Oceania,HI,1989,Outall_Q,27890644.36
Australia,OCEANIA,Oceania,HI,1989,Outcrop_Q,9996077
Australia,OCEANIA,Oceania,HI,1989,Outanim_Q,17855548
Australia,OCEANIA,Oceania,HI,1989,Outfish_Q,39019.36275
Australia,OCEANIA,Oceania,HI,1989,Land_Q,62202.02756
Australia,OCEANIA,Oceania,HI,1989,Labor_Q,425.203
Australia,OCEANIA,Oceania,HI,1989,Capital_Q,63014.16579
Australia,OCEANIA,Oceania,HI,1989,Machinery_Q,14066
Australia,OCEANIA,Oceania,HI,1989,Livestock_Q,35685.37283
Australia,OCEANIA,Oceania,HI,1989,Fertilizer_Q,1521116.705
Australia,OCEANIA,Oceania,HI,1989,Feed_Q,15511292.98
Australia,OCEANIA,Oceania,HI,1989,Cropland_Q,17704
Australia,OCEANIA,Oceania,HI,1989,Pasture_Q,449400
Australia,OCEANIA,Oceania,HI,1989,IrrigArea_Q,1833
Australia,OCEANIA,Oceania,HI,1990,TFP_Index,82.55267384
Australia,OCEANIA,Oceania,HI,1990,Outall_Index,69.96811882
Australia,OCEANIA,Oceania,HI,1990,Input_Index,84.75572694
Australia,OCEANIA,Oceania,HI,1990,Land_Index,95.62350256
Australia,OCEANIA,Oceania,HI,1990,Labor_Index,139.9852233
Australia,OCEANIA,Oceania,HI,1990,Capital_Index,61.73274203
Australia,OCEANIA,Oceania,HI,1990,Materials_Index,52.22672118
Australia,OCEANIA,Oceania,HI,1990,Outall_Q,29575775.27
Australia,OCEANIA,Oceania,HI,1990,Outcrop_Q,10116310
Australia,OCEANIA,Oceania,HI,1990,Outanim_Q,19422948
Australia,OCEANIA,Oceania,HI,1990,Outfish_Q,36517.26747
Australia,OCEANIA,Oceania,HI,1990,Land_Q,61436.08196
Australia,OCEANIA,Oceania,HI,1990,Labor_Q,435.774
Australia,OCEANIA,Oceania,HI,1990,Capital_Q,64361.87474
Australia,OCEANIA,Oceania,HI,1990,Machinery_Q,14024
Australia,OCEANIA,Oceania,HI,1990,Livestock_Q,37230.84345
Australia,OCEANIA,Oceania,HI,1990,Fertilizer_Q,1294471.38
Australia,OCEANIA,Oceania,HI,1990,Feed_Q,16772240.5
Australia,OCEANIA,Oceania,HI,1990,Cropland_Q,17137
Australia,OCEANIA,Oceania,HI,1990,Pasture_Q,447300
Australia,OCEANIA,Oceania,HI,1990,IrrigArea_Q,1832
Australia,OCEANIA,Oceania,HI,1991,TFP_Index,83.26527724
Australia,OCEANIA,Oceania,HI,1991,Outall_Index,70.61752719
Australia,OCEANIA,Oceania,HI,1991,Input_Index,84.81029492
Australia,OCEANIA,Oceania,HI,1991,Land_Index,96.05923627
Australia,OCEANIA,Oceania,HI,1991,Labor_Index,131.8435593
Australia,OCEANIA,Oceania,HI,1991,Capital_Index,61.30772646
Australia,OCEANIA,Oceania,HI,1991,Materials_Index,54.29787359
Australia,OCEANIA,Oceania,HI,1991,Outall_Q,29850282.52
Australia,OCEANIA,Oceania,HI,1991,Outcrop_Q,10432407
Australia,OCEANIA,Oceania,HI,1991,Outanim_Q,19374046
Australia,OCEANIA,Oceania,HI,1991,Outfish_Q,43829.52168
Australia,OCEANIA,Oceania,HI,1991,Land_Q,61716.03167
Australia,OCEANIA,Oceania,HI,1991,Labor_Q,410.429
Australia,OCEANIA,Oceania,HI,1991,Capital_Q,63918.75819
Australia,OCEANIA,Oceania,HI,1991,Machinery_Q,13982
Australia,OCEANIA,Oceania,HI,1991,Livestock_Q,36864.13692
Australia,OCEANIA,Oceania,HI,1991,Fertilizer_Q,1415621.06
Australia,OCEANIA,Oceania,HI,1991,Feed_Q,14931989.12
Australia,OCEANIA,Oceania,HI,1991,Cropland_Q,17382
Australia,OCEANIA,Oceania,HI,1991,Pasture_Q,445400
Australia,OCEANIA,Oceania,HI,1991,IrrigArea_Q,2012
Australia,OCEANIA,Oceania,HI,1992,TFP_Index,81.16936543
Australia,OCEANIA,Oceania,HI,1992,Outall_Index,68.91864994
Australia,OCEANIA,Oceania,HI,1992,Input_Index,84.90721785
Australia,OCEANIA,Oceania,HI,1992,Land_Index,95.2580291
Australia,OCEANIA,Oceania,HI,1992,Labor_Index,123.5059428
Australia,OCEANIA,Oceania,HI,1992,Capital_Index,60.08175182
Australia,OCEANIA,Oceania,HI,1992,Materials_Index,63.25180122
Australia,OCEANIA,Oceania,HI,1992,Outall_Q,29132161
Australia,OCEANIA,Oceania,HI,1992,Outcrop_Q,10100967
Australia,OCEANIA,Oceania,HI,1992,Outanim_Q,18978391
Australia,OCEANIA,Oceania,HI,1992,Outfish_Q,52802.99915
Australia,OCEANIA,Oceania,HI,1992,Land_Q,61201.27298
Australia,OCEANIA,Oceania,HI,1992,Labor_Q,384.474
Australia,OCEANIA,Oceania,HI,1992,Capital_Q,62640.57059
Australia,OCEANIA,Oceania,HI,1992,Machinery_Q,13930
Australia,OCEANIA,Oceania,HI,1992,Livestock_Q,35674.64809
Australia,OCEANIA,Oceania,HI,1992,Fertilizer_Q,1553492.357
Australia,OCEANIA,Oceania,HI,1992,Feed_Q,20889443.75
Australia,OCEANIA,Oceania,HI,1992,Cropland_Q,16404
Australia,OCEANIA,Oceania,HI,1992,Pasture_Q,449600
Australia,OCEANIA,Oceania,HI,1992,IrrigArea_Q,2069
Australia,OCEANIA,Oceania,HI,1993,TFP_Index,84.3155713
Australia,OCEANIA,Oceania,HI,1993,Outall_Index,71.92356031
Australia,OCEANIA,Oceania,HI,1993,Input_Index,85.30282034
Australia,OCEANIA,Oceania,HI,1993,Land_Index,95.72153638
Australia,OCEANIA,Oceania,HI,1993,Labor_Index,125.2707999
Australia,OCEANIA,Oceania,HI,1993,Capital_Index,59.2833382
Australia,OCEANIA,Oceania,HI,1993,Materials_Index,64.64919399
Australia,OCEANIA,Oceania,HI,1993,Outall_Q,30402347.41
Australia,OCEANIA,Oceania,HI,1993,Outcrop_Q,11043608
Australia,OCEANIA,Oceania,HI,1993,Outanim_Q,19300038
Australia,OCEANIA,Oceania,HI,1993,Outfish_Q,58701.41251
Australia,OCEANIA,Oceania,HI,1993,Land_Q,61499.06662
Australia,OCEANIA,Oceania,HI,1993,Labor_Q,389.968
Australia,OCEANIA,Oceania,HI,1993,Capital_Q,61808.15336
Australia,OCEANIA,Oceania,HI,1993,Machinery_Q,13930
Australia,OCEANIA,Oceania,HI,1993,Livestock_Q,34842.25832
Australia,OCEANIA,Oceania,HI,1993,Fertilizer_Q,1649625.572
Australia,OCEANIA,Oceania,HI,1993,Feed_Q,18991048.66
Australia,OCEANIA,Oceania,HI,1993,Cropland_Q,17297
Australia,OCEANIA,Oceania,HI,1993,Pasture_Q,442800
Australia,OCEANIA,Oceania,HI,1993,IrrigArea_Q,2107
Australia,OCEANIA,Oceania,HI,1994,TFP_Index,84.96645143
Australia,OCEANIA,Oceania,HI,1994,Outall_Index,74.30499273
Australia,OCEANIA,Oceania,HI,1994,Input_Index,87.45215492
Australia,OCEANIA,Oceania,HI,1994,Land_Index,98.65588331
Australia,OCEANIA,Oceania,HI,1994,Labor_Index,123.8409894
Australia,OCEANIA,Oceania,HI,1994,Capital_Index,60.09902193
Australia,OCEANIA,Oceania,HI,1994,Materials_Index,67.18147493
Australia,OCEANIA,Oceania,HI,1994,Outall_Q,31408987.46
Australia,OCEANIA,Oceania,HI,1994,Outcrop_Q,11777626
Australia,OCEANIA,Oceania,HI,1994,Outanim_Q,19564922
Australia,OCEANIA,Oceania,HI,1994,Outfish_Q,66439.45578
Australia,OCEANIA,Oceania,HI,1994,Land_Q,63384.32258
Australia,OCEANIA,Oceania,HI,1994,Labor_Q,385.517
Australia,OCEANIA,Oceania,HI,1994,Capital_Q,62658.57621
Australia,OCEANIA,Oceania,HI,1994,Machinery_Q,13930
Australia,OCEANIA,Oceania,HI,1994,Livestock_Q,35692.74717
Australia,OCEANIA,Oceania,HI,1994,Fertilizer_Q,1871758.8
Australia,OCEANIA,Oceania,HI,1994,Feed_Q,15071138.11
Australia,OCEANIA,Oceania,HI,1994,Cropland_Q,18043
Australia,OCEANIA,Oceania,HI,1994,Pasture_Q,451100
Australia,OCEANIA,Oceania,HI,1994,IrrigArea_Q,2408
Australia,OCEANIA,Oceania,HI,1995,TFP_Index,77.45568665
Australia,OCEANIA,Oceania,HI,1995,Outall_Index,67.92585864
Australia,OCEANIA,Oceania,HI,1995,Input_Index,87.69641272
Australia,OCEANIA,Oceania,HI,1995,Land_Index,96.38343161
Australia,OCEANIA,Oceania,HI,1995,Labor_Index,125.3202698
Australia,OCEANIA,Oceania,HI,1995,Capital_Index,58.881512
Australia,OCEANIA,Oceania,HI,1995,Materials_Index,82.04400253
Australia,OCEANIA,Oceania,HI,1995,Outall_Q,28712504.55
Australia,OCEANIA,Oceania,HI,1995,Outcrop_Q,9624314
Australia,OCEANIA,Oceania,HI,1995,Outanim_Q,19007575
Australia,OCEANIA,Oceania,HI,1995,Outfish_Q,80615.55242
Australia,OCEANIA,Oceania,HI,1995,Land_Q,61924.32034
Australia,OCEANIA,Oceania,HI,1995,Labor_Q,390.122
Australia,OCEANIA,Oceania,HI,1995,Capital_Q,61389.21382
Australia,OCEANIA,Oceania,HI,1995,Machinery_Q,13930
Australia,OCEANIA,Oceania,HI,1995,Livestock_Q,34426.55765
Australia,OCEANIA,Oceania,HI,1995,Fertilizer_Q,2012150.837
Australia,OCEANIA,Oceania,HI,1995,Feed_Q,27215108.34
Australia,OCEANIA,Oceania,HI,1995,Cropland_Q,17040
Australia,OCEANIA,Oceania,HI,1995,Pasture_Q,446348
Australia,OCEANIA,Oceania,HI,1995,IrrigArea_Q,2400
Australia,OCEANIA,Oceania,HI,1996,TFP_Index,81.98071244
Australia,OCEANIA,Oceania,HI,1996,Outall_Index,74.9269218
Australia,OCEANIA,Oceania,HI,1996,Input_Index,91.39579247
Australia,OCEANIA,Oceania,HI,1996,Land_Index,99.97497446
Australia,OCEANIA,Oceania,HI,1996,Labor_Index,128.8493415
Australia,OCEANIA,Oceania,HI,1996,Capital_Index,62.97596808
Australia,OCEANIA,Oceania,HI,1996,Materials_Index,85.85646896
Australia,OCEANIA,Oceania,HI,1996,Outall_Q,31671879.11
Australia,OCEANIA,Oceania,HI,1996,Outcrop_Q,12958329
Australia,OCEANIA,Oceania,HI,1996,Outanim_Q,18622406
Australia,OCEANIA,Oceania,HI,1996,Outfish_Q,91144.1095
Australia,OCEANIA,Oceania,HI,1996,Land_Q,64231.8108
Australia,OCEANIA,Oceania,HI,1996,Labor_Q,401.108
Australia,OCEANIA,Oceania,HI,1996,Capital_Q,65658.04848
Australia,OCEANIA,Oceania,HI,1996,Machinery_Q,13930
Australia,OCEANIA,Oceania,HI,1996,Livestock_Q,35068.91837
Australia,OCEANIA,Oceania,HI,1996,Fertilizer_Q,2166667.436
Australia,OCEANIA,Oceania,HI,1996,Feed_Q,26090920.18
Australia,OCEANIA,Oceania,HI,1996,Cropland_Q,19409
Australia,OCEANIA,Oceania,HI,1996,Pasture_Q,445821
Australia,OCEANIA,Oceania,HI,1996,IrrigArea_Q,2390
Australia,OCEANIA,Oceania,HI,1997,TFP_Index,87.83595142
Australia,OCEANIA,Oceania,HI,1997,Outall_Index,82.49955652
Australia,OCEANIA,Oceania,HI,1997,Input_Index,93.92458918
Australia,OCEANIA,Oceania,HI,1997,Land_Index,101.9478652
Australia,OCEANIA,Oceania,HI,1997,Labor_Index,131.4413749
Australia,OCEANIA,Oceania,HI,1997,Capital_Index,65.75644594
Australia,OCEANIA,Oceania,HI,1997,Materials_Index,91.2221366
Australia,OCEANIA,Oceania,HI,1997,Outall_Q,34872859.02
Australia,OCEANIA,Oceania,HI,1997,Outcrop_Q,15434245
Australia,OCEANIA,Oceania,HI,1997,Outanim_Q,19344916
Australia,OCEANIA,Oceania,HI,1997,Outfish_Q,93698.01936
Australia,OCEANIA,Oceania,HI,1997,Land_Q,65499.35146
Australia,OCEANIA,Oceania,HI,1997,Labor_Q,409.177
Australia,OCEANIA,Oceania,HI,1997,Capital_Q,68556.94397
Australia,OCEANIA,Oceania,HI,1997,Machinery_Q,13930
Australia,OCEANIA,Oceania,HI,1997,Livestock_Q,35383.85383
Australia,OCEANIA,Oceania,HI,1997,Fertilizer_Q,2339779.213
Australia,OCEANIA,Oceania,HI,1997,Feed_Q,26374134.35
Australia,OCEANIA,Oceania,HI,1997,Cropland_Q,21133
Australia,OCEANIA,Oceania,HI,1997,Pasture_Q,441100
Australia,OCEANIA,Oceania,HI,1997,IrrigArea_Q,2380
Australia,OCEANIA,Oceania,HI,1998,TFP_Index,87.10460974
Australia,OCEANIA,Oceania,HI,1998,Outall_Index,82.7249181
Australia,OCEANIA,Oceania,HI,1998,Input_Index,94.9719175
Australia,OCEANIA,Oceania,HI,1998,Land_Index,102.8130502
Australia,OCEANIA,Oceania,HI,1998,Labor_Index,132.0379056
Australia,OCEANIA,Oceania,HI,1998,Capital_Index,66.96577114
Australia,OCEANIA,Oceania,HI,1998,Materials_Index,93.3806637
Australia,OCEANIA,Oceania,HI,1998,Outall_Q,34968120.17
Australia,OCEANIA,Oceania,HI,1998,Outcrop_Q,14670369
Australia,OCEANIA,Oceania,HI,1998,Outanim_Q,20209788
Australia,OCEANIA,Oceania,HI,1998,Outfish_Q,87963.16944
Australia,OCEANIA,Oceania,HI,1998,Land_Q,66055.21456
Australia,OCEANIA,Oceania,HI,1998,Labor_Q,411.034
Australia,OCEANIA,Oceania,HI,1998,Capital_Q,69817.77306
Australia,OCEANIA,Oceania,HI,1998,Machinery_Q,13930
Australia,OCEANIA,Oceania,HI,1998,Livestock_Q,35296.74145
Australia,OCEANIA,Oceania,HI,1998,Fertilizer_Q,2410221.433
Australia,OCEANIA,Oceania,HI,1998,Feed_Q,26483567.57
Australia,OCEANIA,Oceania,HI,1998,Cropland_Q,21595
Australia,OCEANIA,Oceania,HI,1998,Pasture_Q,442286
Australia,OCEANIA,Oceania,HI,1998,IrrigArea_Q,2365
Australia,OCEANIA,Oceania,HI,1999,TFP_Index,90.67739532
Australia,OCEANIA,Oceania,HI,1999,Outall_Index,87.72878278
Australia,OCEANIA,Oceania,HI,1999,Input_Index,96.7482386
Australia,OCEANIA,Oceania,HI,1999,Land_Index,103.4620537
Australia,OCEANIA,Oceania,HI,1999,Labor_Index,136.7973016
Australia,OCEANIA,Oceania,HI,1999,Capital_Index,70.2327082
Australia,OCEANIA,Oceania,HI,1999,Materials_Index,97.24117904
Australia,OCEANIA,Oceania,HI,1999,Outall_Q,37083271.75
Australia,OCEANIA,Oceania,HI,1999,Outcrop_Q,16237542
Australia,OCEANIA,Oceania,HI,1999,Outanim_Q,20736653
Australia,OCEANIA,Oceania,HI,1999,Outfish_Q,109076.7504
Australia,OCEANIA,Oceania,HI,1999,Land_Q,66472.18558
Australia,OCEANIA,Oceania,HI,1999,Labor_Q,425.85
Australia,OCEANIA,Oceania,HI,1999,Capital_Q,73223.84554
Australia,OCEANIA,Oceania,HI,1999,Machinery_Q,13930
Australia,OCEANIA,Oceania,HI,1999,Livestock_Q,34870.3913
Australia,OCEANIA,Oceania,HI,1999,Fertilizer_Q,2512893.244
Australia,OCEANIA,Oceania,HI,1999,Feed_Q,27476612.27
Australia,OCEANIA,Oceania,HI,1999,Cropland_Q,23264
Australia,OCEANIA,Oceania,HI,1999,Pasture_Q,430429
Australia,OCEANIA,Oceania,HI,1999,IrrigArea_Q,2251
Australia,OCEANIA,Oceania,HI,2000,TFP_Index,92.73846461
Australia,OCEANIA,Oceania,HI,2000,Outall_Index,90.31734012
Australia,OCEANIA,Oceania,HI,2000,Input_Index,97.3892985
Australia,OCEANIA,Oceania,HI,2000,Land_Index,104.680333
Australia,OCEANIA,Oceania,HI,2000,Labor_Index,138.2637327
Australia,OCEANIA,Oceania,HI,2000,Capital_Index,70.71728195
Australia,OCEANIA,Oceania,HI,2000,Materials_Index,94.30806738
Australia,OCEANIA,Oceania,HI,2000,Outall_Q,38177464.24
Australia,OCEANIA,Oceania,HI,2000,Outcrop_Q,16872487
Australia,OCEANIA,Oceania,HI,2000,Outanim_Q,21180090
Australia,OCEANIA,Oceania,HI,2000,Outfish_Q,124887.2418
Australia,OCEANIA,Oceania,HI,2000,Land_Q,67254.90434
Australia,OCEANIA,Oceania,HI,2000,Labor_Q,430.415
Australia,OCEANIA,Oceania,HI,2000,Capital_Q,73729.05678
Australia,OCEANIA,Oceania,HI,2000,Machinery_Q,13930
Australia,OCEANIA,Oceania,HI,2000,Livestock_Q,35933.24817
Australia,OCEANIA,Oceania,HI,2000,Fertilizer_Q,2435433.34
Australia,OCEANIA,Oceania,HI,2000,Feed_Q,26703667.7
Australia,OCEANIA,Oceania,HI,2000,Cropland_Q,23769
Australia,OCEANIA,Oceania,HI,2000,Pasture_Q,431700
Australia,OCEANIA,Oceania,HI,2000,IrrigArea_Q,2384
Australia,OCEANIA,Oceania,HI,2001,TFP_Index,90.44792506
Australia,OCEANIA,Oceania,HI,2001,Outall_Index,89.75352562
Australia,OCEANIA,Oceania,HI,2001,Input_Index,99.23226604
Australia,OCEANIA,Oceania,HI,2001,Land_Index,105.9986486
Australia,OCEANIA,Oceania,HI,2001,Labor_Index,137.2727273
Australia,OCEANIA,Oceania,HI,2001,Capital_Index,71.37357913
Australia,OCEANIA,Oceania,HI,2001,Materials_Index,101.5948066
Australia,OCEANIA,Oceania,HI,2001,Outall_Q,37939137.82
Australia,OCEANIA,Oceania,HI,2001,Outcrop_Q,16638184
Australia,OCEANIA,Oceania,HI,2001,Outanim_Q,21159034
Australia,OCEANIA,Oceania,HI,2001,Outfish_Q,141919.8245
Australia,OCEANIA,Oceania,HI,2001,Land_Q,68101.89427
Australia,OCEANIA,Oceania,HI,2001,Labor_Q,427.33
Australia,OCEANIA,Oceania,HI,2001,Capital_Q,74413.30497
Australia,OCEANIA,Oceania,HI,2001,Machinery_Q,13930
Australia,OCEANIA,Oceania,HI,2001,Livestock_Q,35401.78836
Australia,OCEANIA,Oceania,HI,2001,Fertilizer_Q,2627584.807
Australia,OCEANIA,Oceania,HI,2001,Feed_Q,28650787.69
Australia,OCEANIA,Oceania,HI,2001,Cropland_Q,24520
Australia,OCEANIA,Oceania,HI,2001,Pasture_Q,431180
Australia,OCEANIA,Oceania,HI,2001,IrrigArea_Q,2506
Australia,OCEANIA,Oceania,HI,2002,TFP_Index,93.55189694
Australia,OCEANIA,Oceania,HI,2002,Outall_Index,90.84250455
Australia,OCEANIA,Oceania,HI,2002,Input_Index,97.10386162
Australia,OCEANIA,Oceania,HI,2002,Land_Index,104.147034
Australia,OCEANIA,Oceania,HI,2002,Labor_Index,129.0282686
Australia,OCEANIA,Oceania,HI,2002,Capital_Index,73.03828473
Australia,OCEANIA,Oceania,HI,2002,Materials_Index,94.11324223
Australia,OCEANIA,Oceania,HI,2002,Outall_Q,38399453.13
Australia,OCEANIA,Oceania,HI,2002,Outcrop_Q,16837444
Australia,OCEANIA,Oceania,HI,2002,Outanim_Q,21405480
Australia,OCEANIA,Oceania,HI,2002,Outfish_Q,156529.1306
Australia,OCEANIA,Oceania,HI,2002,Land_Q,66912.27101
Australia,OCEANIA,Oceania,HI,2002,Labor_Q,401.665
Australia,OCEANIA,Oceania,HI,2002,Capital_Q,76148.90864
Australia,OCEANIA,Oceania,HI,2002,Machinery_Q,13930
Australia,OCEANIA,Oceania,HI,2002,Livestock_Q,35072.31952
Australia,OCEANIA,Oceania,HI,2002,Fertilizer_Q,2419212.453
Australia,OCEANIA,Oceania,HI,2002,Feed_Q,26978987.95
Australia,OCEANIA,Oceania,HI,2002,Cropland_Q,24060
Australia,OCEANIA,Oceania,HI,2002,Pasture_Q,422940
Australia,OCEANIA,Oceania,HI,2002,IrrigArea_Q,2545
Australia,OCEANIA,Oceania,HI,2003,TFP_Index,76.41130559
Australia,OCEANIA,Oceania,HI,2003,Outall_Index,74.00487482
Australia,OCEANIA,Oceania,HI,2003,Input_Index,96.85068754
Australia,OCEANIA,Oceania,HI,2003,Land_Index,102.3639343
Australia,OCEANIA,Oceania,HI,2003,Labor_Index,117.869258
Australia,OCEANIA,Oceania,HI,2003,Capital_Index,77.07693132
Australia,OCEANIA,Oceania,HI,2003,Materials_Index,96.81494144
Australia,OCEANIA,Oceania,HI,2003,Outall_Q,31282126.54
Australia,OCEANIA,Oceania,HI,2003,Outcrop_Q,11167218
Australia,OCEANIA,Oceania,HI,2003,Outanim_Q,19954946
Australia,OCEANIA,Oceania,HI,2003,Outfish_Q,159962.5373
Australia,OCEANIA,Oceania,HI,2003,Land_Q,65766.66708
Australia,OCEANIA,Oceania,HI,2003,Labor_Q,366.927
Australia,OCEANIA,Oceania,HI,2003,Capital_Q,80359.55695
Australia,OCEANIA,Oceania,HI,2003,Machinery_Q,13930
Australia,OCEANIA,Oceania,HI,2003,Livestock_Q,33313.64397
Australia,OCEANIA,Oceania,HI,2003,Fertilizer_Q,2321020.258
Australia,OCEANIA,Oceania,HI,2003,Feed_Q,33435705.88
Australia,OCEANIA,Oceania,HI,2003,Cropland_Q,23575
Australia,OCEANIA,Oceania,HI,2003,Pasture_Q,415925
Australia,OCEANIA,Oceania,HI,2003,IrrigArea_Q,2545
Australia,OCEANIA,Oceania,HI,2004,TFP_Index,92.03534874
Australia,OCEANIA,Oceania,HI,2004,Outall_Index,89.29531902
Australia,OCEANIA,Oceania,HI,2004,Input_Index,97.02285072
Australia,OCEANIA,Oceania,HI,2004,Land_Index,99.35944319
Australia,OCEANIA,Oceania,HI,2004,Labor_Index,114.3189849
Australia,OCEANIA,Oceania,HI,2004,Capital_Index,81.33404313
Australia,OCEANIA,Oceania,HI,2004,Materials_Index,103.288321
Australia,OCEANIA,Oceania,HI,2004,Outall_Q,37745452.25
Australia,OCEANIA,Oceania,HI,2004,Outcrop_Q,17234902
Australia,OCEANIA,Oceania,HI,2004,Outanim_Q,20332874
Australia,OCEANIA,Oceania,HI,2004,Outfish_Q,177676.248
Australia,OCEANIA,Oceania,HI,2004,Land_Q,63836.34496
Australia,OCEANIA,Oceania,HI,2004,Labor_Q,355.875
Australia,OCEANIA,Oceania,HI,2004,Capital_Q,84797.97469
Australia,OCEANIA,Oceania,HI,2004,Machinery_Q,14645.97916
Australia,OCEANIA,Oceania,HI,2004,Livestock_Q,34161.19131
Australia,OCEANIA,Oceania,HI,2004,Fertilizer_Q,2581261.832
Australia,OCEANIA,Oceania,HI,2004,Feed_Q,31924536.09
Australia,OCEANIA,Oceania,HI,2004,Cropland_Q,26080
Australia,OCEANIA,Oceania,HI,2004,Pasture_Q,368826
Australia,OCEANIA,Oceania,HI,2004,IrrigArea_Q,2545
Australia,OCEANIA,Oceania,HI,2005,TFP_Index,88.87384071
Australia,OCEANIA,Oceania,HI,2005,Outall_Index,88.26658109
Australia,OCEANIA,Oceania,HI,2005,Input_Index,99.31671725
Australia,OCEANIA,Oceania,HI,2005,Land_Index,102.5388837
Australia,OCEANIA,Oceania,HI,2005,Labor_Index,113.3070993
Australia,OCEANIA,Oceania,HI,2005,Capital_Index,84.91080187
Australia,OCEANIA,Oceania,HI,2005,Materials_Index,101.7944931
Australia,OCEANIA,Oceania,HI,2005,Outall_Q,37310601.03
Australia,OCEANIA,Oceania,HI,2005,Outcrop_Q,16679145
Australia,OCEANIA,Oceania,HI,2005,Outanim_Q,20451917
Australia,OCEANIA,Oceania,HI,2005,Outfish_Q,179539.0284
Australia,OCEANIA,Oceania,HI,2005,Land_Q,65879.06839
Australia,OCEANIA,Oceania,HI,2005,Labor_Q,352.725
Australia,OCEANIA,Oceania,HI,2005,Capital_Q,88527.06382
Australia,OCEANIA,Oceania,HI,2005,Machinery_Q,14878.74026
Australia,OCEANIA,Oceania,HI,2005,Livestock_Q,34356.55216
Australia,OCEANIA,Oceania,HI,2005,Fertilizer_Q,2362755.492
Australia,OCEANIA,Oceania,HI,2005,Feed_Q,38326350.2
Australia,OCEANIA,Oceania,HI,2005,Cropland_Q,26742
Australia,OCEANIA,Oceania,HI,2005,Pasture_Q,383488
Australia,OCEANIA,Oceania,HI,2005,IrrigArea_Q,2545
Australia,OCEANIA,Oceania,HI,2006,TFP_Index,93.46748356
Australia,OCEANIA,Oceania,HI,2006,Outall_Index,91.47771941
Australia,OCEANIA,Oceania,HI,2006,Input_Index,97.87116966
Australia,OCEANIA,Oceania,HI,2006,Land_Index,99.33536488
Australia,OCEANIA,Oceania,HI,2006,Labor_Index,110.5624799
Australia,OCEANIA,Oceania,HI,2006,Capital_Index,90.08763917
Australia,OCEANIA,Oceania,HI,2006,Materials_Index,96.37746483
Australia,OCEANIA,Oceania,HI,2006,Outall_Q,38667960.74
Australia,OCEANIA,Oceania,HI,2006,Outcrop_Q,17313661
Australia,OCEANIA,Oceania,HI,2006,Outanim_Q,21143314
Australia,OCEANIA,Oceania,HI,2006,Outfish_Q,210985.7363
Australia,OCEANIA,Oceania,HI,2006,Land_Q,63820.87515
Australia,OCEANIA,Oceania,HI,2006,Labor_Q,344.181
Australia,OCEANIA,Oceania,HI,2006,Capital_Q,93924.3772
Australia,OCEANIA,Oceania,HI,2006,Machinery_Q,14194.25207
Australia,OCEANIA,Oceania,HI,2006,Livestock_Q,34040.81882
Australia,OCEANIA,Oceania,HI,2006,Fertilizer_Q,2231322.379
Australia,OCEANIA,Oceania,HI,2006,Feed_Q,36534837.35
Australia,OCEANIA,Oceania,HI,2006,Cropland_Q,24565
Australia,OCEANIA,Oceania,HI,2006,Pasture_Q,384737
Australia,OCEANIA,Oceania,HI,2006,IrrigArea_Q,2546
Australia,OCEANIA,Oceania,HI,2007,TFP_Index,78.63494794
Australia,OCEANIA,Oceania,HI,2007,Outall_Index,76.27817006
Australia,OCEANIA,Oceania,HI,2007,Input_Index,97.00288747
Australia,OCEANIA,Oceania,HI,2007,Land_Index,96.27165659
Australia,OCEANIA,Oceania,HI,2007,Labor_Index,111.0160617
Australia,OCEANIA,Oceania,HI,2007,Capital_Index,94.25211768
Australia,OCEANIA,Oceania,HI,2007,Materials_Index,94.95056103
Australia,OCEANIA,Oceania,HI,2007,Outall_Q,32243056.61
Australia,OCEANIA,Oceania,HI,2007,Outcrop_Q,10970052
Australia,OCEANIA,Oceania,HI,2007,Outanim_Q,21040508
Australia,OCEANIA,Oceania,HI,2007,Outfish_Q,232496.6052
Australia,OCEANIA,Oceania,HI,2007,Land_Q,61852.50724
Australia,OCEANIA,Oceania,HI,2007,Labor_Q,345.593
Australia,OCEANIA,Oceania,HI,2007,Capital_Q,98266.21648
Australia,OCEANIA,Oceania,HI,2007,Machinery_Q,14070.22988
Australia,OCEANIA,Oceania,HI,2007,Livestock_Q,33140.11282
Australia,OCEANIA,Oceania,HI,2007,Fertilizer_Q,2223254.961
Australia,OCEANIA,Oceania,HI,2007,Feed_Q,34924373.76
Australia,OCEANIA,Oceania,HI,2007,Cropland_Q,23530
Australia,OCEANIA,Oceania,HI,2007,Pasture_Q,374826
Australia,OCEANIA,Oceania,HI,2007,IrrigArea_Q,2546
Australia,OCEANIA,Oceania,HI,2008,TFP_Index,82.07250512
Australia,OCEANIA,Oceania,HI,2008,Outall_Index,79.19660332
Australia,OCEANIA,Oceania,HI,2008,Input_Index,96.49590103
Australia,OCEANIA,Oceania,HI,2008,Land_Index,96.13255799
Australia,OCEANIA,Oceania,HI,2008,Labor_Index,110.7417282
Australia,OCEANIA,Oceania,HI,2008,Capital_Index,96.08617863
Australia,OCEANIA,Oceania,HI,2008,Materials_Index,89.5713708
Australia,OCEANIA,Oceania,HI,2008,Outall_Q,33476688.83
Australia,OCEANIA,Oceania,HI,2008,Outcrop_Q,12874380
Australia,OCEANIA,Oceania,HI,2008,Outanim_Q,20354807
Australia,OCEANIA,Oceania,HI,2008,Outfish_Q,247501.8286
Australia,OCEANIA,Oceania,HI,2008,Land_Q,61763.13933
Australia,OCEANIA,Oceania,HI,2008,Labor_Q,344.739
Australia,OCEANIA,Oceania,HI,2008,Capital_Q,100178.3881
Australia,OCEANIA,Oceania,HI,2008,Machinery_Q,14521.69798
Australia,OCEANIA,Oceania,HI,2008,Livestock_Q,31550.6056
Australia,OCEANIA,Oceania,HI,2008,Fertilizer_Q,2023278.09
Australia,OCEANIA,Oceania,HI,2008,Feed_Q,36264433.82
Australia,OCEANIA,Oceania,HI,2008,Cropland_Q,24374
Australia,OCEANIA,Oceania,HI,2008,Pasture_Q,364914
Australia,OCEANIA,Oceania,HI,2008,IrrigArea_Q,2546
Australia,OCEANIA,Oceania,HI,2009,TFP_Index,88.17532618
Australia,OCEANIA,Oceania,HI,2009,Outall_Index,85.5212969
Australia,OCEANIA,Oceania,HI,2009,Input_Index,96.99005448
Australia,OCEANIA,Oceania,HI,2009,Land_Index,99.81799865
Australia,OCEANIA,Oceania,HI,2009,Labor_Index,111.9476389
Australia,OCEANIA,Oceania,HI,2009,Capital_Index,97.92989432
Australia,OCEANIA,Oceania,HI,2009,Materials_Index,77.70216373
Australia,OCEANIA,Oceania,HI,2009,Outall_Q,36150159.54
Australia,OCEANIA,Oceania,HI,2009,Outcrop_Q,15717585
Australia,OCEANIA,Oceania,HI,2009,Outanim_Q,20135482
Australia,OCEANIA,Oceania,HI,2009,Outfish_Q,297092.5359
Australia,OCEANIA,Oceania,HI,2009,Land_Q,64130.95716
Australia,OCEANIA,Oceania,HI,2009,Labor_Q,348.493
Australia,OCEANIA,Oceania,HI,2009,Capital_Q,102100.6258
Australia,OCEANIA,Oceania,HI,2009,Machinery_Q,15351.03555
Australia,OCEANIA,Oceania,HI,2009,Livestock_Q,31721.71586
Australia,OCEANIA,Oceania,HI,2009,Fertilizer_Q,1806246.234
Australia,OCEANIA,Oceania,HI,2009,Feed_Q,29138819.27
Australia,OCEANIA,Oceania,HI,2009,Cropland_Q,27511
Australia,OCEANIA,Oceania,HI,2009,Pasture_Q,356746
Australia,OCEANIA,Oceania,HI,2009,IrrigArea_Q,2546
Australia,OCEANIA,Oceania,HI,2010,TFP_Index,87.58041687
Australia,OCEANIA,Oceania,HI,2010,Outall_Index,85.45197945
Australia,OCEANIA,Oceania,HI,2010,Input_Index,97.56973363
Australia,OCEANIA,Oceania,HI,2010,Land_Index,96.48679599
Australia,OCEANIA,Oceania,HI,2010,Labor_Index,114.057822
Australia,OCEANIA,Oceania,HI,2010,Capital_Index,98.38153677
Australia,OCEANIA,Oceania,HI,2010,Materials_Index,90.22585581
Australia,OCEANIA,Oceania,HI,2010,Outall_Q,36120858.8
Australia,OCEANIA,Oceania,HI,2010,Outcrop_Q,15893330
Australia,OCEANIA,Oceania,HI,2010,Outanim_Q,19909588
Australia,OCEANIA,Oceania,HI,2010,Outfish_Q,317940.8001
Australia,OCEANIA,Oceania,HI,2010,Land_Q,61990.72977
Australia,OCEANIA,Oceania,HI,2010,Labor_Q,355.062
Australia,OCEANIA,Oceania,HI,2010,Capital_Q,102571.5032
Australia,OCEANIA,Oceania,HI,2010,Machinery_Q,15074.85217
Australia,OCEANIA,Oceania,HI,2010,Livestock_Q,30173.11769
Australia,OCEANIA,Oceania,HI,2010,Fertilizer_Q,2114869.198
Australia,OCEANIA,Oceania,HI,2010,Feed_Q,33092641.5
Australia,OCEANIA,Oceania,HI,2010,Cropland_Q,25968
Australia,OCEANIA,Oceania,HI,2010,Pasture_Q,350404
Australia,OCEANIA,Oceania,HI,2010,IrrigArea_Q,2546
Australia,OCEANIA,Oceania,HI,2011,TFP_Index,88.93866099
Australia,OCEANIA,Oceania,HI,2011,Outall_Index,91.95897281
Australia,OCEANIA,Oceania,HI,2011,Input_Index,103.3959493
Australia,OCEANIA,Oceania,HI,2011,Land_Index,107.9959481
Australia,OCEANIA,Oceania,HI,2011,Labor_Index,101.2502409
Australia,OCEANIA,Oceania,HI,2011,Capital_Index,99.99638349
Australia,OCEANIA,Oceania,HI,2011,Materials_Index,93.64306245
Australia,OCEANIA,Oceania,HI,2011,Outall_Q,38871388.28
Australia,OCEANIA,Oceania,HI,2011,Outcrop_Q,18513847
Australia,OCEANIA,Oceania,HI,2011,Outanim_Q,20030157
Australia,OCEANIA,Oceania,HI,2011,Outfish_Q,327384.2759
Australia,OCEANIA,Oceania,HI,2011,Land_Q,69385.11709
Australia,OCEANIA,Oceania,HI,2011,Labor_Q,315.192
Australia,OCEANIA,Oceania,HI,2011,Capital_Q,104255.1245
Australia,OCEANIA,Oceania,HI,2011,Machinery_Q,16002.67199
Australia,OCEANIA,Oceania,HI,2011,Livestock_Q,32174.15292
Australia,OCEANIA,Oceania,HI,2011,Fertilizer_Q,2310939.655
Australia,OCEANIA,Oceania,HI,2011,Feed_Q,29933198
Australia,OCEANIA,Oceania,HI,2011,Cropland_Q,32078
Australia,OCEANIA,Oceania,HI,2011,Pasture_Q,364043
Australia,OCEANIA,Oceania,HI,2011,IrrigArea_Q,2546
Australia,OCEANIA,Oceania,HI,2012,TFP_Index,95.31458516
Australia,OCEANIA,Oceania,HI,2012,Outall_Index,98.23116509
Australia,OCEANIA,Oceania,HI,2012,Input_Index,103.0599513
Australia,OCEANIA,Oceania,HI,2012,Land_Index,106.5503521
Australia,OCEANIA,Oceania,HI,2012,Labor_Index,101.867973
Australia,OCEANIA,Oceania,HI,2012,Capital_Index,101.2383949
Australia,OCEANIA,Oceania,HI,2012,Materials_Index,94.14093502
Australia,OCEANIA,Oceania,HI,2012,Outall_Q,41522666.49
Australia,OCEANIA,Oceania,HI,2012,Outcrop_Q,20662648
Australia,OCEANIA,Oceania,HI,2012,Outanim_Q,20507877
Australia,OCEANIA,Oceania,HI,2012,Outfish_Q,352141.4939
Australia,OCEANIA,Oceania,HI,2012,Land_Q,68456.35212
Australia,OCEANIA,Oceania,HI,2012,Labor_Q,317.115
Australia,OCEANIA,Oceania,HI,2012,Capital_Q,105550.0319
Australia,OCEANIA,Oceania,HI,2012,Machinery_Q,16127.32372
Australia,OCEANIA,Oceania,HI,2012,Livestock_Q,32367.29905
Australia,OCEANIA,Oceania,HI,2012,Fertilizer_Q,2351470.7
Australia,OCEANIA,Oceania,HI,2012,Feed_Q,29136601.33
Australia,OCEANIA,Oceania,HI,2012,Cropland_Q,31993
Australia,OCEANIA,Oceania,HI,2012,Pasture_Q,355083
Australia,OCEANIA,Oceania,HI,2012,IrrigArea_Q,2546
Australia,OCEANIA,Oceania,HI,2013,TFP_Index,97.41125474
Australia,OCEANIA,Oceania,HI,2013,Outall_Index,98.43551929
Australia,OCEANIA,Oceania,HI,2013,Input_Index,101.0514848
Australia,OCEANIA,Oceania,HI,2013,Land_Index,103.7690542
Australia,OCEANIA,Oceania,HI,2013,Labor_Index,96.14102152
Australia,OCEANIA,Oceania,HI,2013,Capital_Index,101.8275361
Australia,OCEANIA,Oceania,HI,2013,Materials_Index,93.56043318
Australia,OCEANIA,Oceania,HI,2013,Outall_Q,41609047.75
Australia,OCEANIA,Oceania,HI,2013,Outcrop_Q,19222869
Australia,OCEANIA,Oceania,HI,2013,Outanim_Q,22041229
Australia,OCEANIA,Oceania,HI,2013,Outfish_Q,344949.7504
Australia,OCEANIA,Oceania,HI,2013,Land_Q,66669.42695
Australia,OCEANIA,Oceania,HI,2013,Labor_Q,299.287
Australia,OCEANIA,Oceania,HI,2013,Capital_Q,106164.264
Australia,OCEANIA,Oceania,HI,2013,Machinery_Q,15621.55545
Australia,OCEANIA,Oceania,HI,2013,Livestock_Q,33113.72141
Australia,OCEANIA,Oceania,HI,2013,Fertilizer_Q,2431060.936
Australia,OCEANIA,Oceania,HI,2013,Feed_Q,26059516.17
Australia,OCEANIA,Oceania,HI,2013,Cropland_Q,31611
Australia,OCEANIA,Oceania,HI,2013,Pasture_Q,340164
Australia,OCEANIA,Oceania,HI,2013,IrrigArea_Q,2546
Australia,OCEANIA,Oceania,HI,2014,TFP_Index,97.3588353
Australia,OCEANIA,Oceania,HI,2014,Outall_Index,101.2113024
Australia,OCEANIA,Oceania,HI,2014,Input_Index,103.9569774
Australia,OCEANIA,Oceania,HI,2014,Land_Index,105.1384692
Australia,OCEANIA,Oceania,HI,2014,Labor_Index,103.9245101
Australia,OCEANIA,Oceania,HI,2014,Capital_Index,101.1902405
Australia,OCEANIA,Oceania,HI,2014,Materials_Index,103.7767181
Australia,OCEANIA,Oceania,HI,2014,Outall_Q,42782381.24
Australia,OCEANIA,Oceania,HI,2014,Outcrop_Q,19090228
Australia,OCEANIA,Oceania,HI,2014,Outanim_Q,23384282
Australia,OCEANIA,Oceania,HI,2014,Outfish_Q,307871.2402
Australia,OCEANIA,Oceania,HI,2014,Land_Q,67549.24717
Australia,OCEANIA,Oceania,HI,2014,Labor_Q,323.517
Australia,OCEANIA,Oceania,HI,2014,Capital_Q,105499.8267
Australia,OCEANIA,Oceania,HI,2014,Machinery_Q,16422.93541
Australia,OCEANIA,Oceania,HI,2014,Livestock_Q,32693.77591
Australia,OCEANIA,Oceania,HI,2014,Fertilizer_Q,2701635.655
Australia,OCEANIA,Oceania,HI,2014,Feed_Q,28759100
Australia,OCEANIA,Oceania,HI,2014,Cropland_Q,32307
Australia,OCEANIA,Oceania,HI,2014,Pasture_Q,342116
Australia,OCEANIA,Oceania,HI,2014,IrrigArea_Q,2546
Australia,OCEANIA,Oceania,HI,2015,TFP_Index,100
Australia,OCEANIA,Oceania,HI,2015,Outall_Index,100
Australia,OCEANIA,Oceania,HI,2015,Input_Index,100
Australia,OCEANIA,Oceania,HI,2015,Land_Index,100
Australia,OCEANIA,Oceania,HI,2015,Labor_Index,100
Australia,OCEANIA,Oceania,HI,2015,Capital_Index,100
Australia,OCEANIA,Oceania,HI,2015,Materials_Index,100
Australia,OCEANIA,Oceania,HI,2015,Outall_Q,42270359.37
Australia,OCEANIA,Oceania,HI,2015,Outcrop_Q,18175522
Australia,OCEANIA,Oceania,HI,2015,Outanim_Q,23735999
Australia,OCEANIA,Oceania,HI,2015,Outfish_Q,358838.3676
Australia,OCEANIA,Oceania,HI,2015,Land_Q,64247.88918
Australia,OCEANIA,Oceania,HI,2015,Labor_Q,311.3
Australia,OCEANIA,Oceania,HI,2015,Capital_Q,104258.8951
Australia,OCEANIA,Oceania,HI,2015,Machinery_Q,15909.2297
Australia,OCEANIA,Oceania,HI,2015,Livestock_Q,31087.57522
Australia,OCEANIA,Oceania,HI,2015,Fertilizer_Q,2619785.453
Australia,OCEANIA,Oceania,HI,2015,Feed_Q,27249595.17
Australia,OCEANIA,Oceania,HI,2015,Cropland_Q,31397
Australia,OCEANIA,Oceania,HI,2015,Pasture_Q,316722
Australia,OCEANIA,Oceania,HI,2015,IrrigArea_Q,2546
Australia,OCEANIA,Oceania,HI,2016,TFP_Index,97.35541717
Australia,OCEANIA,Oceania,HI,2016,Outall_Index,97.55428353
Australia,OCEANIA,Oceania,HI,2016,Input_Index,100.2042684
Australia,OCEANIA,Oceania,HI,2016,Land_Index,97.75466935
Australia,OCEANIA,Oceania,HI,2016,Labor_Index,100.8573723
Australia,OCEANIA,Oceania,HI,2016,Capital_Index,100.5501211
Australia,OCEANIA,Oceania,HI,2016,Materials_Index,108.9307448
Australia,OCEANIA,Oceania,HI,2016,Outall_Q,41236546.23
Australia,OCEANIA,Oceania,HI,2016,Outcrop_Q,18407436
Australia,OCEANIA,Oceania,HI,2016,Outanim_Q,22432477
Australia,OCEANIA,Oceania,HI,2016,Outfish_Q,396633.2279
Australia,OCEANIA,Oceania,HI,2016,Land_Q,62805.31164
Australia,OCEANIA,Oceania,HI,2016,Labor_Q,313.969
Australia,OCEANIA,Oceania,HI,2016,Capital_Q,104832.4452
Australia,OCEANIA,Oceania,HI,2016,Machinery_Q,15749.10051
Australia,OCEANIA,Oceania,HI,2016,Livestock_Q,28795.01051
Australia,OCEANIA,Oceania,HI,2016,Fertilizer_Q,2818432.686
Australia,OCEANIA,Oceania,HI,2016,Feed_Q,30687127.83
Australia,OCEANIA,Oceania,HI,2016,Cropland_Q,30378
Australia,OCEANIA,Oceania,HI,2016,Pasture_Q,312224
Australia,OCEANIA,Oceania,HI,2016,IrrigArea_Q,2546
Australia,OCEANIA,Oceania,HI,2017,TFP_Index,104.1166753
Australia,OCEANIA,Oceania,HI,2017,Outall_Index,108.3756721
Australia,OCEANIA,Oceania,HI,2017,Input_Index,104.0906001
Australia,OCEANIA,Oceania,HI,2017,Land_Index,103.0210264
Australia,OCEANIA,Oceania,HI,2017,Labor_Index,102.2785095
Australia,OCEANIA,Oceania,HI,2017,Capital_Index,100.3894128
Australia,OCEANIA,Oceania,HI,2017,Materials_Index,115.6711256
Australia,OCEANIA,Oceania,HI,2017,Outall_Q,45810786.06
Australia,OCEANIA,Oceania,HI,2017,Outcrop_Q,24341866
Australia,OCEANIA,Oceania,HI,2017,Outanim_Q,21093148
Australia,OCEANIA,Oceania,HI,2017,Outfish_Q,375772.0588
Australia,OCEANIA,Oceania,HI,2017,Land_Q,66188.8349
Australia,OCEANIA,Oceania,HI,2017,Labor_Q,318.393
Australia,OCEANIA,Oceania,HI,2017,Capital_Q,104664.8926
Australia,OCEANIA,Oceania,HI,2017,Machinery_Q,16031.34859
Australia,OCEANIA,Oceania,HI,2017,Livestock_Q,30291.02566
Australia,OCEANIA,Oceania,HI,2017,Fertilizer_Q,2894389.168
Australia,OCEANIA,Oceania,HI,2017,Feed_Q,35630863.33
Australia,OCEANIA,Oceania,HI,2017,Cropland_Q,31074
Australia,OCEANIA,Oceania,HI,2017,Pasture_Q,340763
Australia,OCEANIA,Oceania,HI,2017,IrrigArea_Q,2546
Australia,OCEANIA,Oceania,HI,2018,TFP_Index,95.87150597
Australia,OCEANIA,Oceania,HI,2018,Outall_Index,99.44232859
Australia,OCEANIA,Oceania,HI,2018,Input_Index,103.7245922
Australia,OCEANIA,Oceania,HI,2018,Land_Index,101.4511722
Australia,OCEANIA,Oceania,HI,2018,Labor_Index,105.8978477
Australia,OCEANIA,Oceania,HI,2018,Capital_Index,100.3517756
Australia,OCEANIA,Oceania,HI,2018,Materials_Index,116.8156522
Australia,OCEANIA,Oceania,HI,2018,Outall_Q,42034629.66
Australia,OCEANIA,Oceania,HI,2018,Outcrop_Q,19392103
Australia,OCEANIA,Oceania,HI,2018,Outanim_Q,22219996
Australia,OCEANIA,Oceania,HI,2018,Outfish_Q,422530.6594
Australia,OCEANIA,Oceania,HI,2018,Land_Q,65180.23672
Australia,OCEANIA,Oceania,HI,2018,Labor_Q,329.66
Australia,OCEANIA,Oceania,HI,2018,Capital_Q,104625.6524
Australia,OCEANIA,Oceania,HI,2018,Machinery_Q,15815.95014
Australia,OCEANIA,Oceania,HI,2018,Livestock_Q,30328.76118
Australia,OCEANIA,Oceania,HI,2018,Fertilizer_Q,2810041.312
Australia,OCEANIA,Oceania,HI,2018,Feed_Q,39978751.17
Australia,OCEANIA,Oceania,HI,2018,Cropland_Q,31306
Australia,OCEANIA,Oceania,HI,2018,Pasture_Q,327589
Australia,OCEANIA,Oceania,HI,2018,IrrigArea_Q,2546
Australia,OCEANIA,Oceania,HI,2019,TFP_Index,87.11874644
Australia,OCEANIA,Oceania,HI,2019,Outall_Index,90.59600329
Australia,OCEANIA,Oceania,HI,2019,Input_Index,103.9913991
Australia,OCEANIA,Oceania,HI,2019,Land_Index,101.4319768
Australia,OCEANIA,Oceania,HI,2019,Labor_Index,105.9649855
Australia,OCEANIA,Oceania,HI,2019,Capital_Index,100.8925684
Australia,OCEANIA,Oceania,HI,2019,Materials_Index,117.9975142
Australia,OCEANIA,Oceania,HI,2019,Outall_Q,38295256.16
Australia,OCEANIA,Oceania,HI,2019,Outcrop_Q,15600523
Australia,OCEANIA,Oceania,HI,2019,Outanim_Q,22295234
Australia,OCEANIA,Oceania,HI,2019,Outfish_Q,399499.1623
Australia,OCEANIA,Oceania,HI,2019,Land_Q,65167.90406
Australia,OCEANIA,Oceania,HI,2019,Labor_Q,329.869
Australia,OCEANIA,Oceania,HI,2019,Capital_Q,105189.477
Australia,OCEANIA,Oceania,HI,2019,Machinery_Q,15898.70224
Australia,OCEANIA,Oceania,HI,2019,Livestock_Q,28626.0539
Australia,OCEANIA,Oceania,HI,2019,Fertilizer_Q,2729795.059
Australia,OCEANIA,Oceania,HI,2019,Feed_Q,44821354
Australia,OCEANIA,Oceania,HI,2019,Cropland_Q,30920
Australia,OCEANIA,Oceania,HI,2019,Pasture_Q,331557
Australia,OCEANIA,Oceania,HI,2019,IrrigArea_Q,2546
Australia,OCEANIA,Oceania,HI,2020,TFP_Index,84.01403111
Australia,OCEANIA,Oceania,HI,2020,Outall_Index,86.69398694
Australia,OCEANIA,Oceania,HI,2020,Input_Index,103.1898908
Australia,OCEANIA,Oceania,HI,2020,Land_Index,100.5567954
Australia,OCEANIA,Oceania,HI,2020,Labor_Index,112.6032766
Australia,OCEANIA,Oceania,HI,2020,Capital_Index,102.8901261
Australia,OCEANIA,Oceania,HI,2020,Materials_Index,107.5528809
Australia,OCEANIA,Oceania,HI,2020,Outall_Q,36645859.83
Australia,OCEANIA,Oceania,HI,2020,Outcrop_Q,14218948
Australia,OCEANIA,Oceania,HI,2020,Outanim_Q,21966012
Australia,OCEANIA,Oceania,HI,2020,Outfish_Q,460899.8304
Australia,OCEANIA,Oceania,HI,2020,Land_Q,64605.61846
Australia,OCEANIA,Oceania,HI,2020,Labor_Q,350.534
Australia,OCEANIA,Oceania,HI,2020,Capital_Q,107272.1086
Australia,OCEANIA,Oceania,HI,2020,Machinery_Q,16506.63569
Australia,OCEANIA,Oceania,HI,2020,Livestock_Q,27306.3174
Australia,OCEANIA,Oceania,HI,2020,Fertilizer_Q,2721597.665
Australia,OCEANIA,Oceania,HI,2020,Feed_Q,32152616.5
Australia,OCEANIA,Oceania,HI,2020,Cropland_Q,30996
Australia,OCEANIA,Oceania,HI,2020,Pasture_Q,324779
Australia,OCEANIA,Oceania,HI,2020,IrrigArea_Q,2546
Australia,OCEANIA,Oceania,HI,2021,TFP_Index,100.183314
Australia,OCEANIA,Oceania,HI,2021,Outall_Index,105.2921882
Australia,OCEANIA,Oceania,HI,2021,Input_Index,105.0995261
Australia,OCEANIA,Oceania,HI,2021,Land_Index,102.6139318
Australia,OCEANIA,Oceania,HI,2021,Labor_Index,112.6032766
Australia,OCEANIA,Oceania,HI,2021,Capital_Index,105.5391507
Australia,OCEANIA,Oceania,HI,2021,Materials_Index,108.9745465
Australia,OCEANIA,Oceania,HI,2021,Outall_Q,44507386.35
Australia,OCEANIA,Oceania,HI,2021,Outcrop_Q,23587853
Australia,OCEANIA,Oceania,HI,2021,Outanim_Q,20356983
Australia,OCEANIA,Oceania,HI,2021,Outfish_Q,562550.3528
Australia,OCEANIA,Oceania,HI,2021,Land_Q,65927.28516
Australia,OCEANIA,Oceania,HI,2021,Labor_Q,350.534
Australia,OCEANIA,Oceania,HI,2021,Capital_Q,110033.9524
Australia,OCEANIA,Oceania,HI,2021,Machinery_Q,16993.00695
Australia,OCEANIA,Oceania,HI,2021,Livestock_Q,28670.6649
Australia,OCEANIA,Oceania,HI,2021,Fertilizer_Q,2728517.019
Australia,OCEANIA,Oceania,HI,2021,Feed_Q,33512458.09
Australia,OCEANIA,Oceania,HI,2021,Cropland_Q,31650
Australia,OCEANIA,Oceania,HI,2021,Pasture_Q,331869
Australia,OCEANIA,Oceania,HI,2021,IrrigArea_Q,2546
Canada,NORTH AMERICA,NORTH AMERICA,HI,1961,TFP_Index,45.01161118
Canada,NORTH AMERICA,NORTH AMERICA,HI,1961,Outall_Index,31.18612128
Canada,NORTH AMERICA,NORTH AMERICA,HI,1961,Input_Index,69.28461449
Canada,NORTH AMERICA,NORTH AMERICA,HI,1961,Land_Index,93.97957765
Canada,NORTH AMERICA,NORTH AMERICA,HI,1961,Labor_Index,252.8436338
Canada,NORTH AMERICA,NORTH AMERICA,HI,1961,Capital_Index,70.4629777
Canada,NORTH AMERICA,NORTH AMERICA,HI,1961,Materials_Index,23.81840288
Canada,NORTH AMERICA,NORTH AMERICA,HI,1961,Outall_Q,14302076.71
Canada,NORTH AMERICA,NORTH AMERICA,HI,1961,Outcrop_Q,5499467
Canada,NORTH AMERICA,NORTH AMERICA,HI,1961,Outanim_Q,8797137
Canada,NORTH AMERICA,NORTH AMERICA,HI,1961,Outfish_Q,5472.709615
Canada,NORTH AMERICA,NORTH AMERICA,HI,1961,Land_Q,39999.19212
Canada,NORTH AMERICA,NORTH AMERICA,HI,1961,Labor_Q,745.7294282
Canada,NORTH AMERICA,NORTH AMERICA,HI,1961,Capital_Q,27643.72216
Canada,NORTH AMERICA,NORTH AMERICA,HI,1961,Machinery_Q,25103.78
Canada,NORTH AMERICA,NORTH AMERICA,HI,1961,Livestock_Q,11532
Canada,NORTH AMERICA,NORTH AMERICA,HI,1961,Fertilizer_Q,656439.0972
Canada,NORTH AMERICA,NORTH AMERICA,HI,1961,Feed_Q,28636002.47
Canada,NORTH AMERICA,NORTH AMERICA,HI,1961,Cropland_Q,36695
Canada,NORTH AMERICA,NORTH AMERICA,HI,1961,Pasture_Q,25148
Canada,NORTH AMERICA,NORTH AMERICA,HI,1961,IrrigArea_Q,504
Canada,NORTH AMERICA,NORTH AMERICA,HI,1962,TFP_Index,49.92487518
Canada,NORTH AMERICA,NORTH AMERICA,HI,1962,Outall_Index,37.10879725
Canada,NORTH AMERICA,NORTH AMERICA,HI,1962,Input_Index,74.32927396
Canada,NORTH AMERICA,NORTH AMERICA,HI,1962,Land_Index,94.82904581
Canada,NORTH AMERICA,NORTH AMERICA,HI,1962,Labor_Index,247.8916271
Canada,NORTH AMERICA,NORTH AMERICA,HI,1962,Capital_Index,71.48297114
Canada,NORTH AMERICA,NORTH AMERICA,HI,1962,Materials_Index,27.96286127
Canada,NORTH AMERICA,NORTH AMERICA,HI,1962,Outall_Q,17018238.98
Canada,NORTH AMERICA,NORTH AMERICA,HI,1962,Outcrop_Q,8251561
Canada,NORTH AMERICA,NORTH AMERICA,HI,1962,Outanim_Q,8761016
Canada,NORTH AMERICA,NORTH AMERICA,HI,1962,Outfish_Q,5661.98129
Canada,NORTH AMERICA,NORTH AMERICA,HI,1962,Land_Q,40360.73918
Canada,NORTH AMERICA,NORTH AMERICA,HI,1962,Labor_Q,731.1241283
Canada,NORTH AMERICA,NORTH AMERICA,HI,1962,Capital_Q,28043.88145
Canada,NORTH AMERICA,NORTH AMERICA,HI,1962,Machinery_Q,25477.48
Canada,NORTH AMERICA,NORTH AMERICA,HI,1962,Livestock_Q,11621.41
Canada,NORTH AMERICA,NORTH AMERICA,HI,1962,Fertilizer_Q,709850.8962
Canada,NORTH AMERICA,NORTH AMERICA,HI,1962,Feed_Q,36260756.28
Canada,NORTH AMERICA,NORTH AMERICA,HI,1962,Cropland_Q,37020
Canada,NORTH AMERICA,NORTH AMERICA,HI,1962,Pasture_Q,25260
Canada,NORTH AMERICA,NORTH AMERICA,HI,1962,IrrigArea_Q,518
Canada,NORTH AMERICA,NORTH AMERICA,HI,1963,TFP_Index,52.46593539
Canada,NORTH AMERICA,NORTH AMERICA,HI,1963,Outall_Index,40.00995835
Canada,NORTH AMERICA,NORTH AMERICA,HI,1963,Input_Index,76.25892506
Canada,NORTH AMERICA,NORTH AMERICA,HI,1963,Land_Index,95.65233342
Canada,NORTH AMERICA,NORTH AMERICA,HI,1963,Labor_Index,242.3570315
Canada,NORTH AMERICA,NORTH AMERICA,HI,1963,Capital_Index,72.69798688
Canada,NORTH AMERICA,NORTH AMERICA,HI,1963,Materials_Index,29.8598069
Canada,NORTH AMERICA,NORTH AMERICA,HI,1963,Outall_Q,18348722.76
Canada,NORTH AMERICA,NORTH AMERICA,HI,1963,Outcrop_Q,9491633
Canada,NORTH AMERICA,NORTH AMERICA,HI,1963,Outanim_Q,8851215
Canada,NORTH AMERICA,NORTH AMERICA,HI,1963,Outfish_Q,5874.763557
Canada,NORTH AMERICA,NORTH AMERICA,HI,1963,Land_Q,40711.14339
Canada,NORTH AMERICA,NORTH AMERICA,HI,1963,Labor_Q,714.8005579
Canada,NORTH AMERICA,NORTH AMERICA,HI,1963,Capital_Q,28520.55102
Canada,NORTH AMERICA,NORTH AMERICA,HI,1963,Machinery_Q,25912.4
Canada,NORTH AMERICA,NORTH AMERICA,HI,1963,Livestock_Q,11804.92
Canada,NORTH AMERICA,NORTH AMERICA,HI,1963,Fertilizer_Q,751126.1457
Canada,NORTH AMERICA,NORTH AMERICA,HI,1963,Feed_Q,39046918.95
Canada,NORTH AMERICA,NORTH AMERICA,HI,1963,Cropland_Q,37345
Canada,NORTH AMERICA,NORTH AMERICA,HI,1963,Pasture_Q,25372
Canada,NORTH AMERICA,NORTH AMERICA,HI,1963,IrrigArea_Q,526
Canada,NORTH AMERICA,NORTH AMERICA,HI,1964,TFP_Index,50.03671963
Canada,NORTH AMERICA,NORTH AMERICA,HI,1964,Outall_Index,38.36754255
Canada,NORTH AMERICA,NORTH AMERICA,HI,1964,Input_Index,76.67877278
Canada,NORTH AMERICA,NORTH AMERICA,HI,1964,Land_Index,96.4712576
Canada,NORTH AMERICA,NORTH AMERICA,HI,1964,Labor_Index,236.8224358
Canada,NORTH AMERICA,NORTH AMERICA,HI,1964,Capital_Index,74.00580744
Canada,NORTH AMERICA,NORTH AMERICA,HI,1964,Materials_Index,30.53565798
Canada,NORTH AMERICA,NORTH AMERICA,HI,1964,Outall_Q,17595504.48
Canada,NORTH AMERICA,NORTH AMERICA,HI,1964,Outcrop_Q,8363165
Canada,NORTH AMERICA,NORTH AMERICA,HI,1964,Outanim_Q,9226424
Canada,NORTH AMERICA,NORTH AMERICA,HI,1964,Outfish_Q,5915.480665
Canada,NORTH AMERICA,NORTH AMERICA,HI,1964,Land_Q,41059.69045
Canada,NORTH AMERICA,NORTH AMERICA,HI,1964,Labor_Q,698.4769874
Canada,NORTH AMERICA,NORTH AMERICA,HI,1964,Capital_Q,29033.62937
Canada,NORTH AMERICA,NORTH AMERICA,HI,1964,Machinery_Q,26349.54
Canada,NORTH AMERICA,NORTH AMERICA,HI,1964,Livestock_Q,12236.58
Canada,NORTH AMERICA,NORTH AMERICA,HI,1964,Fertilizer_Q,816885.6567
Canada,NORTH AMERICA,NORTH AMERICA,HI,1964,Feed_Q,37731670.25
Canada,NORTH AMERICA,NORTH AMERICA,HI,1964,Cropland_Q,37670
Canada,NORTH AMERICA,NORTH AMERICA,HI,1964,Pasture_Q,25484
Canada,NORTH AMERICA,NORTH AMERICA,HI,1964,IrrigArea_Q,533
Canada,NORTH AMERICA,NORTH AMERICA,HI,1965,TFP_Index,52.21429993
Canada,NORTH AMERICA,NORTH AMERICA,HI,1965,Outall_Index,42.04780659
Canada,NORTH AMERICA,NORTH AMERICA,HI,1965,Input_Index,80.52929303
Canada,NORTH AMERICA,NORTH AMERICA,HI,1965,Land_Index,97.32072576
Canada,NORTH AMERICA,NORTH AMERICA,HI,1965,Labor_Index,231.5791346
Canada,NORTH AMERICA,NORTH AMERICA,HI,1965,Capital_Index,75.28515758
Canada,NORTH AMERICA,NORTH AMERICA,HI,1965,Materials_Index,34.27975434
Canada,NORTH AMERICA,NORTH AMERICA,HI,1965,Outall_Q,19283287.91
Canada,NORTH AMERICA,NORTH AMERICA,HI,1965,Outcrop_Q,9360154
Canada,NORTH AMERICA,NORTH AMERICA,HI,1965,Outanim_Q,9917162
Canada,NORTH AMERICA,NORTH AMERICA,HI,1965,Outfish_Q,5971.906085
Canada,NORTH AMERICA,NORTH AMERICA,HI,1965,Land_Q,41421.23751
Canada,NORTH AMERICA,NORTH AMERICA,HI,1965,Labor_Q,683.0125523
Canada,NORTH AMERICA,NORTH AMERICA,HI,1965,Capital_Q,29535.53833
Canada,NORTH AMERICA,NORTH AMERICA,HI,1965,Machinery_Q,26787.8
Canada,NORTH AMERICA,NORTH AMERICA,HI,1965,Livestock_Q,12580.46
Canada,NORTH AMERICA,NORTH AMERICA,HI,1965,Fertilizer_Q,952557.5916
Canada,NORTH AMERICA,NORTH AMERICA,HI,1965,Feed_Q,40902510.25
Canada,NORTH AMERICA,NORTH AMERICA,HI,1965,Cropland_Q,37995
Canada,NORTH AMERICA,NORTH AMERICA,HI,1965,Pasture_Q,25596
Canada,NORTH AMERICA,NORTH AMERICA,HI,1965,IrrigArea_Q,547
Canada,NORTH AMERICA,NORTH AMERICA,HI,1966,TFP_Index,54.08388378
Canada,NORTH AMERICA,NORTH AMERICA,HI,1966,Outall_Index,45.4059495
Canada,NORTH AMERICA,NORTH AMERICA,HI,1966,Input_Index,83.95467618
Canada,NORTH AMERICA,NORTH AMERICA,HI,1966,Land_Index,98.09582168
Canada,NORTH AMERICA,NORTH AMERICA,HI,1966,Labor_Index,226.044539
Canada,NORTH AMERICA,NORTH AMERICA,HI,1966,Capital_Index,76.47496983
Canada,NORTH AMERICA,NORTH AMERICA,HI,1966,Materials_Index,37.95151868
Canada,NORTH AMERICA,NORTH AMERICA,HI,1966,Outall_Q,20823345.33
Canada,NORTH AMERICA,NORTH AMERICA,HI,1966,Outcrop_Q,10990589
Canada,NORTH AMERICA,NORTH AMERICA,HI,1966,Outanim_Q,9826739
Canada,NORTH AMERICA,NORTH AMERICA,HI,1966,Outfish_Q,6017.325312
Canada,NORTH AMERICA,NORTH AMERICA,HI,1966,Land_Q,41751.13057
Canada,NORTH AMERICA,NORTH AMERICA,HI,1966,Labor_Q,666.6889819
Canada,NORTH AMERICA,NORTH AMERICA,HI,1966,Capital_Q,30002.32018
Canada,NORTH AMERICA,NORTH AMERICA,HI,1966,Machinery_Q,27278.96
Canada,NORTH AMERICA,NORTH AMERICA,HI,1966,Livestock_Q,12267.309
Canada,NORTH AMERICA,NORTH AMERICA,HI,1966,Fertilizer_Q,1060494.478
Canada,NORTH AMERICA,NORTH AMERICA,HI,1966,Feed_Q,45051447.85
Canada,NORTH AMERICA,NORTH AMERICA,HI,1966,Cropland_Q,38317
Canada,NORTH AMERICA,NORTH AMERICA,HI,1966,Pasture_Q,25384
Canada,NORTH AMERICA,NORTH AMERICA,HI,1966,IrrigArea_Q,562
Canada,NORTH AMERICA,NORTH AMERICA,HI,1967,TFP_Index,48.68977537
Canada,NORTH AMERICA,NORTH AMERICA,HI,1967,Outall_Index,40.58408056
Canada,NORTH AMERICA,NORTH AMERICA,HI,1967,Input_Index,83.35236761
Canada,NORTH AMERICA,NORTH AMERICA,HI,1967,Land_Index,98.23909085
Canada,NORTH AMERICA,NORTH AMERICA,HI,1967,Labor_Index,220.8012378
Canada,NORTH AMERICA,NORTH AMERICA,HI,1967,Capital_Index,76.26201434
Canada,NORTH AMERICA,NORTH AMERICA,HI,1967,Materials_Index,38.05603019
Canada,NORTH AMERICA,NORTH AMERICA,HI,1967,Outall_Q,18612017.45
Canada,NORTH AMERICA,NORTH AMERICA,HI,1967,Outcrop_Q,8798250
Canada,NORTH AMERICA,NORTH AMERICA,HI,1967,Outanim_Q,9807700
Canada,NORTH AMERICA,NORTH AMERICA,HI,1967,Outfish_Q,6067.446656
Canada,NORTH AMERICA,NORTH AMERICA,HI,1967,Land_Q,41812.10819
Canada,NORTH AMERICA,NORTH AMERICA,HI,1967,Labor_Q,651.2245467
Canada,NORTH AMERICA,NORTH AMERICA,HI,1967,Capital_Q,29918.77443
Canada,NORTH AMERICA,NORTH AMERICA,HI,1967,Machinery_Q,27198.32
Canada,NORTH AMERICA,NORTH AMERICA,HI,1967,Livestock_Q,12267.7621
Canada,NORTH AMERICA,NORTH AMERICA,HI,1967,Fertilizer_Q,1137523.652
Canada,NORTH AMERICA,NORTH AMERICA,HI,1967,Feed_Q,42459391.08
Canada,NORTH AMERICA,NORTH AMERICA,HI,1967,Cropland_Q,38384
Canada,NORTH AMERICA,NORTH AMERICA,HI,1967,Pasture_Q,25182
Canada,NORTH AMERICA,NORTH AMERICA,HI,1967,IrrigArea_Q,569
Canada,NORTH AMERICA,NORTH AMERICA,HI,1968,TFP_Index,54.41824977
Canada,NORTH AMERICA,NORTH AMERICA,HI,1968,Outall_Index,43.60194544
Canada,NORTH AMERICA,NORTH AMERICA,HI,1968,Input_Index,80.12375558
Canada,NORTH AMERICA,NORTH AMERICA,HI,1968,Land_Index,98.38236002
Canada,NORTH AMERICA,NORTH AMERICA,HI,1968,Labor_Index,214.9753476
Canada,NORTH AMERICA,NORTH AMERICA,HI,1968,Capital_Index,76.11374599
Canada,NORTH AMERICA,NORTH AMERICA,HI,1968,Materials_Index,35.67532492
Canada,NORTH AMERICA,NORTH AMERICA,HI,1968,Outall_Q,19996022.04
Canada,NORTH AMERICA,NORTH AMERICA,HI,1968,Outcrop_Q,9911155
Canada,NORTH AMERICA,NORTH AMERICA,HI,1968,Outanim_Q,10078568
Canada,NORTH AMERICA,NORTH AMERICA,HI,1968,Outfish_Q,6299.037397
Canada,NORTH AMERICA,NORTH AMERICA,HI,1968,Land_Q,41873.08581
Canada,NORTH AMERICA,NORTH AMERICA,HI,1968,Labor_Q,634.041841
Canada,NORTH AMERICA,NORTH AMERICA,HI,1968,Capital_Q,29860.60645
Canada,NORTH AMERICA,NORTH AMERICA,HI,1968,Machinery_Q,27145.4
Canada,NORTH AMERICA,NORTH AMERICA,HI,1968,Livestock_Q,12244.21589
Canada,NORTH AMERICA,NORTH AMERICA,HI,1968,Fertilizer_Q,971331.5513
Canada,NORTH AMERICA,NORTH AMERICA,HI,1968,Feed_Q,43374008.87
Canada,NORTH AMERICA,NORTH AMERICA,HI,1968,Cropland_Q,38451
Canada,NORTH AMERICA,NORTH AMERICA,HI,1968,Pasture_Q,24980
Canada,NORTH AMERICA,NORTH AMERICA,HI,1968,IrrigArea_Q,576
Canada,NORTH AMERICA,NORTH AMERICA,HI,1969,TFP_Index,52.73700209
Canada,NORTH AMERICA,NORTH AMERICA,HI,1969,Outall_Index,44.25722928
Canada,NORTH AMERICA,NORTH AMERICA,HI,1969,Input_Index,83.92063927
Canada,NORTH AMERICA,NORTH AMERICA,HI,1969,Land_Index,98.55617317
Canada,NORTH AMERICA,NORTH AMERICA,HI,1969,Labor_Index,208.8581629
Canada,NORTH AMERICA,NORTH AMERICA,HI,1969,Capital_Index,75.94277737
Canada,NORTH AMERICA,NORTH AMERICA,HI,1969,Materials_Index,40.29027346
Canada,NORTH AMERICA,NORTH AMERICA,HI,1969,Outall_Q,20296537.76
Canada,NORTH AMERICA,NORTH AMERICA,HI,1969,Outcrop_Q,10373170
Canada,NORTH AMERICA,NORTH AMERICA,HI,1969,Outanim_Q,9917017
Canada,NORTH AMERICA,NORTH AMERICA,HI,1969,Outfish_Q,6350.760699
Canada,NORTH AMERICA,NORTH AMERICA,HI,1969,Land_Q,41947.06343
Canada,NORTH AMERICA,NORTH AMERICA,HI,1969,Labor_Q,616
Canada,NORTH AMERICA,NORTH AMERICA,HI,1969,Capital_Q,29793.5328
Canada,NORTH AMERICA,NORTH AMERICA,HI,1969,Machinery_Q,27113.82
Canada,NORTH AMERICA,NORTH AMERICA,HI,1969,Livestock_Q,12000.9243
Canada,NORTH AMERICA,NORTH AMERICA,HI,1969,Fertilizer_Q,977086.2267
Canada,NORTH AMERICA,NORTH AMERICA,HI,1969,Feed_Q,54491452.76
Canada,NORTH AMERICA,NORTH AMERICA,HI,1969,Cropland_Q,38518
Canada,NORTH AMERICA,NORTH AMERICA,HI,1969,Pasture_Q,24778
Canada,NORTH AMERICA,NORTH AMERICA,HI,1969,IrrigArea_Q,590
Canada,NORTH AMERICA,NORTH AMERICA,HI,1970,TFP_Index,50.66187512
Canada,NORTH AMERICA,NORTH AMERICA,HI,1970,Outall_Index,42.62474764
Canada,NORTH AMERICA,NORTH AMERICA,HI,1970,Input_Index,84.13574812
Canada,NORTH AMERICA,NORTH AMERICA,HI,1970,Land_Index,98.73871316
Canada,NORTH AMERICA,NORTH AMERICA,HI,1970,Labor_Index,197.3302773
Canada,NORTH AMERICA,NORTH AMERICA,HI,1970,Capital_Index,76.0278032
Canada,NORTH AMERICA,NORTH AMERICA,HI,1970,Materials_Index,42.23527558
Canada,NORTH AMERICA,NORTH AMERICA,HI,1970,Outall_Q,19547875.32
Canada,NORTH AMERICA,NORTH AMERICA,HI,1970,Outcrop_Q,9305959
Canada,NORTH AMERICA,NORTH AMERICA,HI,1970,Outanim_Q,10235168
Canada,NORTH AMERICA,NORTH AMERICA,HI,1970,Outfish_Q,6748.320031
Canada,NORTH AMERICA,NORTH AMERICA,HI,1970,Land_Q,42024.75534
Canada,NORTH AMERICA,NORTH AMERICA,HI,1970,Labor_Q,582
Canada,NORTH AMERICA,NORTH AMERICA,HI,1970,Capital_Q,29826.88976
Canada,NORTH AMERICA,NORTH AMERICA,HI,1970,Machinery_Q,27091.16
Canada,NORTH AMERICA,NORTH AMERICA,HI,1970,Livestock_Q,12406.53487
Canada,NORTH AMERICA,NORTH AMERICA,HI,1970,Fertilizer_Q,1057762.129
Canada,NORTH AMERICA,NORTH AMERICA,HI,1970,Feed_Q,55454405.62
Canada,NORTH AMERICA,NORTH AMERICA,HI,1970,Cropland_Q,38585
Canada,NORTH AMERICA,NORTH AMERICA,HI,1970,Pasture_Q,24576
Canada,NORTH AMERICA,NORTH AMERICA,HI,1970,IrrigArea_Q,606
Canada,NORTH AMERICA,NORTH AMERICA,HI,1971,TFP_Index,54.59208874
Canada,NORTH AMERICA,NORTH AMERICA,HI,1971,Outall_Index,47.25368695
Canada,NORTH AMERICA,NORTH AMERICA,HI,1971,Input_Index,86.55775596
Canada,NORTH AMERICA,NORTH AMERICA,HI,1971,Land_Index,98.94687681
Canada,NORTH AMERICA,NORTH AMERICA,HI,1971,Labor_Index,198.0083882
Canada,NORTH AMERICA,NORTH AMERICA,HI,1971,Capital_Index,76.15795765
Canada,NORTH AMERICA,NORTH AMERICA,HI,1971,Materials_Index,45.0220789
Canada,NORTH AMERICA,NORTH AMERICA,HI,1971,Outall_Q,21670724.92
Canada,NORTH AMERICA,NORTH AMERICA,HI,1971,Outcrop_Q,11458209
Canada,NORTH AMERICA,NORTH AMERICA,HI,1971,Outanim_Q,10205242
Canada,NORTH AMERICA,NORTH AMERICA,HI,1971,Outfish_Q,7273.919747
Canada,NORTH AMERICA,NORTH AMERICA,HI,1971,Land_Q,42113.35307
Canada,NORTH AMERICA,NORTH AMERICA,HI,1971,Labor_Q,584
Canada,NORTH AMERICA,NORTH AMERICA,HI,1971,Capital_Q,29877.95137
Canada,NORTH AMERICA,NORTH AMERICA,HI,1971,Machinery_Q,27104.78
Canada,NORTH AMERICA,NORTH AMERICA,HI,1971,Livestock_Q,12770.40948
Canada,NORTH AMERICA,NORTH AMERICA,HI,1971,Fertilizer_Q,1124825.27
Canada,NORTH AMERICA,NORTH AMERICA,HI,1971,Feed_Q,59260780.73
Canada,NORTH AMERICA,NORTH AMERICA,HI,1971,Cropland_Q,38650
Canada,NORTH AMERICA,NORTH AMERICA,HI,1971,Pasture_Q,24373
Canada,NORTH AMERICA,NORTH AMERICA,HI,1971,IrrigArea_Q,629
Canada,NORTH AMERICA,NORTH AMERICA,HI,1972,TFP_Index,53.41013887
Canada,NORTH AMERICA,NORTH AMERICA,HI,1972,Outall_Index,44.79227319
Canada,NORTH AMERICA,NORTH AMERICA,HI,1972,Input_Index,83.86473831
Canada,NORTH AMERICA,NORTH AMERICA,HI,1972,Land_Index,99.31498803
Canada,NORTH AMERICA,NORTH AMERICA,HI,1972,Labor_Index,187.497669
Canada,NORTH AMERICA,NORTH AMERICA,HI,1972,Capital_Index,77.17660946
Canada,NORTH AMERICA,NORTH AMERICA,HI,1972,Materials_Index,43.79096426
Canada,NORTH AMERICA,NORTH AMERICA,HI,1972,Outall_Q,20541910.98
Canada,NORTH AMERICA,NORTH AMERICA,HI,1972,Outcrop_Q,10207781
Canada,NORTH AMERICA,NORTH AMERICA,HI,1972,Outanim_Q,10325653
Canada,NORTH AMERICA,NORTH AMERICA,HI,1972,Outfish_Q,8476.981414
Canada,NORTH AMERICA,NORTH AMERICA,HI,1972,Land_Q,42270.02702
Canada,NORTH AMERICA,NORTH AMERICA,HI,1972,Labor_Q,553
Canada,NORTH AMERICA,NORTH AMERICA,HI,1972,Capital_Q,30277.58433
Canada,NORTH AMERICA,NORTH AMERICA,HI,1972,Machinery_Q,27462.72
Canada,NORTH AMERICA,NORTH AMERICA,HI,1972,Livestock_Q,12990.12085
Canada,NORTH AMERICA,NORTH AMERICA,HI,1972,Fertilizer_Q,1259936.808
Canada,NORTH AMERICA,NORTH AMERICA,HI,1972,Feed_Q,49864930.71
Canada,NORTH AMERICA,NORTH AMERICA,HI,1972,Cropland_Q,38773
Canada,NORTH AMERICA,NORTH AMERICA,HI,1972,Pasture_Q,24277
Canada,NORTH AMERICA,NORTH AMERICA,HI,1972,IrrigArea_Q,652
Canada,NORTH AMERICA,NORTH AMERICA,HI,1973,TFP_Index,51.92932918
Canada,NORTH AMERICA,NORTH AMERICA,HI,1973,Outall_Index,45.35538209
Canada,NORTH AMERICA,NORTH AMERICA,HI,1973,Input_Index,87.34058923
Canada,NORTH AMERICA,NORTH AMERICA,HI,1973,Land_Index,99.6918261
Canada,NORTH AMERICA,NORTH AMERICA,HI,1973,Labor_Index,186.4805026
Canada,NORTH AMERICA,NORTH AMERICA,HI,1973,Capital_Index,78.41904081
Canada,NORTH AMERICA,NORTH AMERICA,HI,1973,Materials_Index,48.22733105
Canada,NORTH AMERICA,NORTH AMERICA,HI,1973,Outall_Q,20800154.92
Canada,NORTH AMERICA,NORTH AMERICA,HI,1973,Outcrop_Q,10682463
Canada,NORTH AMERICA,NORTH AMERICA,HI,1973,Outanim_Q,10107821
Canada,NORTH AMERICA,NORTH AMERICA,HI,1973,Outfish_Q,9870.916715
Canada,NORTH AMERICA,NORTH AMERICA,HI,1973,Land_Q,42430.41525
Canada,NORTH AMERICA,NORTH AMERICA,HI,1973,Labor_Q,550
Canada,NORTH AMERICA,NORTH AMERICA,HI,1973,Capital_Q,30765.00947
Canada,NORTH AMERICA,NORTH AMERICA,HI,1973,Machinery_Q,27892.88
Canada,NORTH AMERICA,NORTH AMERICA,HI,1973,Livestock_Q,13327.16076
Canada,NORTH AMERICA,NORTH AMERICA,HI,1973,Fertilizer_Q,1450404.482
Canada,NORTH AMERICA,NORTH AMERICA,HI,1973,Feed_Q,52476164.7
Canada,NORTH AMERICA,NORTH AMERICA,HI,1973,Cropland_Q,38896
Canada,NORTH AMERICA,NORTH AMERICA,HI,1973,Pasture_Q,24181
Canada,NORTH AMERICA,NORTH AMERICA,HI,1973,IrrigArea_Q,677
Canada,NORTH AMERICA,NORTH AMERICA,HI,1974,TFP_Index,48.90330531
Canada,NORTH AMERICA,NORTH AMERICA,HI,1974,Outall_Index,42.82661586
Canada,NORTH AMERICA,NORTH AMERICA,HI,1974,Input_Index,87.57407213
Canada,NORTH AMERICA,NORTH AMERICA,HI,1974,Land_Index,100.0512105
Canada,NORTH AMERICA,NORTH AMERICA,HI,1974,Labor_Index,188.5148354
Canada,NORTH AMERICA,NORTH AMERICA,HI,1974,Capital_Index,78.6930058
Canada,NORTH AMERICA,NORTH AMERICA,HI,1974,Materials_Index,47.95609541
Canada,NORTH AMERICA,NORTH AMERICA,HI,1974,Outall_Q,19640452.87
Canada,NORTH AMERICA,NORTH AMERICA,HI,1974,Outcrop_Q,9444708
Canada,NORTH AMERICA,NORTH AMERICA,HI,1974,Outanim_Q,10187236
Canada,NORTH AMERICA,NORTH AMERICA,HI,1974,Outfish_Q,8508.872816
Canada,NORTH AMERICA,NORTH AMERICA,HI,1974,Land_Q,42583.37491
Canada,NORTH AMERICA,NORTH AMERICA,HI,1974,Labor_Q,556
Canada,NORTH AMERICA,NORTH AMERICA,HI,1974,Capital_Q,30872.49019
Canada,NORTH AMERICA,NORTH AMERICA,HI,1974,Machinery_Q,27957.12
Canada,NORTH AMERICA,NORTH AMERICA,HI,1974,Livestock_Q,13736.00668
Canada,NORTH AMERICA,NORTH AMERICA,HI,1974,Fertilizer_Q,1480737.351
Canada,NORTH AMERICA,NORTH AMERICA,HI,1974,Feed_Q,50789146.12
Canada,NORTH AMERICA,NORTH AMERICA,HI,1974,Cropland_Q,39019
Canada,NORTH AMERICA,NORTH AMERICA,HI,1974,Pasture_Q,24085
Canada,NORTH AMERICA,NORTH AMERICA,HI,1974,IrrigArea_Q,698
Canada,NORTH AMERICA,NORTH AMERICA,HI,1975,TFP_Index,52.43514696
Canada,NORTH AMERICA,NORTH AMERICA,HI,1975,Outall_Index,47.41820196
Canada,NORTH AMERICA,NORTH AMERICA,HI,1975,Input_Index,90.43209509
Canada,NORTH AMERICA,NORTH AMERICA,HI,1975,Land_Index,100.4149583
Canada,NORTH AMERICA,NORTH AMERICA,HI,1975,Labor_Index,191.227279
Canada,NORTH AMERICA,NORTH AMERICA,HI,1975,Capital_Index,79.70763991
Canada,NORTH AMERICA,NORTH AMERICA,HI,1975,Materials_Index,50.82620186
Canada,NORTH AMERICA,NORTH AMERICA,HI,1975,Outall_Q,21746172.14
Canada,NORTH AMERICA,NORTH AMERICA,HI,1975,Outcrop_Q,11216404
Canada,NORTH AMERICA,NORTH AMERICA,HI,1975,Outanim_Q,10522112
Canada,NORTH AMERICA,NORTH AMERICA,HI,1975,Outfish_Q,7656.141789
Canada,NORTH AMERICA,NORTH AMERICA,HI,1975,Land_Q,42738.19172
Canada,NORTH AMERICA,NORTH AMERICA,HI,1975,Labor_Q,564
Canada,NORTH AMERICA,NORTH AMERICA,HI,1975,Capital_Q,31270.54694
Canada,NORTH AMERICA,NORTH AMERICA,HI,1975,Machinery_Q,28301.6
Canada,NORTH AMERICA,NORTH AMERICA,HI,1975,Livestock_Q,14091.16002
Canada,NORTH AMERICA,NORTH AMERICA,HI,1975,Fertilizer_Q,1543178.41
Canada,NORTH AMERICA,NORTH AMERICA,HI,1975,Feed_Q,54766413.82
Canada,NORTH AMERICA,NORTH AMERICA,HI,1975,Cropland_Q,39142
Canada,NORTH AMERICA,NORTH AMERICA,HI,1975,Pasture_Q,23989
Canada,NORTH AMERICA,NORTH AMERICA,HI,1975,IrrigArea_Q,720
Canada,NORTH AMERICA,NORTH AMERICA,HI,1976,TFP_Index,62.04217656
Canada,NORTH AMERICA,NORTH AMERICA,HI,1976,Outall_Index,51.04243256
Canada,NORTH AMERICA,NORTH AMERICA,HI,1976,Input_Index,82.27053818
Canada,NORTH AMERICA,NORTH AMERICA,HI,1976,Land_Index,100.7836082
Canada,NORTH AMERICA,NORTH AMERICA,HI,1976,Labor_Index,157.2715529
Canada,NORTH AMERICA,NORTH AMERICA,HI,1976,Capital_Index,80.5944611
Canada,NORTH AMERICA,NORTH AMERICA,HI,1976,Materials_Index,48.80161886
Canada,NORTH AMERICA,NORTH AMERICA,HI,1976,Outall_Q,23408258.41
Canada,NORTH AMERICA,NORTH AMERICA,HI,1976,Outcrop_Q,12266900
Canada,NORTH AMERICA,NORTH AMERICA,HI,1976,Outanim_Q,11133751
Canada,NORTH AMERICA,NORTH AMERICA,HI,1976,Outfish_Q,7607.414067
Canada,NORTH AMERICA,NORTH AMERICA,HI,1976,Land_Q,42895.09496
Canada,NORTH AMERICA,NORTH AMERICA,HI,1976,Labor_Q,463.852
Canada,NORTH AMERICA,NORTH AMERICA,HI,1976,Capital_Q,31618.46069
Canada,NORTH AMERICA,NORTH AMERICA,HI,1976,Machinery_Q,28650.44
Canada,NORTH AMERICA,NORTH AMERICA,HI,1976,Livestock_Q,13872.49001
Canada,NORTH AMERICA,NORTH AMERICA,HI,1976,Fertilizer_Q,1569539.599
Canada,NORTH AMERICA,NORTH AMERICA,HI,1976,Feed_Q,49566450.56
Canada,NORTH AMERICA,NORTH AMERICA,HI,1976,Cropland_Q,39263.1
Canada,NORTH AMERICA,NORTH AMERICA,HI,1976,Pasture_Q,23896
Canada,NORTH AMERICA,NORTH AMERICA,HI,1976,IrrigArea_Q,744
Canada,NORTH AMERICA,NORTH AMERICA,HI,1977,TFP_Index,60.51842074
Canada,NORTH AMERICA,NORTH AMERICA,HI,1977,Outall_Index,52.13169015
Canada,NORTH AMERICA,NORTH AMERICA,HI,1977,Input_Index,86.14185484
Canada,NORTH AMERICA,NORTH AMERICA,HI,1977,Land_Index,101.4034168
Canada,NORTH AMERICA,NORTH AMERICA,HI,1977,Labor_Index,153.1811878
Canada,NORTH AMERICA,NORTH AMERICA,HI,1977,Capital_Index,81.65569926
Canada,NORTH AMERICA,NORTH AMERICA,HI,1977,Materials_Index,55.61218648
Canada,NORTH AMERICA,NORTH AMERICA,HI,1977,Outall_Q,23907796.19
Canada,NORTH AMERICA,NORTH AMERICA,HI,1977,Outcrop_Q,12622324
Canada,NORTH AMERICA,NORTH AMERICA,HI,1977,Outanim_Q,11277771
Canada,NORTH AMERICA,NORTH AMERICA,HI,1977,Outfish_Q,7701.189166
Canada,NORTH AMERICA,NORTH AMERICA,HI,1977,Land_Q,43158.89527
Canada,NORTH AMERICA,NORTH AMERICA,HI,1977,Labor_Q,451.788
Canada,NORTH AMERICA,NORTH AMERICA,HI,1977,Capital_Q,32034.80092
Canada,NORTH AMERICA,NORTH AMERICA,HI,1977,Machinery_Q,29086.92
Canada,NORTH AMERICA,NORTH AMERICA,HI,1977,Livestock_Q,13424.72201
Canada,NORTH AMERICA,NORTH AMERICA,HI,1977,Fertilizer_Q,1856393.817
Canada,NORTH AMERICA,NORTH AMERICA,HI,1977,Feed_Q,54366665.51
Canada,NORTH AMERICA,NORTH AMERICA,HI,1977,Cropland_Q,39544
Canada,NORTH AMERICA,NORTH AMERICA,HI,1977,Pasture_Q,23241
Canada,NORTH AMERICA,NORTH AMERICA,HI,1977,IrrigArea_Q,768
Canada,NORTH AMERICA,NORTH AMERICA,HI,1978,TFP_Index,61.777833
Canada,NORTH AMERICA,NORTH AMERICA,HI,1978,Outall_Index,53.48732763
Canada,NORTH AMERICA,NORTH AMERICA,HI,1978,Input_Index,86.5801292
Canada,NORTH AMERICA,NORTH AMERICA,HI,1978,Land_Index,102.0210864
Canada,NORTH AMERICA,NORTH AMERICA,HI,1978,Labor_Index,147.1470178
Canada,NORTH AMERICA,NORTH AMERICA,HI,1978,Capital_Index,82.6911836
Canada,NORTH AMERICA,NORTH AMERICA,HI,1978,Materials_Index,58.24719298
Canada,NORTH AMERICA,NORTH AMERICA,HI,1978,Outall_Q,24529496.82
Canada,NORTH AMERICA,NORTH AMERICA,HI,1978,Outcrop_Q,13478020
Canada,NORTH AMERICA,NORTH AMERICA,HI,1978,Outanim_Q,11043375
Canada,NORTH AMERICA,NORTH AMERICA,HI,1978,Outfish_Q,8101.818779
Canada,NORTH AMERICA,NORTH AMERICA,HI,1978,Land_Q,43421.78522
Canada,NORTH AMERICA,NORTH AMERICA,HI,1978,Labor_Q,433.991
Canada,NORTH AMERICA,NORTH AMERICA,HI,1978,Capital_Q,32441.03754
Canada,NORTH AMERICA,NORTH AMERICA,HI,1978,Machinery_Q,29527.88
Canada,NORTH AMERICA,NORTH AMERICA,HI,1978,Livestock_Q,12866.75581
Canada,NORTH AMERICA,NORTH AMERICA,HI,1978,Fertilizer_Q,2021662.558
Canada,NORTH AMERICA,NORTH AMERICA,HI,1978,Feed_Q,54708520.17
Canada,NORTH AMERICA,NORTH AMERICA,HI,1978,Cropland_Q,39824
Canada,NORTH AMERICA,NORTH AMERICA,HI,1978,Pasture_Q,22586
Canada,NORTH AMERICA,NORTH AMERICA,HI,1978,IrrigArea_Q,792
Canada,NORTH AMERICA,NORTH AMERICA,HI,1979,TFP_Index,56.118421
Canada,NORTH AMERICA,NORTH AMERICA,HI,1979,Outall_Index,50.12598442
Canada,NORTH AMERICA,NORTH AMERICA,HI,1979,Input_Index,89.32180116
Canada,NORTH AMERICA,NORTH AMERICA,HI,1979,Land_Index,102.6300292
Canada,NORTH AMERICA,NORTH AMERICA,HI,1979,Labor_Index,151.6747644
Canada,NORTH AMERICA,NORTH AMERICA,HI,1979,Capital_Index,82.67084304
Canada,NORTH AMERICA,NORTH AMERICA,HI,1979,Materials_Index,60.92508816
Canada,NORTH AMERICA,NORTH AMERICA,HI,1979,Outall_Q,22987971.73
Canada,NORTH AMERICA,NORTH AMERICA,HI,1979,Outcrop_Q,12299742
Canada,NORTH AMERICA,NORTH AMERICA,HI,1979,Outanim_Q,10680947
Canada,NORTH AMERICA,NORTH AMERICA,HI,1979,Outfish_Q,7282.728859
Canada,NORTH AMERICA,NORTH AMERICA,HI,1979,Land_Q,43680.96088
Canada,NORTH AMERICA,NORTH AMERICA,HI,1979,Labor_Q,447.345
Canada,NORTH AMERICA,NORTH AMERICA,HI,1979,Capital_Q,32433.05762
Canada,NORTH AMERICA,NORTH AMERICA,HI,1979,Machinery_Q,29526
Canada,NORTH AMERICA,NORTH AMERICA,HI,1979,Livestock_Q,12810.88423
Canada,NORTH AMERICA,NORTH AMERICA,HI,1979,Fertilizer_Q,2038809.312
Canada,NORTH AMERICA,NORTH AMERICA,HI,1979,Feed_Q,59408684.25
Canada,NORTH AMERICA,NORTH AMERICA,HI,1979,Cropland_Q,40104
Canada,NORTH AMERICA,NORTH AMERICA,HI,1979,Pasture_Q,21931
Canada,NORTH AMERICA,NORTH AMERICA,HI,1979,IrrigArea_Q,814
Canada,NORTH AMERICA,NORTH AMERICA,HI,1980,TFP_Index,58.87271046
Canada,NORTH AMERICA,NORTH AMERICA,HI,1980,Outall_Index,52.55663117
Canada,NORTH AMERICA,NORTH AMERICA,HI,1980,Input_Index,89.27163495
Canada,NORTH AMERICA,NORTH AMERICA,HI,1980,Land_Index,103.3349673
Canada,NORTH AMERICA,NORTH AMERICA,HI,1980,Labor_Index,148.1428237
Canada,NORTH AMERICA,NORTH AMERICA,HI,1980,Capital_Index,82.78239594
Canada,NORTH AMERICA,NORTH AMERICA,HI,1980,Materials_Index,62.19929678
Canada,NORTH AMERICA,NORTH AMERICA,HI,1980,Outall_Q,24102675.8
Canada,NORTH AMERICA,NORTH AMERICA,HI,1980,Outcrop_Q,12903787
Canada,NORTH AMERICA,NORTH AMERICA,HI,1980,Outanim_Q,11190654
Canada,NORTH AMERICA,NORTH AMERICA,HI,1980,Outfish_Q,8234.796189
Canada,NORTH AMERICA,NORTH AMERICA,HI,1980,Land_Q,43980.99369
Canada,NORTH AMERICA,NORTH AMERICA,HI,1980,Labor_Q,436.928
Canada,NORTH AMERICA,NORTH AMERICA,HI,1980,Capital_Q,32476.82156
Canada,NORTH AMERICA,NORTH AMERICA,HI,1980,Machinery_Q,29528
Canada,NORTH AMERICA,NORTH AMERICA,HI,1980,Livestock_Q,13203.49181
Canada,NORTH AMERICA,NORTH AMERICA,HI,1980,Fertilizer_Q,2175190.878
Canada,NORTH AMERICA,NORTH AMERICA,HI,1980,Feed_Q,57969591.49
Canada,NORTH AMERICA,NORTH AMERICA,HI,1980,Cropland_Q,40384
Canada,NORTH AMERICA,NORTH AMERICA,HI,1980,Pasture_Q,21276
Canada,NORTH AMERICA,NORTH AMERICA,HI,1980,IrrigArea_Q,858
Canada,NORTH AMERICA,NORTH AMERICA,HI,1981,TFP_Index,62.78808642
Canada,NORTH AMERICA,NORTH AMERICA,HI,1981,Outall_Index,56.77359175
Canada,NORTH AMERICA,NORTH AMERICA,HI,1981,Input_Index,90.42096198
Canada,NORTH AMERICA,NORTH AMERICA,HI,1981,Land_Index,104.040798
Canada,NORTH AMERICA,NORTH AMERICA,HI,1981,Labor_Index,148.3743986
Canada,NORTH AMERICA,NORTH AMERICA,HI,1981,Capital_Index,82.79081812
Canada,NORTH AMERICA,NORTH AMERICA,HI,1981,Materials_Index,63.70633859
Canada,NORTH AMERICA,NORTH AMERICA,HI,1981,Outall_Q,26036590.35
Canada,NORTH AMERICA,NORTH AMERICA,HI,1981,Outcrop_Q,14768970
Canada,NORTH AMERICA,NORTH AMERICA,HI,1981,Outanim_Q,11258264
Canada,NORTH AMERICA,NORTH AMERICA,HI,1981,Outfish_Q,9356.34894
Canada,NORTH AMERICA,NORTH AMERICA,HI,1981,Land_Q,44281.40638
Canada,NORTH AMERICA,NORTH AMERICA,HI,1981,Labor_Q,437.611
Canada,NORTH AMERICA,NORTH AMERICA,HI,1981,Capital_Q,32480.12571
Canada,NORTH AMERICA,NORTH AMERICA,HI,1981,Machinery_Q,29526.44
Canada,NORTH AMERICA,NORTH AMERICA,HI,1981,Livestock_Q,13265.70363
Canada,NORTH AMERICA,NORTH AMERICA,HI,1981,Fertilizer_Q,2181699.108
Canada,NORTH AMERICA,NORTH AMERICA,HI,1981,Feed_Q,60908244.32
Canada,NORTH AMERICA,NORTH AMERICA,HI,1981,Cropland_Q,40668
Canada,NORTH AMERICA,NORTH AMERICA,HI,1981,Pasture_Q,20622
Canada,NORTH AMERICA,NORTH AMERICA,HI,1981,IrrigArea_Q,900
Canada,NORTH AMERICA,NORTH AMERICA,HI,1982,TFP_Index,65.78637366
Canada,NORTH AMERICA,NORTH AMERICA,HI,1982,Outall_Index,59.83885707
Canada,NORTH AMERICA,NORTH AMERICA,HI,1982,Input_Index,90.95934879
Canada,NORTH AMERICA,NORTH AMERICA,HI,1982,Land_Index,104.64108
Canada,NORTH AMERICA,NORTH AMERICA,HI,1982,Labor_Index,149.8757362
Canada,NORTH AMERICA,NORTH AMERICA,HI,1982,Capital_Index,84.30281037
Canada,NORTH AMERICA,NORTH AMERICA,HI,1982,Materials_Index,63.67191552
Canada,NORTH AMERICA,NORTH AMERICA,HI,1982,Outall_Q,27442332.96
Canada,NORTH AMERICA,NORTH AMERICA,HI,1982,Outcrop_Q,15773715
Canada,NORTH AMERICA,NORTH AMERICA,HI,1982,Outanim_Q,11659774
Canada,NORTH AMERICA,NORTH AMERICA,HI,1982,Outfish_Q,8843.964134
Canada,NORTH AMERICA,NORTH AMERICA,HI,1982,Land_Q,44536.89587
Canada,NORTH AMERICA,NORTH AMERICA,HI,1982,Labor_Q,442.039
Canada,NORTH AMERICA,NORTH AMERICA,HI,1982,Capital_Q,33073.30378
Canada,NORTH AMERICA,NORTH AMERICA,HI,1982,Machinery_Q,30090
Canada,NORTH AMERICA,NORTH AMERICA,HI,1982,Livestock_Q,13186.81426
Canada,NORTH AMERICA,NORTH AMERICA,HI,1982,Fertilizer_Q,2298379.393
Canada,NORTH AMERICA,NORTH AMERICA,HI,1982,Feed_Q,57096287.14
Canada,NORTH AMERICA,NORTH AMERICA,HI,1982,Cropland_Q,40870
Canada,NORTH AMERICA,NORTH AMERICA,HI,1982,Pasture_Q,20342
Canada,NORTH AMERICA,NORTH AMERICA,HI,1982,IrrigArea_Q,943
Canada,NORTH AMERICA,NORTH AMERICA,HI,1983,TFP_Index,59.63606715
Canada,NORTH AMERICA,NORTH AMERICA,HI,1983,Outall_Index,57.03023749
Canada,NORTH AMERICA,NORTH AMERICA,HI,1983,Input_Index,95.63044684
Canada,NORTH AMERICA,NORTH AMERICA,HI,1983,Land_Index,105.241362
Canada,NORTH AMERICA,NORTH AMERICA,HI,1983,Labor_Index,153.0798103
Canada,NORTH AMERICA,NORTH AMERICA,HI,1983,Capital_Index,85.73712546
Canada,NORTH AMERICA,NORTH AMERICA,HI,1983,Materials_Index,68.98929209
Canada,NORTH AMERICA,NORTH AMERICA,HI,1983,Outall_Q,26154289.08
Canada,NORTH AMERICA,NORTH AMERICA,HI,1983,Outcrop_Q,14580424
Canada,NORTH AMERICA,NORTH AMERICA,HI,1983,Outanim_Q,11563945
Canada,NORTH AMERICA,NORTH AMERICA,HI,1983,Outfish_Q,9920.084373
Canada,NORTH AMERICA,NORTH AMERICA,HI,1983,Land_Q,44792.38535
Canada,NORTH AMERICA,NORTH AMERICA,HI,1983,Labor_Q,451.489
Canada,NORTH AMERICA,NORTH AMERICA,HI,1983,Capital_Q,33636.0079
Canada,NORTH AMERICA,NORTH AMERICA,HI,1983,Machinery_Q,30640
Canada,NORTH AMERICA,NORTH AMERICA,HI,1983,Livestock_Q,12924.33684
Canada,NORTH AMERICA,NORTH AMERICA,HI,1983,Fertilizer_Q,2570590.273
Canada,NORTH AMERICA,NORTH AMERICA,HI,1983,Feed_Q,59520696.23
Canada,NORTH AMERICA,NORTH AMERICA,HI,1983,Cropland_Q,41072
Canada,NORTH AMERICA,NORTH AMERICA,HI,1983,Pasture_Q,20062
Canada,NORTH AMERICA,NORTH AMERICA,HI,1983,IrrigArea_Q,986
Canada,NORTH AMERICA,NORTH AMERICA,HI,1984,TFP_Index,60.33266439
Canada,NORTH AMERICA,NORTH AMERICA,HI,1984,Outall_Index,56.46907587
Canada,NORTH AMERICA,NORTH AMERICA,HI,1984,Input_Index,93.59619112
Canada,NORTH AMERICA,NORTH AMERICA,HI,1984,Land_Index,105.8460074
Canada,NORTH AMERICA,NORTH AMERICA,HI,1984,Labor_Index,148.6497116
Canada,NORTH AMERICA,NORTH AMERICA,HI,1984,Capital_Index,87.17165209
Canada,NORTH AMERICA,NORTH AMERICA,HI,1984,Materials_Index,66.91121528
Canada,NORTH AMERICA,NORTH AMERICA,HI,1984,Outall_Q,25896938.18
Canada,NORTH AMERICA,NORTH AMERICA,HI,1984,Outcrop_Q,14075497
Canada,NORTH AMERICA,NORTH AMERICA,HI,1984,Outanim_Q,11802941
Canada,NORTH AMERICA,NORTH AMERICA,HI,1984,Outfish_Q,18500.18014
Canada,NORTH AMERICA,NORTH AMERICA,HI,1984,Land_Q,45049.73198
Canada,NORTH AMERICA,NORTH AMERICA,HI,1984,Labor_Q,438.423
Canada,NORTH AMERICA,NORTH AMERICA,HI,1984,Capital_Q,34198.79501
Canada,NORTH AMERICA,NORTH AMERICA,HI,1984,Machinery_Q,31180
Canada,NORTH AMERICA,NORTH AMERICA,HI,1984,Livestock_Q,12802.02215
Canada,NORTH AMERICA,NORTH AMERICA,HI,1984,Fertilizer_Q,2697906.695
Canada,NORTH AMERICA,NORTH AMERICA,HI,1984,Feed_Q,52438945.07
Canada,NORTH AMERICA,NORTH AMERICA,HI,1984,Cropland_Q,41274
Canada,NORTH AMERICA,NORTH AMERICA,HI,1984,Pasture_Q,19782
Canada,NORTH AMERICA,NORTH AMERICA,HI,1984,IrrigArea_Q,1030
Canada,NORTH AMERICA,NORTH AMERICA,HI,1985,TFP_Index,61.67685174
Canada,NORTH AMERICA,NORTH AMERICA,HI,1985,Outall_Index,60.10272341
Canada,NORTH AMERICA,NORTH AMERICA,HI,1985,Input_Index,97.44778099
Canada,NORTH AMERICA,NORTH AMERICA,HI,1985,Land_Index,106.4637431
Canada,NORTH AMERICA,NORTH AMERICA,HI,1985,Labor_Index,152.3091372
Canada,NORTH AMERICA,NORTH AMERICA,HI,1985,Capital_Index,88.62369161
Canada,NORTH AMERICA,NORTH AMERICA,HI,1985,Materials_Index,70.99367626
Canada,NORTH AMERICA,NORTH AMERICA,HI,1985,Outall_Q,27563343.09
Canada,NORTH AMERICA,NORTH AMERICA,HI,1985,Outcrop_Q,15506034
Canada,NORTH AMERICA,NORTH AMERICA,HI,1985,Outanim_Q,12035704
Canada,NORTH AMERICA,NORTH AMERICA,HI,1985,Outfish_Q,21605.09414
Canada,NORTH AMERICA,NORTH AMERICA,HI,1985,Land_Q,45312.65004
Canada,NORTH AMERICA,NORTH AMERICA,HI,1985,Labor_Q,449.216
Canada,NORTH AMERICA,NORTH AMERICA,HI,1985,Capital_Q,34768.4527
Canada,NORTH AMERICA,NORTH AMERICA,HI,1985,Machinery_Q,31732
Canada,NORTH AMERICA,NORTH AMERICA,HI,1985,Livestock_Q,12622.91794
Canada,NORTH AMERICA,NORTH AMERICA,HI,1985,Fertilizer_Q,2552265.085
Canada,NORTH AMERICA,NORTH AMERICA,HI,1985,Feed_Q,63978159.38
Canada,NORTH AMERICA,NORTH AMERICA,HI,1985,Cropland_Q,41476
Canada,NORTH AMERICA,NORTH AMERICA,HI,1985,Pasture_Q,19502
Canada,NORTH AMERICA,NORTH AMERICA,HI,1985,IrrigArea_Q,1077
Canada,NORTH AMERICA,NORTH AMERICA,HI,1986,TFP_Index,66.31025374
Canada,NORTH AMERICA,NORTH AMERICA,HI,1986,Outall_Index,64.25365309
Canada,NORTH AMERICA,NORTH AMERICA,HI,1986,Input_Index,96.8985179
Canada,NORTH AMERICA,NORTH AMERICA,HI,1986,Land_Index,106.8409085
Canada,NORTH AMERICA,NORTH AMERICA,HI,1986,Labor_Index,158.1680155
Canada,NORTH AMERICA,NORTH AMERICA,HI,1986,Capital_Index,90.01195121
Canada,NORTH AMERICA,NORTH AMERICA,HI,1986,Materials_Index,68.28348024
Canada,NORTH AMERICA,NORTH AMERICA,HI,1986,Outall_Q,29466975.62
Canada,NORTH AMERICA,NORTH AMERICA,HI,1986,Outcrop_Q,17596358
Canada,NORTH AMERICA,NORTH AMERICA,HI,1986,Outanim_Q,11832587
Canada,NORTH AMERICA,NORTH AMERICA,HI,1986,Outfish_Q,38030.61863
Canada,NORTH AMERICA,NORTH AMERICA,HI,1986,Land_Q,45473.17759
Canada,NORTH AMERICA,NORTH AMERICA,HI,1986,Labor_Q,466.496
Canada,NORTH AMERICA,NORTH AMERICA,HI,1986,Capital_Q,35313.08854
Canada,NORTH AMERICA,NORTH AMERICA,HI,1986,Machinery_Q,32281.64
Canada,NORTH AMERICA,NORTH AMERICA,HI,1986,Livestock_Q,12213.77814
Canada,NORTH AMERICA,NORTH AMERICA,HI,1986,Fertilizer_Q,2381847.766
Canada,NORTH AMERICA,NORTH AMERICA,HI,1986,Feed_Q,63839008.18
Canada,NORTH AMERICA,NORTH AMERICA,HI,1986,Cropland_Q,41679.892
Canada,NORTH AMERICA,NORTH AMERICA,HI,1986,Pasture_Q,19219
Canada,NORTH AMERICA,NORTH AMERICA,HI,1986,IrrigArea_Q,1068
Canada,NORTH AMERICA,NORTH AMERICA,HI,1987,TFP_Index,62.98233035
Canada,NORTH AMERICA,NORTH AMERICA,HI,1987,Outall_Index,62.2633867
Canada,NORTH AMERICA,NORTH AMERICA,HI,1987,Input_Index,98.85849945
Canada,NORTH AMERICA,NORTH AMERICA,HI,1987,Land_Index,106.7386811
Canada,NORTH AMERICA,NORTH AMERICA,HI,1987,Labor_Index,157.4810892
Canada,NORTH AMERICA,NORTH AMERICA,HI,1987,Capital_Index,91.46420899
Canada,NORTH AMERICA,NORTH AMERICA,HI,1987,Materials_Index,70.84206658
Canada,NORTH AMERICA,NORTH AMERICA,HI,1987,Outall_Q,28554231.7
Canada,NORTH AMERICA,NORTH AMERICA,HI,1987,Outcrop_Q,16760741
Canada,NORTH AMERICA,NORTH AMERICA,HI,1987,Outanim_Q,11736627
Canada,NORTH AMERICA,NORTH AMERICA,HI,1987,Outfish_Q,56863.6964
Canada,NORTH AMERICA,NORTH AMERICA,HI,1987,Land_Q,45429.668
Canada,NORTH AMERICA,NORTH AMERICA,HI,1987,Labor_Q,464.47
Canada,NORTH AMERICA,NORTH AMERICA,HI,1987,Capital_Q,35882.83185
Canada,NORTH AMERICA,NORTH AMERICA,HI,1987,Machinery_Q,32834
Canada,NORTH AMERICA,NORTH AMERICA,HI,1987,Livestock_Q,12061.12233
Canada,NORTH AMERICA,NORTH AMERICA,HI,1987,Fertilizer_Q,2439577.162
Canada,NORTH AMERICA,NORTH AMERICA,HI,1987,Feed_Q,67274295.99
Canada,NORTH AMERICA,NORTH AMERICA,HI,1987,Cropland_Q,41629
Canada,NORTH AMERICA,NORTH AMERICA,HI,1987,Pasture_Q,19396
Canada,NORTH AMERICA,NORTH AMERICA,HI,1987,IrrigArea_Q,1063
Canada,NORTH AMERICA,NORTH AMERICA,HI,1988,TFP_Index,57.9725582
Canada,NORTH AMERICA,NORTH AMERICA,HI,1988,Outall_Index,55.02446288
Canada,NORTH AMERICA,NORTH AMERICA,HI,1988,Input_Index,94.91467098
Canada,NORTH AMERICA,NORTH AMERICA,HI,1988,Land_Index,106.6187463
Canada,NORTH AMERICA,NORTH AMERICA,HI,1988,Labor_Index,152.7797462
Canada,NORTH AMERICA,NORTH AMERICA,HI,1988,Capital_Index,93.00269281
Canada,NORTH AMERICA,NORTH AMERICA,HI,1988,Materials_Index,66.21168416
Canada,NORTH AMERICA,NORTH AMERICA,HI,1988,Outall_Q,25234433.03
Canada,NORTH AMERICA,NORTH AMERICA,HI,1988,Outcrop_Q,12785299
Canada,NORTH AMERICA,NORTH AMERICA,HI,1988,Outanim_Q,12362172
Canada,NORTH AMERICA,NORTH AMERICA,HI,1988,Outfish_Q,86962.03151
Canada,NORTH AMERICA,NORTH AMERICA,HI,1988,Land_Q,45378.62184
Canada,NORTH AMERICA,NORTH AMERICA,HI,1988,Labor_Q,450.604
Canada,NORTH AMERICA,NORTH AMERICA,HI,1988,Capital_Q,36486.40299
Canada,NORTH AMERICA,NORTH AMERICA,HI,1988,Machinery_Q,33386
Canada,NORTH AMERICA,NORTH AMERICA,HI,1988,Livestock_Q,12267.1451
Canada,NORTH AMERICA,NORTH AMERICA,HI,1988,Fertilizer_Q,2349771.894
Canada,NORTH AMERICA,NORTH AMERICA,HI,1988,Feed_Q,60615389.62
Canada,NORTH AMERICA,NORTH AMERICA,HI,1988,Cropland_Q,41578
Canada,NORTH AMERICA,NORTH AMERICA,HI,1988,Pasture_Q,19573
Canada,NORTH AMERICA,NORTH AMERICA,HI,1988,IrrigArea_Q,1054
Canada,NORTH AMERICA,NORTH AMERICA,HI,1989,TFP_Index,63.35818333
Canada,NORTH AMERICA,NORTH AMERICA,HI,1989,Outall_Index,60.8072181
Canada,NORTH AMERICA,NORTH AMERICA,HI,1989,Input_Index,95.97373994
Canada,NORTH AMERICA,NORTH AMERICA,HI,1989,Land_Index,106.4988114
Canada,NORTH AMERICA,NORTH AMERICA,HI,1989,Labor_Index,150.174105
Canada,NORTH AMERICA,NORTH AMERICA,HI,1989,Capital_Index,94.54330209
Canada,NORTH AMERICA,NORTH AMERICA,HI,1989,Materials_Index,68.00488212
Canada,NORTH AMERICA,NORTH AMERICA,HI,1989,Outall_Q,27886427.11
Canada,NORTH AMERICA,NORTH AMERICA,HI,1989,Outcrop_Q,15370810
Canada,NORTH AMERICA,NORTH AMERICA,HI,1989,Outanim_Q,12392953
Canada,NORTH AMERICA,NORTH AMERICA,HI,1989,Outfish_Q,122664.1068
Canada,NORTH AMERICA,NORTH AMERICA,HI,1989,Land_Q,45327.57568
Canada,NORTH AMERICA,NORTH AMERICA,HI,1989,Labor_Q,442.919
Canada,NORTH AMERICA,NORTH AMERICA,HI,1989,Capital_Q,37090.80797
Canada,NORTH AMERICA,NORTH AMERICA,HI,1989,Machinery_Q,33938
Canada,NORTH AMERICA,NORTH AMERICA,HI,1989,Livestock_Q,12481.79559
Canada,NORTH AMERICA,NORTH AMERICA,HI,1989,Fertilizer_Q,2386521.161
Canada,NORTH AMERICA,NORTH AMERICA,HI,1989,Feed_Q,63112073.69
Canada,NORTH AMERICA,NORTH AMERICA,HI,1989,Cropland_Q,41527
Canada,NORTH AMERICA,NORTH AMERICA,HI,1989,Pasture_Q,19750
Canada,NORTH AMERICA,NORTH AMERICA,HI,1989,IrrigArea_Q,1045
Canada,NORTH AMERICA,NORTH AMERICA,HI,1990,TFP_Index,70.74051936
Canada,NORTH AMERICA,NORTH AMERICA,HI,1990,Outall_Index,66.87047264
Canada,NORTH AMERICA,NORTH AMERICA,HI,1990,Input_Index,94.52923621
Canada,NORTH AMERICA,NORTH AMERICA,HI,1990,Land_Index,106.3745132
Canada,NORTH AMERICA,NORTH AMERICA,HI,1990,Labor_Index,148.8487372
Canada,NORTH AMERICA,NORTH AMERICA,HI,1990,Capital_Index,92.3360508
Canada,NORTH AMERICA,NORTH AMERICA,HI,1990,Materials_Index,66.87702025
Canada,NORTH AMERICA,NORTH AMERICA,HI,1990,Outall_Q,30667059.26
Canada,NORTH AMERICA,NORTH AMERICA,HI,1990,Outcrop_Q,17867038
Canada,NORTH AMERICA,NORTH AMERICA,HI,1990,Outanim_Q,12637593
Canada,NORTH AMERICA,NORTH AMERICA,HI,1990,Outfish_Q,162428.2574
Canada,NORTH AMERICA,NORTH AMERICA,HI,1990,Land_Q,45274.67238
Canada,NORTH AMERICA,NORTH AMERICA,HI,1990,Labor_Q,439.01
Canada,NORTH AMERICA,NORTH AMERICA,HI,1990,Capital_Q,36224.86896
Canada,NORTH AMERICA,NORTH AMERICA,HI,1990,Machinery_Q,33110
Canada,NORTH AMERICA,NORTH AMERICA,HI,1990,Livestock_Q,12587.23703
Canada,NORTH AMERICA,NORTH AMERICA,HI,1990,Fertilizer_Q,2292056.955
Canada,NORTH AMERICA,NORTH AMERICA,HI,1990,Feed_Q,63879415.57
Canada,NORTH AMERICA,NORTH AMERICA,HI,1990,Cropland_Q,41476
Canada,NORTH AMERICA,NORTH AMERICA,HI,1990,Pasture_Q,19927
Canada,NORTH AMERICA,NORTH AMERICA,HI,1990,IrrigArea_Q,1035
Canada,NORTH AMERICA,NORTH AMERICA,HI,1991,TFP_Index,66.13045268
Canada,NORTH AMERICA,NORTH AMERICA,HI,1991,Outall_Index,63.01580113
Canada,NORTH AMERICA,NORTH AMERICA,HI,1991,Input_Index,95.29014028
Canada,NORTH AMERICA,NORTH AMERICA,HI,1991,Land_Index,106.3464614
Canada,NORTH AMERICA,NORTH AMERICA,HI,1991,Labor_Index,152.1965708
Canada,NORTH AMERICA,NORTH AMERICA,HI,1991,Capital_Index,90.47573463
Canada,NORTH AMERICA,NORTH AMERICA,HI,1991,Materials_Index,66.91716768
Canada,NORTH AMERICA,NORTH AMERICA,HI,1991,Outall_Q,28899291.88
Canada,NORTH AMERICA,NORTH AMERICA,HI,1991,Outcrop_Q,17579683
Canada,NORTH AMERICA,NORTH AMERICA,HI,1991,Outanim_Q,11124977
Canada,NORTH AMERICA,NORTH AMERICA,HI,1991,Outfish_Q,194631.8846
Canada,NORTH AMERICA,NORTH AMERICA,HI,1991,Land_Q,45262.7331
Canada,NORTH AMERICA,NORTH AMERICA,HI,1991,Labor_Q,448.884
Canada,NORTH AMERICA,NORTH AMERICA,HI,1991,Capital_Q,35495.03799
Canada,NORTH AMERICA,NORTH AMERICA,HI,1991,Machinery_Q,32408.24
Canada,NORTH AMERICA,NORTH AMERICA,HI,1991,Livestock_Q,12607.76633
Canada,NORTH AMERICA,NORTH AMERICA,HI,1991,Fertilizer_Q,2390538.478
Canada,NORTH AMERICA,NORTH AMERICA,HI,1991,Feed_Q,60533011.17
Canada,NORTH AMERICA,NORTH AMERICA,HI,1991,Cropland_Q,41428.727
Canada,NORTH AMERICA,NORTH AMERICA,HI,1991,Pasture_Q,20105
Canada,NORTH AMERICA,NORTH AMERICA,HI,1991,IrrigArea_Q,1045
Canada,NORTH AMERICA,NORTH AMERICA,HI,1992,TFP_Index,64.54819226
Canada,NORTH AMERICA,NORTH AMERICA,HI,1992,Outall_Index,61.25344746
Canada,NORTH AMERICA,NORTH AMERICA,HI,1992,Input_Index,94.89568231
Canada,NORTH AMERICA,NORTH AMERICA,HI,1992,Land_Index,106.2903392
Canada,NORTH AMERICA,NORTH AMERICA,HI,1992,Labor_Index,148.976222
Canada,NORTH AMERICA,NORTH AMERICA,HI,1992,Capital_Index,90.08548395
Canada,NORTH AMERICA,NORTH AMERICA,HI,1992,Materials_Index,67.7162914
Canada,NORTH AMERICA,NORTH AMERICA,HI,1992,Outall_Q,28091069.63
Canada,NORTH AMERICA,NORTH AMERICA,HI,1992,Outcrop_Q,16529159
Canada,NORTH AMERICA,NORTH AMERICA,HI,1992,Outanim_Q,11381624
Canada,NORTH AMERICA,NORTH AMERICA,HI,1992,Outfish_Q,180286.6289
Canada,NORTH AMERICA,NORTH AMERICA,HI,1992,Land_Q,45238.84659
Canada,NORTH AMERICA,NORTH AMERICA,HI,1992,Labor_Q,439.386
Canada,NORTH AMERICA,NORTH AMERICA,HI,1992,Capital_Q,35341.93658
Canada,NORTH AMERICA,NORTH AMERICA,HI,1992,Machinery_Q,32200
Canada,NORTH AMERICA,NORTH AMERICA,HI,1992,Livestock_Q,13113.36369
Canada,NORTH AMERICA,NORTH AMERICA,HI,1992,Fertilizer_Q,2480757.773
Canada,NORTH AMERICA,NORTH AMERICA,HI,1992,Feed_Q,59265702.97
Canada,NORTH AMERICA,NORTH AMERICA,HI,1992,Cropland_Q,41389
Canada,NORTH AMERICA,NORTH AMERICA,HI,1992,Pasture_Q,20076
Canada,NORTH AMERICA,NORTH AMERICA,HI,1992,IrrigArea_Q,1055
Canada,NORTH AMERICA,NORTH AMERICA,HI,1993,TFP_Index,63.23964957
Canada,NORTH AMERICA,NORTH AMERICA,HI,1993,Outall_Index,64.31995176
Canada,NORTH AMERICA,NORTH AMERICA,HI,1993,Input_Index,101.7082672
Canada,NORTH AMERICA,NORTH AMERICA,HI,1993,Land_Index,106.2337968
Canada,NORTH AMERICA,NORTH AMERICA,HI,1993,Labor_Index,151.0529367
Canada,NORTH AMERICA,NORTH AMERICA,HI,1993,Capital_Index,89.30881209
Canada,NORTH AMERICA,NORTH AMERICA,HI,1993,Materials_Index,77.80960911
Canada,NORTH AMERICA,NORTH AMERICA,HI,1993,Outall_Q,29497380.44
Canada,NORTH AMERICA,NORTH AMERICA,HI,1993,Outcrop_Q,18070044
Canada,NORTH AMERICA,NORTH AMERICA,HI,1993,Outanim_Q,11215411
Canada,NORTH AMERICA,NORTH AMERICA,HI,1993,Outfish_Q,211925.444
Canada,NORTH AMERICA,NORTH AMERICA,HI,1993,Land_Q,45214.78126
Canada,NORTH AMERICA,NORTH AMERICA,HI,1993,Labor_Q,445.511
Canada,NORTH AMERICA,NORTH AMERICA,HI,1993,Capital_Q,35037.23612
Canada,NORTH AMERICA,NORTH AMERICA,HI,1993,Machinery_Q,31900
Canada,NORTH AMERICA,NORTH AMERICA,HI,1993,Livestock_Q,13189.09732
Canada,NORTH AMERICA,NORTH AMERICA,HI,1993,Fertilizer_Q,2578738.408
Canada,NORTH AMERICA,NORTH AMERICA,HI,1993,Feed_Q,77667508.51
Canada,NORTH AMERICA,NORTH AMERICA,HI,1993,Cropland_Q,41349
Canada,NORTH AMERICA,NORTH AMERICA,HI,1993,Pasture_Q,20048
Canada,NORTH AMERICA,NORTH AMERICA,HI,1993,IrrigArea_Q,1065
Canada,NORTH AMERICA,NORTH AMERICA,HI,1994,TFP_Index,66.66271678
Canada,NORTH AMERICA,NORTH AMERICA,HI,1994,Outall_Index,66.69469029
Canada,NORTH AMERICA,NORTH AMERICA,HI,1994,Input_Index,100.0479631
Canada,NORTH AMERICA,NORTH AMERICA,HI,1994,Land_Index,106.1772544
Canada,NORTH AMERICA,NORTH AMERICA,HI,1994,Labor_Index,148.2391155
Canada,NORTH AMERICA,NORTH AMERICA,HI,1994,Capital_Index,88.58510065
Canada,NORTH AMERICA,NORTH AMERICA,HI,1994,Materials_Index,76.54001048
Canada,NORTH AMERICA,NORTH AMERICA,HI,1994,Outall_Q,30586444.79
Canada,NORTH AMERICA,NORTH AMERICA,HI,1994,Outcrop_Q,18632978
Canada,NORTH AMERICA,NORTH AMERICA,HI,1994,Outanim_Q,11737255
Canada,NORTH AMERICA,NORTH AMERICA,HI,1994,Outfish_Q,216211.7876
Canada,NORTH AMERICA,NORTH AMERICA,HI,1994,Land_Q,45190.71592
Canada,NORTH AMERICA,NORTH AMERICA,HI,1994,Labor_Q,437.212
Canada,NORTH AMERICA,NORTH AMERICA,HI,1994,Capital_Q,34753.31287
Canada,NORTH AMERICA,NORTH AMERICA,HI,1994,Machinery_Q,31600
Canada,NORTH AMERICA,NORTH AMERICA,HI,1994,Livestock_Q,13439.85809
Canada,NORTH AMERICA,NORTH AMERICA,HI,1994,Fertilizer_Q,2620164.862
Canada,NORTH AMERICA,NORTH AMERICA,HI,1994,Feed_Q,73221658.34
Canada,NORTH AMERICA,NORTH AMERICA,HI,1994,Cropland_Q,41309
Canada,NORTH AMERICA,NORTH AMERICA,HI,1994,Pasture_Q,20020
Canada,NORTH AMERICA,NORTH AMERICA,HI,1994,IrrigArea_Q,1075
Canada,NORTH AMERICA,NORTH AMERICA,HI,1995,TFP_Index,67.58956358
Canada,NORTH AMERICA,NORTH AMERICA,HI,1995,Outall_Index,68.21021454
Canada,NORTH AMERICA,NORTH AMERICA,HI,1995,Input_Index,100.9182645
Canada,NORTH AMERICA,NORTH AMERICA,HI,1995,Land_Index,106.120712
Canada,NORTH AMERICA,NORTH AMERICA,HI,1995,Labor_Index,142.1551043
Canada,NORTH AMERICA,NORTH AMERICA,HI,1995,Capital_Index,88.00509603
Canada,NORTH AMERICA,NORTH AMERICA,HI,1995,Materials_Index,81.21061387
Canada,NORTH AMERICA,NORTH AMERICA,HI,1995,Outall_Q,31281470.11
Canada,NORTH AMERICA,NORTH AMERICA,HI,1995,Outcrop_Q,18964258
Canada,NORTH AMERICA,NORTH AMERICA,HI,1995,Outanim_Q,12062366
Canada,NORTH AMERICA,NORTH AMERICA,HI,1995,Outfish_Q,254846.1139
Canada,NORTH AMERICA,NORTH AMERICA,HI,1995,Land_Q,45166.65058
Canada,NORTH AMERICA,NORTH AMERICA,HI,1995,Labor_Q,419.268
Canada,NORTH AMERICA,NORTH AMERICA,HI,1995,Capital_Q,34525.76803
Canada,NORTH AMERICA,NORTH AMERICA,HI,1995,Machinery_Q,31300
Canada,NORTH AMERICA,NORTH AMERICA,HI,1995,Livestock_Q,14192.19928
Canada,NORTH AMERICA,NORTH AMERICA,HI,1995,Fertilizer_Q,2802949.377
Canada,NORTH AMERICA,NORTH AMERICA,HI,1995,Feed_Q,76858146.59
Canada,NORTH AMERICA,NORTH AMERICA,HI,1995,Cropland_Q,41269
Canada,NORTH AMERICA,NORTH AMERICA,HI,1995,Pasture_Q,19992
Canada,NORTH AMERICA,NORTH AMERICA,HI,1995,IrrigArea_Q,1085
Canada,NORTH AMERICA,NORTH AMERICA,HI,1996,TFP_Index,69.29484267
Canada,NORTH AMERICA,NORTH AMERICA,HI,1996,Outall_Index,71.26416646
Canada,NORTH AMERICA,NORTH AMERICA,HI,1996,Input_Index,102.8419486
Canada,NORTH AMERICA,NORTH AMERICA,HI,1996,Land_Index,106.0682049
Canada,NORTH AMERICA,NORTH AMERICA,HI,1996,Labor_Index,141.6143109
Canada,NORTH AMERICA,NORTH AMERICA,HI,1996,Capital_Index,89.96802156
Canada,NORTH AMERICA,NORTH AMERICA,HI,1996,Materials_Index,84.53526897
Canada,NORTH AMERICA,NORTH AMERICA,HI,1996,Outall_Q,32682024.36
Canada,NORTH AMERICA,NORTH AMERICA,HI,1996,Outcrop_Q,19979146
Canada,NORTH AMERICA,NORTH AMERICA,HI,1996,Outanim_Q,12419386
Canada,NORTH AMERICA,NORTH AMERICA,HI,1996,Outfish_Q,283492.3597
Canada,NORTH AMERICA,NORTH AMERICA,HI,1996,Land_Q,45144.30274
Canada,NORTH AMERICA,NORTH AMERICA,HI,1996,Labor_Q,417.673
Canada,NORTH AMERICA,NORTH AMERICA,HI,1996,Capital_Q,35295.85425
Canada,NORTH AMERICA,NORTH AMERICA,HI,1996,Machinery_Q,31102.46
Canada,NORTH AMERICA,NORTH AMERICA,HI,1996,Livestock_Q,14864.29635
Canada,NORTH AMERICA,NORTH AMERICA,HI,1996,Fertilizer_Q,2937587.205
Canada,NORTH AMERICA,NORTH AMERICA,HI,1996,Feed_Q,79294684.67
Canada,NORTH AMERICA,NORTH AMERICA,HI,1996,Cropland_Q,41231
Canada,NORTH AMERICA,NORTH AMERICA,HI,1996,Pasture_Q,19961
Canada,NORTH AMERICA,NORTH AMERICA,HI,1996,IrrigArea_Q,1095
Canada,NORTH AMERICA,NORTH AMERICA,HI,1997,TFP_Index,68.98473934
Canada,NORTH AMERICA,NORTH AMERICA,HI,1997,Outall_Index,70.43842404
Canada,NORTH AMERICA,NORTH AMERICA,HI,1997,Input_Index,102.1072555
Canada,NORTH AMERICA,NORTH AMERICA,HI,1997,Land_Index,106.0658493
Canada,NORTH AMERICA,NORTH AMERICA,HI,1997,Labor_Index,139.7745959
Canada,NORTH AMERICA,NORTH AMERICA,HI,1997,Capital_Index,92.50351284
Canada,NORTH AMERICA,NORTH AMERICA,HI,1997,Materials_Index,83.79572011
Canada,NORTH AMERICA,NORTH AMERICA,HI,1997,Outall_Q,32303335.67
Canada,NORTH AMERICA,NORTH AMERICA,HI,1997,Outcrop_Q,19082410
Canada,NORTH AMERICA,NORTH AMERICA,HI,1997,Outanim_Q,12890422
Canada,NORTH AMERICA,NORTH AMERICA,HI,1997,Outfish_Q,330503.6676
Canada,NORTH AMERICA,NORTH AMERICA,HI,1997,Land_Q,45143.30016
Canada,NORTH AMERICA,NORTH AMERICA,HI,1997,Labor_Q,412.247
Canada,NORTH AMERICA,NORTH AMERICA,HI,1997,Capital_Q,36290.56692
Canada,NORTH AMERICA,NORTH AMERICA,HI,1997,Machinery_Q,31106
Canada,NORTH AMERICA,NORTH AMERICA,HI,1997,Livestock_Q,14802.35172
Canada,NORTH AMERICA,NORTH AMERICA,HI,1997,Fertilizer_Q,2964645.292
Canada,NORTH AMERICA,NORTH AMERICA,HI,1997,Feed_Q,76770904.44
Canada,NORTH AMERICA,NORTH AMERICA,HI,1997,Cropland_Q,41207
Canada,NORTH AMERICA,NORTH AMERICA,HI,1997,Pasture_Q,20008
Canada,NORTH AMERICA,NORTH AMERICA,HI,1997,IrrigArea_Q,1105
Canada,NORTH AMERICA,NORTH AMERICA,HI,1998,TFP_Index,71.99706001
Canada,NORTH AMERICA,NORTH AMERICA,HI,1998,Outall_Index,75.27023065
Canada,NORTH AMERICA,NORTH AMERICA,HI,1998,Input_Index,104.546256
Canada,NORTH AMERICA,NORTH AMERICA,HI,1998,Land_Index,106.0658432
Canada,NORTH AMERICA,NORTH AMERICA,HI,1998,Labor_Index,142.452795
Canada,NORTH AMERICA,NORTH AMERICA,HI,1998,Capital_Index,95.23994294
Canada,NORTH AMERICA,NORTH AMERICA,HI,1998,Materials_Index,86.14410413
Canada,NORTH AMERICA,NORTH AMERICA,HI,1998,Outall_Q,34519221.01
Canada,NORTH AMERICA,NORTH AMERICA,HI,1998,Outcrop_Q,20428453
Canada,NORTH AMERICA,NORTH AMERICA,HI,1998,Outanim_Q,13734338
Canada,NORTH AMERICA,NORTH AMERICA,HI,1998,Outfish_Q,356430.0051
Canada,NORTH AMERICA,NORTH AMERICA,HI,1998,Land_Q,45143.29759
Canada,NORTH AMERICA,NORTH AMERICA,HI,1998,Labor_Q,420.146
Canada,NORTH AMERICA,NORTH AMERICA,HI,1998,Capital_Q,37364.11101
Canada,NORTH AMERICA,NORTH AMERICA,HI,1998,Machinery_Q,31124
Canada,NORTH AMERICA,NORTH AMERICA,HI,1998,Livestock_Q,14877.81955
Canada,NORTH AMERICA,NORTH AMERICA,HI,1998,Fertilizer_Q,2888532.305
Canada,NORTH AMERICA,NORTH AMERICA,HI,1998,Feed_Q,84677827.55
Canada,NORTH AMERICA,NORTH AMERICA,HI,1998,Cropland_Q,41184
Canada,NORTH AMERICA,NORTH AMERICA,HI,1998,Pasture_Q,20055
Canada,NORTH AMERICA,NORTH AMERICA,HI,1998,IrrigArea_Q,1115
Canada,NORTH AMERICA,NORTH AMERICA,HI,1999,TFP_Index,78.35591384
Canada,NORTH AMERICA,NORTH AMERICA,HI,1999,Outall_Index,80.88575896
Canada,NORTH AMERICA,NORTH AMERICA,HI,1999,Input_Index,103.2286588
Canada,NORTH AMERICA,NORTH AMERICA,HI,1999,Land_Index,106.0658372
Canada,NORTH AMERICA,NORTH AMERICA,HI,1999,Labor_Index,137.017736
Canada,NORTH AMERICA,NORTH AMERICA,HI,1999,Capital_Index,97.604677
Canada,NORTH AMERICA,NORTH AMERICA,HI,1999,Materials_Index,86.49346596
Canada,NORTH AMERICA,NORTH AMERICA,HI,1999,Outall_Q,37094524.16
Canada,NORTH AMERICA,NORTH AMERICA,HI,1999,Outcrop_Q,22104756
Canada,NORTH AMERICA,NORTH AMERICA,HI,1999,Outanim_Q,14540695
Canada,NORTH AMERICA,NORTH AMERICA,HI,1999,Outfish_Q,449073.1633
Canada,NORTH AMERICA,NORTH AMERICA,HI,1999,Land_Q,45143.29502
Canada,NORTH AMERICA,NORTH AMERICA,HI,1999,Labor_Q,404.116
Canada,NORTH AMERICA,NORTH AMERICA,HI,1999,Capital_Q,38291.83296
Canada,NORTH AMERICA,NORTH AMERICA,HI,1999,Machinery_Q,31181.6
Canada,NORTH AMERICA,NORTH AMERICA,HI,1999,Livestock_Q,14991.74559
Canada,NORTH AMERICA,NORTH AMERICA,HI,1999,Fertilizer_Q,2933308.671
Canada,NORTH AMERICA,NORTH AMERICA,HI,1999,Feed_Q,83766155.9
Canada,NORTH AMERICA,NORTH AMERICA,HI,1999,Cropland_Q,41161
Canada,NORTH AMERICA,NORTH AMERICA,HI,1999,Pasture_Q,20102
Canada,NORTH AMERICA,NORTH AMERICA,HI,1999,IrrigArea_Q,1125
Canada,NORTH AMERICA,NORTH AMERICA,HI,2000,TFP_Index,81.58285884
Canada,NORTH AMERICA,NORTH AMERICA,HI,2000,Outall_Index,78.97792887
Canada,NORTH AMERICA,NORTH AMERICA,HI,2000,Input_Index,96.80701313
Canada,NORTH AMERICA,NORTH AMERICA,HI,2000,Land_Index,106.1094654
Canada,NORTH AMERICA,NORTH AMERICA,HI,2000,Labor_Index,125.8885796
Canada,NORTH AMERICA,NORTH AMERICA,HI,2000,Capital_Index,96.07536013
Canada,NORTH AMERICA,NORTH AMERICA,HI,2000,Materials_Index,81.71462791
Canada,NORTH AMERICA,NORTH AMERICA,HI,2000,Outall_Q,36219585.85
Canada,NORTH AMERICA,NORTH AMERICA,HI,2000,Outcrop_Q,20900155
Canada,NORTH AMERICA,NORTH AMERICA,HI,2000,Outanim_Q,14817270
Canada,NORTH AMERICA,NORTH AMERICA,HI,2000,Outfish_Q,502160.85
Canada,NORTH AMERICA,NORTH AMERICA,HI,2000,Land_Q,45161.86388
Canada,NORTH AMERICA,NORTH AMERICA,HI,2000,Labor_Q,371.292
Canada,NORTH AMERICA,NORTH AMERICA,HI,2000,Capital_Q,37691.85817
Canada,NORTH AMERICA,NORTH AMERICA,HI,2000,Machinery_Q,31239.1
Canada,NORTH AMERICA,NORTH AMERICA,HI,2000,Livestock_Q,15106.74703
Canada,NORTH AMERICA,NORTH AMERICA,HI,2000,Fertilizer_Q,2690592.457
Canada,NORTH AMERICA,NORTH AMERICA,HI,2000,Feed_Q,82264729.35
Canada,NORTH AMERICA,NORTH AMERICA,HI,2000,Cropland_Q,41138
Canada,NORTH AMERICA,NORTH AMERICA,HI,2000,Pasture_Q,20149
Canada,NORTH AMERICA,NORTH AMERICA,HI,2000,IrrigArea_Q,1145
Canada,NORTH AMERICA,NORTH AMERICA,HI,2001,TFP_Index,78.03616356
Canada,NORTH AMERICA,NORTH AMERICA,HI,2001,Outall_Index,71.79478976
Canada,NORTH AMERICA,NORTH AMERICA,HI,2001,Input_Index,92.0019469
Canada,NORTH AMERICA,NORTH AMERICA,HI,2001,Land_Index,106.126734
Canada,NORTH AMERICA,NORTH AMERICA,HI,2001,Labor_Index,109.3653899
Canada,NORTH AMERICA,NORTH AMERICA,HI,2001,Capital_Index,95.48937013
Canada,NORTH AMERICA,NORTH AMERICA,HI,2001,Materials_Index,81.52173058
Canada,NORTH AMERICA,NORTH AMERICA,HI,2001,Outall_Q,32925370.27
Canada,NORTH AMERICA,NORTH AMERICA,HI,2001,Outcrop_Q,17186817
Canada,NORTH AMERICA,NORTH AMERICA,HI,2001,Outanim_Q,15126118
Canada,NORTH AMERICA,NORTH AMERICA,HI,2001,Outfish_Q,612435.2719
Canada,NORTH AMERICA,NORTH AMERICA,HI,2001,Land_Q,45169.21365
Canada,NORTH AMERICA,NORTH AMERICA,HI,2001,Labor_Q,322.559
Canada,NORTH AMERICA,NORTH AMERICA,HI,2001,Capital_Q,37461.96518
Canada,NORTH AMERICA,NORTH AMERICA,HI,2001,Machinery_Q,31237.54
Canada,NORTH AMERICA,NORTH AMERICA,HI,2001,Livestock_Q,15589.25233
Canada,NORTH AMERICA,NORTH AMERICA,HI,2001,Fertilizer_Q,2726072.573
Canada,NORTH AMERICA,NORTH AMERICA,HI,2001,Feed_Q,80176534.24
Canada,NORTH AMERICA,NORTH AMERICA,HI,2001,Cropland_Q,41113.1608
Canada,NORTH AMERICA,NORTH AMERICA,HI,2001,Pasture_Q,20195
Canada,NORTH AMERICA,NORTH AMERICA,HI,2001,IrrigArea_Q,1160
Canada,NORTH AMERICA,NORTH AMERICA,HI,2002,TFP_Index,72.91784641
Canada,NORTH AMERICA,NORTH AMERICA,HI,2002,Outall_Index,68.20825949
Canada,NORTH AMERICA,NORTH AMERICA,HI,2002,Input_Index,93.54124244
Canada,NORTH AMERICA,NORTH AMERICA,HI,2002,Land_Index,105.6563339
Canada,NORTH AMERICA,NORTH AMERICA,HI,2002,Labor_Index,109.7522522
Canada,NORTH AMERICA,NORTH AMERICA,HI,2002,Capital_Index,95.17248047
Canada,NORTH AMERICA,NORTH AMERICA,HI,2002,Materials_Index,83.90796993
Canada,NORTH AMERICA,NORTH AMERICA,HI,2002,Outall_Q,31280573.52
Canada,NORTH AMERICA,NORTH AMERICA,HI,2002,Outcrop_Q,15116845
Canada,NORTH AMERICA,NORTH AMERICA,HI,2002,Outanim_Q,15460001
Canada,NORTH AMERICA,NORTH AMERICA,HI,2002,Outfish_Q,703727.5195
Canada,NORTH AMERICA,NORTH AMERICA,HI,2002,Land_Q,44969.00393
Canada,NORTH AMERICA,NORTH AMERICA,HI,2002,Labor_Q,323.7
Canada,NORTH AMERICA,NORTH AMERICA,HI,2002,Capital_Q,37337.64444
Canada,NORTH AMERICA,NORTH AMERICA,HI,2002,Machinery_Q,31190.8
Canada,NORTH AMERICA,NORTH AMERICA,HI,2002,Livestock_Q,15880.4111
Canada,NORTH AMERICA,NORTH AMERICA,HI,2002,Fertilizer_Q,2890549.73
Canada,NORTH AMERICA,NORTH AMERICA,HI,2002,Feed_Q,78900575.45
Canada,NORTH AMERICA,NORTH AMERICA,HI,2002,Cropland_Q,40780
Canada,NORTH AMERICA,NORTH AMERICA,HI,2002,Pasture_Q,21311
Canada,NORTH AMERICA,NORTH AMERICA,HI,2002,IrrigArea_Q,1175
Canada,NORTH AMERICA,NORTH AMERICA,HI,2003,TFP_Index,79.31481401
Canada,NORTH AMERICA,NORTH AMERICA,HI,2003,Outall_Index,76.9354327
Canada,NORTH AMERICA,NORTH AMERICA,HI,2003,Input_Index,97.00007957
Canada,NORTH AMERICA,NORTH AMERICA,HI,2003,Land_Index,104.9809857
Canada,NORTH AMERICA,NORTH AMERICA,HI,2003,Labor_Index,111.8821986
Canada,NORTH AMERICA,NORTH AMERICA,HI,2003,Capital_Index,93.86608177
Canada,NORTH AMERICA,NORTH AMERICA,HI,2003,Materials_Index,88.80857189
Canada,NORTH AMERICA,NORTH AMERICA,HI,2003,Outall_Q,35282889.15
Canada,NORTH AMERICA,NORTH AMERICA,HI,2003,Outcrop_Q,19569621
Canada,NORTH AMERICA,NORTH AMERICA,HI,2003,Outanim_Q,15034218
Canada,NORTH AMERICA,NORTH AMERICA,HI,2003,Outfish_Q,679050.1495
Canada,NORTH AMERICA,NORTH AMERICA,HI,2003,Land_Q,44681.56507
Canada,NORTH AMERICA,NORTH AMERICA,HI,2003,Labor_Q,329.982
Canada,NORTH AMERICA,NORTH AMERICA,HI,2003,Capital_Q,36825.12391
Canada,NORTH AMERICA,NORTH AMERICA,HI,2003,Machinery_Q,31144.2
Canada,NORTH AMERICA,NORTH AMERICA,HI,2003,Livestock_Q,15716.74399
Canada,NORTH AMERICA,NORTH AMERICA,HI,2003,Fertilizer_Q,2939639.549
Canada,NORTH AMERICA,NORTH AMERICA,HI,2003,Feed_Q,88697131.51
Canada,NORTH AMERICA,NORTH AMERICA,HI,2003,Cropland_Q,40447
Canada,NORTH AMERICA,NORTH AMERICA,HI,2003,Pasture_Q,21499
Canada,NORTH AMERICA,NORTH AMERICA,HI,2003,IrrigArea_Q,1190
Canada,NORTH AMERICA,NORTH AMERICA,HI,2004,TFP_Index,90.6524096
Canada,NORTH AMERICA,NORTH AMERICA,HI,2004,Outall_Index,83.24121952
Canada,NORTH AMERICA,NORTH AMERICA,HI,2004,Input_Index,91.82460773
Canada,NORTH AMERICA,NORTH AMERICA,HI,2004,Land_Index,104.3056374
Canada,NORTH AMERICA,NORTH AMERICA,HI,2004,Labor_Index,109.1717892
Canada,NORTH AMERICA,NORTH AMERICA,HI,2004,Capital_Index,91.58274595
Canada,NORTH AMERICA,NORTH AMERICA,HI,2004,Materials_Index,81.9294221
Canada,NORTH AMERICA,NORTH AMERICA,HI,2004,Outall_Q,38174747.55
Canada,NORTH AMERICA,NORTH AMERICA,HI,2004,Outcrop_Q,21192804
Canada,NORTH AMERICA,NORTH AMERICA,HI,2004,Outanim_Q,16426606
Canada,NORTH AMERICA,NORTH AMERICA,HI,2004,Outfish_Q,555337.5507
Canada,NORTH AMERICA,NORTH AMERICA,HI,2004,Land_Q,44394.12621
Canada,NORTH AMERICA,NORTH AMERICA,HI,2004,Labor_Q,321.988
Canada,NORTH AMERICA,NORTH AMERICA,HI,2004,Capital_Q,35929.33575
Canada,NORTH AMERICA,NORTH AMERICA,HI,2004,Machinery_Q,31097.7
Canada,NORTH AMERICA,NORTH AMERICA,HI,2004,Livestock_Q,16582.23259
Canada,NORTH AMERICA,NORTH AMERICA,HI,2004,Fertilizer_Q,2739977.073
Canada,NORTH AMERICA,NORTH AMERICA,HI,2004,Feed_Q,80565449.63
Canada,NORTH AMERICA,NORTH AMERICA,HI,2004,Cropland_Q,40114
Canada,NORTH AMERICA,NORTH AMERICA,HI,2004,Pasture_Q,21687
Canada,NORTH AMERICA,NORTH AMERICA,HI,2004,IrrigArea_Q,1205
Canada,NORTH AMERICA,NORTH AMERICA,HI,2005,TFP_Index,87.62585527
Canada,NORTH AMERICA,NORTH AMERICA,HI,2005,Outall_Index,85.41068712
Canada,NORTH AMERICA,NORTH AMERICA,HI,2005,Input_Index,97.47201538
Canada,NORTH AMERICA,NORTH AMERICA,HI,2005,Land_Index,103.6215624
Canada,NORTH AMERICA,NORTH AMERICA,HI,2005,Labor_Index,116.0074863
Canada,NORTH AMERICA,NORTH AMERICA,HI,2005,Capital_Index,91.31103141
Canada,NORTH AMERICA,NORTH AMERICA,HI,2005,Materials_Index,87.9840792
Canada,NORTH AMERICA,NORTH AMERICA,HI,2005,Outall_Q,39169673.84
Canada,NORTH AMERICA,NORTH AMERICA,HI,2005,Outcrop_Q,22238179
Canada,NORTH AMERICA,NORTH AMERICA,HI,2005,Outanim_Q,16351333
Canada,NORTH AMERICA,NORTH AMERICA,HI,2005,Outfish_Q,580161.8433
Canada,NORTH AMERICA,NORTH AMERICA,HI,2005,Land_Q,44102.97306
Canada,NORTH AMERICA,NORTH AMERICA,HI,2005,Labor_Q,342.149
Canada,NORTH AMERICA,NORTH AMERICA,HI,2005,Capital_Q,35822.73791
Canada,NORTH AMERICA,NORTH AMERICA,HI,2005,Machinery_Q,31051.2
Canada,NORTH AMERICA,NORTH AMERICA,HI,2005,Livestock_Q,16891.05933
Canada,NORTH AMERICA,NORTH AMERICA,HI,2005,Fertilizer_Q,3058872.923
Canada,NORTH AMERICA,NORTH AMERICA,HI,2005,Feed_Q,81596532.59
Canada,NORTH AMERICA,NORTH AMERICA,HI,2005,Cropland_Q,39781
Canada,NORTH AMERICA,NORTH AMERICA,HI,2005,Pasture_Q,21875
Canada,NORTH AMERICA,NORTH AMERICA,HI,2005,IrrigArea_Q,1218
Canada,NORTH AMERICA,NORTH AMERICA,HI,2006,TFP_Index,93.92315636
Canada,NORTH AMERICA,NORTH AMERICA,HI,2006,Outall_Index,82.87375055
Canada,NORTH AMERICA,NORTH AMERICA,HI,2006,Input_Index,88.23569582
Canada,NORTH AMERICA,NORTH AMERICA,HI,2006,Land_Index,102.6756582
Canada,NORTH AMERICA,NORTH AMERICA,HI,2006,Labor_Index,117.4094807
Canada,NORTH AMERICA,NORTH AMERICA,HI,2006,Capital_Index,87.29969381
Canada,NORTH AMERICA,NORTH AMERICA,HI,2006,Materials_Index,73.30031847
Canada,NORTH AMERICA,NORTH AMERICA,HI,2006,Outall_Q,38006224.85
Canada,NORTH AMERICA,NORTH AMERICA,HI,2006,Outcrop_Q,21475952
Canada,NORTH AMERICA,NORTH AMERICA,HI,2006,Outanim_Q,15865042
Canada,NORTH AMERICA,NORTH AMERICA,HI,2006,Outfish_Q,665230.8499
Canada,NORTH AMERICA,NORTH AMERICA,HI,2006,Land_Q,43700.38129
Canada,NORTH AMERICA,NORTH AMERICA,HI,2006,Labor_Q,346.284
Canada,NORTH AMERICA,NORTH AMERICA,HI,2006,Capital_Q,34249.02777
Canada,NORTH AMERICA,NORTH AMERICA,HI,2006,Machinery_Q,31004.46
Canada,NORTH AMERICA,NORTH AMERICA,HI,2006,Livestock_Q,16721.6674
Canada,NORTH AMERICA,NORTH AMERICA,HI,2006,Fertilizer_Q,2379385.486
Canada,NORTH AMERICA,NORTH AMERICA,HI,2006,Feed_Q,75398794.69
Canada,NORTH AMERICA,NORTH AMERICA,HI,2006,Cropland_Q,39448
Canada,NORTH AMERICA,NORTH AMERICA,HI,2006,Pasture_Q,21136
Canada,NORTH AMERICA,NORTH AMERICA,HI,2006,IrrigArea_Q,1218
Canada,NORTH AMERICA,NORTH AMERICA,HI,2007,TFP_Index,82.09171028
Canada,NORTH AMERICA,NORTH AMERICA,HI,2007,Outall_Index,81.41593279
Canada,NORTH AMERICA,NORTH AMERICA,HI,2007,Input_Index,99.17680178
Canada,NORTH AMERICA,NORTH AMERICA,HI,2007,Land_Index,101.7054154
Canada,NORTH AMERICA,NORTH AMERICA,HI,2007,Labor_Index,113.7659907
Canada,NORTH AMERICA,NORTH AMERICA,HI,2007,Capital_Index,86.12956297
Canada,NORTH AMERICA,NORTH AMERICA,HI,2007,Materials_Index,92.90816419
Canada,NORTH AMERICA,NORTH AMERICA,HI,2007,Outall_Q,37337663.94
Canada,NORTH AMERICA,NORTH AMERICA,HI,2007,Outcrop_Q,21096048
Canada,NORTH AMERICA,NORTH AMERICA,HI,2007,Outanim_Q,15654650
Canada,NORTH AMERICA,NORTH AMERICA,HI,2007,Outfish_Q,586965.9441
Canada,NORTH AMERICA,NORTH AMERICA,HI,2007,Land_Q,43287.43065
Canada,NORTH AMERICA,NORTH AMERICA,HI,2007,Labor_Q,335.538
Canada,NORTH AMERICA,NORTH AMERICA,HI,2007,Capital_Q,33789.96724
Canada,NORTH AMERICA,NORTH AMERICA,HI,2007,Machinery_Q,31448.24
Canada,NORTH AMERICA,NORTH AMERICA,HI,2007,Livestock_Q,16144.09066
Canada,NORTH AMERICA,NORTH AMERICA,HI,2007,Fertilizer_Q,3318405.044
Canada,NORTH AMERICA,NORTH AMERICA,HI,2007,Feed_Q,82723494.77
Canada,NORTH AMERICA,NORTH AMERICA,HI,2007,Cropland_Q,39052
Canada,NORTH AMERICA,NORTH AMERICA,HI,2007,Pasture_Q,20956
Canada,NORTH AMERICA,NORTH AMERICA,HI,2007,IrrigArea_Q,1218
Canada,NORTH AMERICA,NORTH AMERICA,HI,2008,TFP_Index,95.13992751
Canada,NORTH AMERICA,NORTH AMERICA,HI,2008,Outall_Index,90.60393813
Canada,NORTH AMERICA,NORTH AMERICA,HI,2008,Input_Index,95.23229679
Canada,NORTH AMERICA,NORTH AMERICA,HI,2008,Land_Index,100.7351726
Canada,NORTH AMERICA,NORTH AMERICA,HI,2008,Labor_Index,111.9371256
Canada,NORTH AMERICA,NORTH AMERICA,HI,2008,Capital_Index,89.29911638
Canada,NORTH AMERICA,NORTH AMERICA,HI,2008,Materials_Index,86.64989339
Canada,NORTH AMERICA,NORTH AMERICA,HI,2008,Outall_Q,41551318.99
Canada,NORTH AMERICA,NORTH AMERICA,HI,2008,Outcrop_Q,24992222
Canada,NORTH AMERICA,NORTH AMERICA,HI,2008,Outanim_Q,15922049
Canada,NORTH AMERICA,NORTH AMERICA,HI,2008,Outfish_Q,637047.9899
Canada,NORTH AMERICA,NORTH AMERICA,HI,2008,Land_Q,42874.48002
Canada,NORTH AMERICA,NORTH AMERICA,HI,2008,Labor_Q,330.144
Canada,NORTH AMERICA,NORTH AMERICA,HI,2008,Capital_Q,35033.43235
Canada,NORTH AMERICA,NORTH AMERICA,HI,2008,Machinery_Q,32066.84
Canada,NORTH AMERICA,NORTH AMERICA,HI,2008,Livestock_Q,15560.71359
Canada,NORTH AMERICA,NORTH AMERICA,HI,2008,Fertilizer_Q,3075646.353
Canada,NORTH AMERICA,NORTH AMERICA,HI,2008,Feed_Q,77880799.96
Canada,NORTH AMERICA,NORTH AMERICA,HI,2008,Cropland_Q,38656
Canada,NORTH AMERICA,NORTH AMERICA,HI,2008,Pasture_Q,20776
Canada,NORTH AMERICA,NORTH AMERICA,HI,2008,IrrigArea_Q,1218
Canada,NORTH AMERICA,NORTH AMERICA,HI,2009,TFP_Index,97.46223149
Canada,NORTH AMERICA,NORTH AMERICA,HI,2009,Outall_Index,88.48262182
Canada,NORTH AMERICA,NORTH AMERICA,HI,2009,Input_Index,90.78657493
Canada,NORTH AMERICA,NORTH AMERICA,HI,2009,Land_Index,99.76492989
Canada,NORTH AMERICA,NORTH AMERICA,HI,2009,Labor_Index,110.827058
Canada,NORTH AMERICA,NORTH AMERICA,HI,2009,Capital_Index,89.56388587
Canada,NORTH AMERICA,NORTH AMERICA,HI,2009,Materials_Index,79.86766662
Canada,NORTH AMERICA,NORTH AMERICA,HI,2009,Outall_Q,40578475.07
Canada,NORTH AMERICA,NORTH AMERICA,HI,2009,Outcrop_Q,24305237
Canada,NORTH AMERICA,NORTH AMERICA,HI,2009,Outanim_Q,15642758
Canada,NORTH AMERICA,NORTH AMERICA,HI,2009,Outfish_Q,630480.0657
Canada,NORTH AMERICA,NORTH AMERICA,HI,2009,Land_Q,42461.52938
Canada,NORTH AMERICA,NORTH AMERICA,HI,2009,Labor_Q,326.87
Canada,NORTH AMERICA,NORTH AMERICA,HI,2009,Capital_Q,35137.30554
Canada,NORTH AMERICA,NORTH AMERICA,HI,2009,Machinery_Q,32617.94
Canada,NORTH AMERICA,NORTH AMERICA,HI,2009,Livestock_Q,14926.70123
Canada,NORTH AMERICA,NORTH AMERICA,HI,2009,Fertilizer_Q,2965420.002
Canada,NORTH AMERICA,NORTH AMERICA,HI,2009,Feed_Q,67068820.6
Canada,NORTH AMERICA,NORTH AMERICA,HI,2009,Cropland_Q,38260
Canada,NORTH AMERICA,NORTH AMERICA,HI,2009,Pasture_Q,20596
Canada,NORTH AMERICA,NORTH AMERICA,HI,2009,IrrigArea_Q,1218
Canada,NORTH AMERICA,NORTH AMERICA,HI,2010,TFP_Index,95.10170971
Canada,NORTH AMERICA,NORTH AMERICA,HI,2010,Outall_Index,87.05234476
Canada,NORTH AMERICA,NORTH AMERICA,HI,2010,Input_Index,91.53604601
Canada,NORTH AMERICA,NORTH AMERICA,HI,2010,Land_Index,98.79468714
Canada,NORTH AMERICA,NORTH AMERICA,HI,2010,Labor_Index,103.9638974
Canada,NORTH AMERICA,NORTH AMERICA,HI,2010,Capital_Index,88.22990322
Canada,NORTH AMERICA,NORTH AMERICA,HI,2010,Materials_Index,84.69880033
Canada,NORTH AMERICA,NORTH AMERICA,HI,2010,Outall_Q,39922544.43
Canada,NORTH AMERICA,NORTH AMERICA,HI,2010,Outcrop_Q,23855127
Canada,NORTH AMERICA,NORTH AMERICA,HI,2010,Outanim_Q,15425189
Canada,NORTH AMERICA,NORTH AMERICA,HI,2010,Outfish_Q,642228.4327
Canada,NORTH AMERICA,NORTH AMERICA,HI,2010,Land_Q,42048.57875
Canada,NORTH AMERICA,NORTH AMERICA,HI,2010,Labor_Q,306.628
Canada,NORTH AMERICA,NORTH AMERICA,HI,2010,Capital_Q,34613.96339
Canada,NORTH AMERICA,NORTH AMERICA,HI,2010,Machinery_Q,33003.58
Canada,NORTH AMERICA,NORTH AMERICA,HI,2010,Livestock_Q,14638.22911
Canada,NORTH AMERICA,NORTH AMERICA,HI,2010,Fertilizer_Q,3239090.475
Canada,NORTH AMERICA,NORTH AMERICA,HI,2010,Feed_Q,68022833.83
Canada,NORTH AMERICA,NORTH AMERICA,HI,2010,Cropland_Q,37864
Canada,NORTH AMERICA,NORTH AMERICA,HI,2010,Pasture_Q,20416
Canada,NORTH AMERICA,NORTH AMERICA,HI,2010,IrrigArea_Q,1218
Canada,NORTH AMERICA,NORTH AMERICA,HI,2011,TFP_Index,90.687246
Canada,NORTH AMERICA,NORTH AMERICA,HI,2011,Outall_Index,86.25581711
Canada,NORTH AMERICA,NORTH AMERICA,HI,2011,Input_Index,95.11350373
Canada,NORTH AMERICA,NORTH AMERICA,HI,2011,Land_Index,97.81434138
Canada,NORTH AMERICA,NORTH AMERICA,HI,2011,Labor_Index,104.3944978
Canada,NORTH AMERICA,NORTH AMERICA,HI,2011,Capital_Index,88.66063477
Canada,NORTH AMERICA,NORTH AMERICA,HI,2011,Materials_Index,90.58253964
Canada,NORTH AMERICA,NORTH AMERICA,HI,2011,Outall_Q,39557253.75
Canada,NORTH AMERICA,NORTH AMERICA,HI,2011,Outcrop_Q,24642648
Canada,NORTH AMERICA,NORTH AMERICA,HI,2011,Outanim_Q,14230562
Canada,NORTH AMERICA,NORTH AMERICA,HI,2011,Outfish_Q,684043.7487
Canada,NORTH AMERICA,NORTH AMERICA,HI,2011,Land_Q,41631.32811
Canada,NORTH AMERICA,NORTH AMERICA,HI,2011,Labor_Q,307.898
Canada,NORTH AMERICA,NORTH AMERICA,HI,2011,Capital_Q,34782.94608
Canada,NORTH AMERICA,NORTH AMERICA,HI,2011,Machinery_Q,33422.24
Canada,NORTH AMERICA,NORTH AMERICA,HI,2011,Livestock_Q,14255.8432
Canada,NORTH AMERICA,NORTH AMERICA,HI,2011,Fertilizer_Q,3847996.244
Canada,NORTH AMERICA,NORTH AMERICA,HI,2011,Feed_Q,62073486.17
Canada,NORTH AMERICA,NORTH AMERICA,HI,2011,Cropland_Q,37463.7
Canada,NORTH AMERICA,NORTH AMERICA,HI,2011,Pasture_Q,20236
Canada,NORTH AMERICA,NORTH AMERICA,HI,2011,IrrigArea_Q,1218
Canada,NORTH AMERICA,NORTH AMERICA,HI,2012,TFP_Index,89.34343868
Canada,NORTH AMERICA,NORTH AMERICA,HI,2012,Outall_Index,88.56549678
Canada,NORTH AMERICA,NORTH AMERICA,HI,2012,Input_Index,99.12926802
Canada,NORTH AMERICA,NORTH AMERICA,HI,2012,Land_Index,98.3606973
Canada,NORTH AMERICA,NORTH AMERICA,HI,2012,Labor_Index,103.6380651
Canada,NORTH AMERICA,NORTH AMERICA,HI,2012,Capital_Index,91.57211365
Canada,NORTH AMERICA,NORTH AMERICA,HI,2012,Materials_Index,97.63804932
Canada,NORTH AMERICA,NORTH AMERICA,HI,2012,Outall_Q,40616481.85
Canada,NORTH AMERICA,NORTH AMERICA,HI,2012,Outcrop_Q,25979275
Canada,NORTH AMERICA,NORTH AMERICA,HI,2012,Outanim_Q,13901139
Canada,NORTH AMERICA,NORTH AMERICA,HI,2012,Outfish_Q,736067.8462
Canada,NORTH AMERICA,NORTH AMERICA,HI,2012,Land_Q,41863.86582
Canada,NORTH AMERICA,NORTH AMERICA,HI,2012,Labor_Q,305.667
Canada,NORTH AMERICA,NORTH AMERICA,HI,2012,Capital_Q,35925.16453
Canada,NORTH AMERICA,NORTH AMERICA,HI,2012,Machinery_Q,33761.14
Canada,NORTH AMERICA,NORTH AMERICA,HI,2012,Livestock_Q,14359.93988
Canada,NORTH AMERICA,NORTH AMERICA,HI,2012,Fertilizer_Q,4148561.564
Canada,NORTH AMERICA,NORTH AMERICA,HI,2012,Feed_Q,66887878.5
Canada,NORTH AMERICA,NORTH AMERICA,HI,2012,Cropland_Q,37713
Canada,NORTH AMERICA,NORTH AMERICA,HI,2012,Pasture_Q,20058
Canada,NORTH AMERICA,NORTH AMERICA,HI,2012,IrrigArea_Q,1218
Canada,NORTH AMERICA,NORTH AMERICA,HI,2013,TFP_Index,100.6847387
Canada,NORTH AMERICA,NORTH AMERICA,HI,2013,Outall_Index,102.0320646
Canada,NORTH AMERICA,NORTH AMERICA,HI,2013,Input_Index,101.338163
Canada,NORTH AMERICA,NORTH AMERICA,HI,2013,Land_Index,98.90634835
Canada,NORTH AMERICA,NORTH AMERICA,HI,2013,Labor_Index,106.462058
Canada,NORTH AMERICA,NORTH AMERICA,HI,2013,Capital_Index,94.06209416
Canada,NORTH AMERICA,NORTH AMERICA,HI,2013,Materials_Index,99.47488605
Canada,NORTH AMERICA,NORTH AMERICA,HI,2013,Outall_Q,46792302.29
Canada,NORTH AMERICA,NORTH AMERICA,HI,2013,Outcrop_Q,32324644
Canada,NORTH AMERICA,NORTH AMERICA,HI,2013,Outanim_Q,13799017
Canada,NORTH AMERICA,NORTH AMERICA,HI,2013,Outfish_Q,668641.2928
Canada,NORTH AMERICA,NORTH AMERICA,HI,2013,Land_Q,42096.10352
Canada,NORTH AMERICA,NORTH AMERICA,HI,2013,Labor_Q,313.996
Canada,NORTH AMERICA,NORTH AMERICA,HI,2013,Capital_Q,36902.02261
Canada,NORTH AMERICA,NORTH AMERICA,HI,2013,Machinery_Q,34232.34
Canada,NORTH AMERICA,NORTH AMERICA,HI,2013,Livestock_Q,14371.76589
Canada,NORTH AMERICA,NORTH AMERICA,HI,2013,Fertilizer_Q,3883256.424
Canada,NORTH AMERICA,NORTH AMERICA,HI,2013,Feed_Q,77445776.5
Canada,NORTH AMERICA,NORTH AMERICA,HI,2013,Cropland_Q,37962
Canada,NORTH AMERICA,NORTH AMERICA,HI,2013,Pasture_Q,19880
Canada,NORTH AMERICA,NORTH AMERICA,HI,2013,IrrigArea_Q,1218
Canada,NORTH AMERICA,NORTH AMERICA,HI,2014,TFP_Index,98.63766639
Canada,NORTH AMERICA,NORTH AMERICA,HI,2014,Outall_Index,95.61508459
Canada,NORTH AMERICA,NORTH AMERICA,HI,2014,Input_Index,96.93567183
Canada,NORTH AMERICA,NORTH AMERICA,HI,2014,Land_Index,99.45199941
Canada,NORTH AMERICA,NORTH AMERICA,HI,2014,Labor_Index,103.4576876
Canada,NORTH AMERICA,NORTH AMERICA,HI,2014,Capital_Index,96.78779869
Canada,NORTH AMERICA,NORTH AMERICA,HI,2014,Materials_Index,92.93404362
Canada,NORTH AMERICA,NORTH AMERICA,HI,2014,Outall_Q,43849450.27
Canada,NORTH AMERICA,NORTH AMERICA,HI,2014,Outcrop_Q,28339215
Canada,NORTH AMERICA,NORTH AMERICA,HI,2014,Outanim_Q,14971263
Canada,NORTH AMERICA,NORTH AMERICA,HI,2014,Outfish_Q,538972.2743
Canada,NORTH AMERICA,NORTH AMERICA,HI,2014,Land_Q,42328.34123
Canada,NORTH AMERICA,NORTH AMERICA,HI,2014,Labor_Q,305.135
Canada,NORTH AMERICA,NORTH AMERICA,HI,2014,Capital_Q,37971.3589
Canada,NORTH AMERICA,NORTH AMERICA,HI,2014,Machinery_Q,34811.56
Canada,NORTH AMERICA,NORTH AMERICA,HI,2014,Livestock_Q,14239.0683
Canada,NORTH AMERICA,NORTH AMERICA,HI,2014,Fertilizer_Q,4121797.664
Canada,NORTH AMERICA,NORTH AMERICA,HI,2014,Feed_Q,59671870
Canada,NORTH AMERICA,NORTH AMERICA,HI,2014,Cropland_Q,38211
Canada,NORTH AMERICA,NORTH AMERICA,HI,2014,Pasture_Q,19702
Canada,NORTH AMERICA,NORTH AMERICA,HI,2014,IrrigArea_Q,1218
Canada,NORTH AMERICA,NORTH AMERICA,HI,2015,TFP_Index,100
Canada,NORTH AMERICA,NORTH AMERICA,HI,2015,Outall_Index,100
Canada,NORTH AMERICA,NORTH AMERICA,HI,2015,Input_Index,100
Canada,NORTH AMERICA,NORTH AMERICA,HI,2015,Land_Index,100
Canada,NORTH AMERICA,NORTH AMERICA,HI,2015,Labor_Index,100
Canada,NORTH AMERICA,NORTH AMERICA,HI,2015,Capital_Index,100
Canada,NORTH AMERICA,NORTH AMERICA,HI,2015,Materials_Index,100
Canada,NORTH AMERICA,NORTH AMERICA,HI,2015,Outall_Q,45860389.57
Canada,NORTH AMERICA,NORTH AMERICA,HI,2015,Outcrop_Q,29876083
Canada,NORTH AMERICA,NORTH AMERICA,HI,2015,Outanim_Q,15214520
Canada,NORTH AMERICA,NORTH AMERICA,HI,2015,Outfish_Q,769786.5657
Canada,NORTH AMERICA,NORTH AMERICA,HI,2015,Land_Q,42561.57893
Canada,NORTH AMERICA,NORTH AMERICA,HI,2015,Labor_Q,294.937
Canada,NORTH AMERICA,NORTH AMERICA,HI,2015,Capital_Q,39231.55544
Canada,NORTH AMERICA,NORTH AMERICA,HI,2015,Machinery_Q,35250.36
Canada,NORTH AMERICA,NORTH AMERICA,HI,2015,Livestock_Q,13979.30507
Canada,NORTH AMERICA,NORTH AMERICA,HI,2015,Fertilizer_Q,4230998.5
Canada,NORTH AMERICA,NORTH AMERICA,HI,2015,Feed_Q,68944520.83
Canada,NORTH AMERICA,NORTH AMERICA,HI,2015,Cropland_Q,38461
Canada,NORTH AMERICA,NORTH AMERICA,HI,2015,Pasture_Q,19524
Canada,NORTH AMERICA,NORTH AMERICA,HI,2015,IrrigArea_Q,1218
Canada,NORTH AMERICA,NORTH AMERICA,HI,2016,TFP_Index,100.1690262
Canada,NORTH AMERICA,NORTH AMERICA,HI,2016,Outall_Index,107.9368293
Canada,NORTH AMERICA,NORTH AMERICA,HI,2016,Input_Index,107.7546956
Canada,NORTH AMERICA,NORTH AMERICA,HI,2016,Land_Index,100.540067
Canada,NORTH AMERICA,NORTH AMERICA,HI,2016,Labor_Index,119.4153328
Canada,NORTH AMERICA,NORTH AMERICA,HI,2016,Capital_Index,99.30994043
Canada,NORTH AMERICA,NORTH AMERICA,HI,2016,Materials_Index,102.4759356
Canada,NORTH AMERICA,NORTH AMERICA,HI,2016,Outall_Q,49500250.4
Canada,NORTH AMERICA,NORTH AMERICA,HI,2016,Outcrop_Q,32762583
Canada,NORTH AMERICA,NORTH AMERICA,HI,2016,Outanim_Q,15917490
Canada,NORTH AMERICA,NORTH AMERICA,HI,2016,Outfish_Q,820177.3976
Canada,NORTH AMERICA,NORTH AMERICA,HI,2016,Land_Q,42791.43995
Canada,NORTH AMERICA,NORTH AMERICA,HI,2016,Labor_Q,352.2
Canada,NORTH AMERICA,NORTH AMERICA,HI,2016,Capital_Q,38960.83433
Canada,NORTH AMERICA,NORTH AMERICA,HI,2016,Machinery_Q,35531.12
Canada,NORTH AMERICA,NORTH AMERICA,HI,2016,Livestock_Q,14048.93372
Canada,NORTH AMERICA,NORTH AMERICA,HI,2016,Fertilizer_Q,4063226.27
Canada,NORTH AMERICA,NORTH AMERICA,HI,2016,Feed_Q,77927335.17
Canada,NORTH AMERICA,NORTH AMERICA,HI,2016,Cropland_Q,38708
Canada,NORTH AMERICA,NORTH AMERICA,HI,2016,Pasture_Q,19342
Canada,NORTH AMERICA,NORTH AMERICA,HI,2016,IrrigArea_Q,1218
Canada,NORTH AMERICA,NORTH AMERICA,HI,2017,TFP_Index,111.9777562
Canada,NORTH AMERICA,NORTH AMERICA,HI,2017,Outall_Index,109.5483909
Canada,NORTH AMERICA,NORTH AMERICA,HI,2017,Input_Index,97.83049293
Canada,NORTH AMERICA,NORTH AMERICA,HI,2017,Land_Index,100.4443745
Canada,NORTH AMERICA,NORTH AMERICA,HI,2017,Labor_Index,94.82465747
Canada,NORTH AMERICA,NORTH AMERICA,HI,2017,Capital_Index,98.49143498
Canada,NORTH AMERICA,NORTH AMERICA,HI,2017,Materials_Index,99.61458396
Canada,NORTH AMERICA,NORTH AMERICA,HI,2017,Outall_Q,50239318.81
Canada,NORTH AMERICA,NORTH AMERICA,HI,2017,Outcrop_Q,32713925
Canada,NORTH AMERICA,NORTH AMERICA,HI,2017,Outanim_Q,16747099
Canada,NORTH AMERICA,NORTH AMERICA,HI,2017,Outfish_Q,778294.8134
Canada,NORTH AMERICA,NORTH AMERICA,HI,2017,Land_Q,42750.71174
Canada,NORTH AMERICA,NORTH AMERICA,HI,2017,Labor_Q,279.673
Canada,NORTH AMERICA,NORTH AMERICA,HI,2017,Capital_Q,38639.72191
Canada,NORTH AMERICA,NORTH AMERICA,HI,2017,Machinery_Q,35895.72
Canada,NORTH AMERICA,NORTH AMERICA,HI,2017,Livestock_Q,14054.87142
Canada,NORTH AMERICA,NORTH AMERICA,HI,2017,Fertilizer_Q,4161179.567
Canada,NORTH AMERICA,NORTH AMERICA,HI,2017,Feed_Q,70016648.83
Canada,NORTH AMERICA,NORTH AMERICA,HI,2017,Cropland_Q,38682
Canada,NORTH AMERICA,NORTH AMERICA,HI,2017,Pasture_Q,19186
Canada,NORTH AMERICA,NORTH AMERICA,HI,2017,IrrigArea_Q,1218
Canada,NORTH AMERICA,NORTH AMERICA,HI,2018,TFP_Index,109.5023483
Canada,NORTH AMERICA,NORTH AMERICA,HI,2018,Outall_Index,110.2450093
Canada,NORTH AMERICA,NORTH AMERICA,HI,2018,Input_Index,100.6782146
Canada,NORTH AMERICA,NORTH AMERICA,HI,2018,Land_Index,100.8279876
Canada,NORTH AMERICA,NORTH AMERICA,HI,2018,Labor_Index,94.05059386
Canada,NORTH AMERICA,NORTH AMERICA,HI,2018,Capital_Index,99.58891509
Canada,NORTH AMERICA,NORTH AMERICA,HI,2018,Materials_Index,105.3444782
Canada,NORTH AMERICA,NORTH AMERICA,HI,2018,Outall_Q,50558790.73
Canada,NORTH AMERICA,NORTH AMERICA,HI,2018,Outcrop_Q,32468424
Canada,NORTH AMERICA,NORTH AMERICA,HI,2018,Outanim_Q,17321309
Canada,NORTH AMERICA,NORTH AMERICA,HI,2018,Outfish_Q,769057.7305
Canada,NORTH AMERICA,NORTH AMERICA,HI,2018,Land_Q,42913.98352
Canada,NORTH AMERICA,NORTH AMERICA,HI,2018,Labor_Q,277.39
Canada,NORTH AMERICA,NORTH AMERICA,HI,2018,Capital_Q,39070.28043
Canada,NORTH AMERICA,NORTH AMERICA,HI,2018,Machinery_Q,36288.46
Canada,NORTH AMERICA,NORTH AMERICA,HI,2018,Livestock_Q,14158.24604
Canada,NORTH AMERICA,NORTH AMERICA,HI,2018,Fertilizer_Q,4568883.694
Canada,NORTH AMERICA,NORTH AMERICA,HI,2018,Feed_Q,69963652.33
Canada,NORTH AMERICA,NORTH AMERICA,HI,2018,Cropland_Q,38860
Canada,NORTH AMERICA,NORTH AMERICA,HI,2018,Pasture_Q,19029
Canada,NORTH AMERICA,NORTH AMERICA,HI,2018,IrrigArea_Q,1218
Canada,NORTH AMERICA,NORTH AMERICA,HI,2019,TFP_Index,105.6560077
Canada,NORTH AMERICA,NORTH AMERICA,HI,2019,Outall_Index,111.2475539
Canada,NORTH AMERICA,NORTH AMERICA,HI,2019,Input_Index,105.292218
Canada,NORTH AMERICA,NORTH AMERICA,HI,2019,Land_Index,100.6876539
Canada,NORTH AMERICA,NORTH AMERICA,HI,2019,Labor_Index,97.59135002
Canada,NORTH AMERICA,NORTH AMERICA,HI,2019,Capital_Index,97.36799774
Canada,NORTH AMERICA,NORTH AMERICA,HI,2019,Materials_Index,112.1160122
Canada,NORTH AMERICA,NORTH AMERICA,HI,2019,Outall_Q,51018561.61
Canada,NORTH AMERICA,NORTH AMERICA,HI,2019,Outcrop_Q,32445158
Canada,NORTH AMERICA,NORTH AMERICA,HI,2019,Outanim_Q,17825192
Canada,NORTH AMERICA,NORTH AMERICA,HI,2019,Outfish_Q,748211.612
Canada,NORTH AMERICA,NORTH AMERICA,HI,2019,Land_Q,42854.2553
Canada,NORTH AMERICA,NORTH AMERICA,HI,2019,Labor_Q,287.833
Canada,NORTH AMERICA,NORTH AMERICA,HI,2019,Capital_Q,38198.98001
Canada,NORTH AMERICA,NORTH AMERICA,HI,2019,Machinery_Q,36864.70616
Canada,NORTH AMERICA,NORTH AMERICA,HI,2019,Livestock_Q,14071.6513
Canada,NORTH AMERICA,NORTH AMERICA,HI,2019,Fertilizer_Q,4367371.863
Canada,NORTH AMERICA,NORTH AMERICA,HI,2019,Feed_Q,87570175.5
Canada,NORTH AMERICA,NORTH AMERICA,HI,2019,Cropland_Q,38815
Canada,NORTH AMERICA,NORTH AMERICA,HI,2019,Pasture_Q,18873
Canada,NORTH AMERICA,NORTH AMERICA,HI,2019,IrrigArea_Q,1218
Canada,NORTH AMERICA,NORTH AMERICA,HI,2020,TFP_Index,103.1053876
Canada,NORTH AMERICA,NORTH AMERICA,HI,2020,Outall_Index,114.1690877
Canada,NORTH AMERICA,NORTH AMERICA,HI,2020,Input_Index,110.7304771
Canada,NORTH AMERICA,NORTH AMERICA,HI,2020,Land_Index,99.68034116
Canada,NORTH AMERICA,NORTH AMERICA,HI,2020,Labor_Index,95.29831795
Canada,NORTH AMERICA,NORTH AMERICA,HI,2020,Capital_Index,96.62656283
Canada,NORTH AMERICA,NORTH AMERICA,HI,2020,Materials_Index,125.0430432
Canada,NORTH AMERICA,NORTH AMERICA,HI,2020,Outall_Q,52358388.36
Canada,NORTH AMERICA,NORTH AMERICA,HI,2020,Outcrop_Q,33656955
Canada,NORTH AMERICA,NORTH AMERICA,HI,2020,Outanim_Q,17990220
Canada,NORTH AMERICA,NORTH AMERICA,HI,2020,Outfish_Q,711213.3603
Canada,NORTH AMERICA,NORTH AMERICA,HI,2020,Land_Q,42425.52708
Canada,NORTH AMERICA,NORTH AMERICA,HI,2020,Labor_Q,281.07
Canada,NORTH AMERICA,NORTH AMERICA,HI,2020,Capital_Q,37908.10356
Canada,NORTH AMERICA,NORTH AMERICA,HI,2020,Machinery_Q,35589.39024
Canada,NORTH AMERICA,NORTH AMERICA,HI,2020,Livestock_Q,13887.9019
Canada,NORTH AMERICA,NORTH AMERICA,HI,2020,Fertilizer_Q,5265654.718
Canada,NORTH AMERICA,NORTH AMERICA,HI,2020,Feed_Q,86826943.83
Canada,NORTH AMERICA,NORTH AMERICA,HI,2020,Cropland_Q,38401
Canada,NORTH AMERICA,NORTH AMERICA,HI,2020,Pasture_Q,18716
Canada,NORTH AMERICA,NORTH AMERICA,HI,2020,IrrigArea_Q,1218
Canada,NORTH AMERICA,NORTH AMERICA,HI,2021,TFP_Index,92.7747942
Canada,NORTH AMERICA,NORTH AMERICA,HI,2021,Outall_Index,96.90887931
Canada,NORTH AMERICA,NORTH AMERICA,HI,2021,Input_Index,104.4560434
Canada,NORTH AMERICA,NORTH AMERICA,HI,2021,Land_Index,99.71622277
Canada,NORTH AMERICA,NORTH AMERICA,HI,2021,Labor_Index,85.56573099
Canada,NORTH AMERICA,NORTH AMERICA,HI,2021,Capital_Index,94.11143137
Canada,NORTH AMERICA,NORTH AMERICA,HI,2021,Materials_Index,120.894633
Canada,NORTH AMERICA,NORTH AMERICA,HI,2021,Outall_Q,44442789.58
Canada,NORTH AMERICA,NORTH AMERICA,HI,2021,Outcrop_Q,25100360
Canada,NORTH AMERICA,NORTH AMERICA,HI,2021,Outanim_Q,18572738
Canada,NORTH AMERICA,NORTH AMERICA,HI,2021,Outfish_Q,769691.5772
Canada,NORTH AMERICA,NORTH AMERICA,HI,2021,Land_Q,42440.79886
Canada,NORTH AMERICA,NORTH AMERICA,HI,2021,Labor_Q,252.365
Canada,NORTH AMERICA,NORTH AMERICA,HI,2021,Capital_Q,36921.37837
Canada,NORTH AMERICA,NORTH AMERICA,HI,2021,Machinery_Q,35199.78372
Canada,NORTH AMERICA,NORTH AMERICA,HI,2021,Livestock_Q,13741.7057
Canada,NORTH AMERICA,NORTH AMERICA,HI,2021,Fertilizer_Q,5062110.849
Canada,NORTH AMERICA,NORTH AMERICA,HI,2021,Feed_Q,84669816.62
Canada,NORTH AMERICA,NORTH AMERICA,HI,2021,Cropland_Q,38431
Canada,NORTH AMERICA,NORTH AMERICA,HI,2021,Pasture_Q,18560
Canada,NORTH AMERICA,NORTH AMERICA,HI,2021,IrrigArea_Q,1218
United States,NORTH AMERICA,NORTH AMERICA,HI,1961,TFP_Index,50.48791888
United States,NORTH AMERICA,NORTH AMERICA,HI,1961,Outall_Index,44.4016293
United States,NORTH AMERICA,NORTH AMERICA,HI,1961,Input_Index,87.94505753
United States,NORTH AMERICA,NORTH AMERICA,HI,1961,Land_Index,104.5056978
United States,NORTH AMERICA,NORTH AMERICA,HI,1961,Labor_Index,214.8959587
United States,NORTH AMERICA,NORTH AMERICA,HI,1961,Capital_Index,66.86542284
United States,NORTH AMERICA,NORTH AMERICA,HI,1961,Materials_Index,60.36811721
United States,NORTH AMERICA,NORTH AMERICA,HI,1961,Outall_Q,156511181.9
United States,NORTH AMERICA,NORTH AMERICA,HI,1961,Outcrop_Q,76332651
United States,NORTH AMERICA,NORTH AMERICA,HI,1961,Outanim_Q,79997561
United States,NORTH AMERICA,NORTH AMERICA,HI,1961,Outfish_Q,180969.9199
United States,NORTH AMERICA,NORTH AMERICA,HI,1961,Land_Q,242749.8166
United States,NORTH AMERICA,NORTH AMERICA,HI,1961,Labor_Q,5206.75
United States,NORTH AMERICA,NORTH AMERICA,HI,1961,Capital_Q,427961.4404
United States,NORTH AMERICA,NORTH AMERICA,HI,1961,Machinery_Q,209320
United States,NORTH AMERICA,NORTH AMERICA,HI,1961,Livestock_Q,107359.3624
United States,NORTH AMERICA,NORTH AMERICA,HI,1961,Fertilizer_Q,9553734.3
United States,NORTH AMERICA,NORTH AMERICA,HI,1961,Feed_Q,370249055.5
United States,NORTH AMERICA,NORTH AMERICA,HI,1961,Cropland_Q,182509
United States,NORTH AMERICA,NORTH AMERICA,HI,1961,Pasture_Q,265000
United States,NORTH AMERICA,NORTH AMERICA,HI,1961,IrrigArea_Q,19000
United States,NORTH AMERICA,NORTH AMERICA,HI,1962,TFP_Index,51.31766913
United States,NORTH AMERICA,NORTH AMERICA,HI,1962,Outall_Index,44.62041349
United States,NORTH AMERICA,NORTH AMERICA,HI,1962,Input_Index,86.94941577
United States,NORTH AMERICA,NORTH AMERICA,HI,1962,Land_Index,103.3909285
United States,NORTH AMERICA,NORTH AMERICA,HI,1962,Labor_Index,204.0343938
United States,NORTH AMERICA,NORTH AMERICA,HI,1962,Capital_Index,67.26011148
United States,NORTH AMERICA,NORTH AMERICA,HI,1962,Materials_Index,60.5262528
United States,NORTH AMERICA,NORTH AMERICA,HI,1962,Outall_Q,157282373.7
United States,NORTH AMERICA,NORTH AMERICA,HI,1962,Outcrop_Q,76949285
United States,NORTH AMERICA,NORTH AMERICA,HI,1962,Outanim_Q,80138496
United States,NORTH AMERICA,NORTH AMERICA,HI,1962,Outfish_Q,194592.712
United States,NORTH AMERICA,NORTH AMERICA,HI,1962,Land_Q,240160.388
United States,NORTH AMERICA,NORTH AMERICA,HI,1962,Labor_Q,4943.583333
United States,NORTH AMERICA,NORTH AMERICA,HI,1962,Capital_Q,430487.5819
United States,NORTH AMERICA,NORTH AMERICA,HI,1962,Machinery_Q,209720
United States,NORTH AMERICA,NORTH AMERICA,HI,1962,Livestock_Q,110426.9788
United States,NORTH AMERICA,NORTH AMERICA,HI,1962,Fertilizer_Q,10365375.24
United States,NORTH AMERICA,NORTH AMERICA,HI,1962,Feed_Q,362148955.9
United States,NORTH AMERICA,NORTH AMERICA,HI,1962,Cropland_Q,178991
United States,NORTH AMERICA,NORTH AMERICA,HI,1962,Pasture_Q,265000
United States,NORTH AMERICA,NORTH AMERICA,HI,1962,IrrigArea_Q,19500
United States,NORTH AMERICA,NORTH AMERICA,HI,1963,TFP_Index,53.64434779
United States,NORTH AMERICA,NORTH AMERICA,HI,1963,Outall_Index,46.30164534
United States,NORTH AMERICA,NORTH AMERICA,HI,1963,Input_Index,86.31225329
United States,NORTH AMERICA,NORTH AMERICA,HI,1963,Land_Index,104.5636345
United States,NORTH AMERICA,NORTH AMERICA,HI,1963,Labor_Index,193.44454
United States,NORTH AMERICA,NORTH AMERICA,HI,1963,Capital_Index,67.57680757
United States,NORTH AMERICA,NORTH AMERICA,HI,1963,Materials_Index,60.86579143
United States,NORTH AMERICA,NORTH AMERICA,HI,1963,Outall_Q,163208543.2
United States,NORTH AMERICA,NORTH AMERICA,HI,1963,Outcrop_Q,80075102
United States,NORTH AMERICA,NORTH AMERICA,HI,1963,Outanim_Q,82915491
United States,NORTH AMERICA,NORTH AMERICA,HI,1963,Outfish_Q,217950.2463
United States,NORTH AMERICA,NORTH AMERICA,HI,1963,Land_Q,242884.3941
United States,NORTH AMERICA,NORTH AMERICA,HI,1963,Labor_Q,4687
United States,NORTH AMERICA,NORTH AMERICA,HI,1963,Capital_Q,432514.5445
United States,NORTH AMERICA,NORTH AMERICA,HI,1963,Machinery_Q,209920
United States,NORTH AMERICA,NORTH AMERICA,HI,1963,Livestock_Q,113299.99
United States,NORTH AMERICA,NORTH AMERICA,HI,1963,Fertilizer_Q,11257160.77
United States,NORTH AMERICA,NORTH AMERICA,HI,1963,Feed_Q,355503448
United States,NORTH AMERICA,NORTH AMERICA,HI,1963,Cropland_Q,181443
United States,NORTH AMERICA,NORTH AMERICA,HI,1963,Pasture_Q,260000
United States,NORTH AMERICA,NORTH AMERICA,HI,1963,IrrigArea_Q,19900
United States,NORTH AMERICA,NORTH AMERICA,HI,1964,TFP_Index,54.76929302
United States,NORTH AMERICA,NORTH AMERICA,HI,1964,Outall_Index,46.79457293
United States,NORTH AMERICA,NORTH AMERICA,HI,1964,Input_Index,85.43943213
United States,NORTH AMERICA,NORTH AMERICA,HI,1964,Land_Index,104.1593783
United States,NORTH AMERICA,NORTH AMERICA,HI,1964,Labor_Index,186.6070507
United States,NORTH AMERICA,NORTH AMERICA,HI,1964,Capital_Index,67.76157529
United States,NORTH AMERICA,NORTH AMERICA,HI,1964,Materials_Index,60.51916461
United States,NORTH AMERICA,NORTH AMERICA,HI,1964,Outall_Q,164946062.4
United States,NORTH AMERICA,NORTH AMERICA,HI,1964,Outcrop_Q,76999192
United States,NORTH AMERICA,NORTH AMERICA,HI,1964,Outanim_Q,87725355
United States,NORTH AMERICA,NORTH AMERICA,HI,1964,Outfish_Q,221515.3866
United States,NORTH AMERICA,NORTH AMERICA,HI,1964,Land_Q,241945.3725
United States,NORTH AMERICA,NORTH AMERICA,HI,1964,Labor_Q,4521.333333
United States,NORTH AMERICA,NORTH AMERICA,HI,1964,Capital_Q,433697.1208
United States,NORTH AMERICA,NORTH AMERICA,HI,1964,Machinery_Q,209840
United States,NORTH AMERICA,NORTH AMERICA,HI,1964,Livestock_Q,115608.6264
United States,NORTH AMERICA,NORTH AMERICA,HI,1964,Fertilizer_Q,11880873.2
United States,NORTH AMERICA,NORTH AMERICA,HI,1964,Feed_Q,346933151.3
United States,NORTH AMERICA,NORTH AMERICA,HI,1964,Cropland_Q,179839
United States,NORTH AMERICA,NORTH AMERICA,HI,1964,Pasture_Q,259173
United States,NORTH AMERICA,NORTH AMERICA,HI,1964,IrrigArea_Q,20300
United States,NORTH AMERICA,NORTH AMERICA,HI,1965,TFP_Index,55.06526921
United States,NORTH AMERICA,NORTH AMERICA,HI,1965,Outall_Index,48.52556976
United States,NORTH AMERICA,NORTH AMERICA,HI,1965,Input_Index,88.12373109
United States,NORTH AMERICA,NORTH AMERICA,HI,1965,Land_Index,103.8952665
United States,NORTH AMERICA,NORTH AMERICA,HI,1965,Labor_Index,179.4978504
United States,NORTH AMERICA,NORTH AMERICA,HI,1965,Capital_Index,67.68738689
United States,NORTH AMERICA,NORTH AMERICA,HI,1965,Materials_Index,68.40055364
United States,NORTH AMERICA,NORTH AMERICA,HI,1965,Outall_Q,171047648.4
United States,NORTH AMERICA,NORTH AMERICA,HI,1965,Outcrop_Q,84320938
United States,NORTH AMERICA,NORTH AMERICA,HI,1965,Outanim_Q,86477856
United States,NORTH AMERICA,NORTH AMERICA,HI,1965,Outfish_Q,248854.3648
United States,NORTH AMERICA,NORTH AMERICA,HI,1965,Land_Q,241331.8835
United States,NORTH AMERICA,NORTH AMERICA,HI,1965,Labor_Q,4349.083333
United States,NORTH AMERICA,NORTH AMERICA,HI,1965,Capital_Q,433222.2898
United States,NORTH AMERICA,NORTH AMERICA,HI,1965,Machinery_Q,209680
United States,NORTH AMERICA,NORTH AMERICA,HI,1965,Livestock_Q,115266.9208
United States,NORTH AMERICA,NORTH AMERICA,HI,1965,Fertilizer_Q,12861223.29
United States,NORTH AMERICA,NORTH AMERICA,HI,1965,Feed_Q,397451207.1
United States,NORTH AMERICA,NORTH AMERICA,HI,1965,Cropland_Q,178873
United States,NORTH AMERICA,NORTH AMERICA,HI,1965,Pasture_Q,257000
United States,NORTH AMERICA,NORTH AMERICA,HI,1965,IrrigArea_Q,20600
United States,NORTH AMERICA,NORTH AMERICA,HI,1966,TFP_Index,55.96048388
United States,NORTH AMERICA,NORTH AMERICA,HI,1966,Outall_Index,48.66128099
United States,NORTH AMERICA,NORTH AMERICA,HI,1966,Input_Index,86.95650505
United States,NORTH AMERICA,NORTH AMERICA,HI,1966,Land_Index,103.4861729
United States,NORTH AMERICA,NORTH AMERICA,HI,1966,Labor_Index,164.3508169
United States,NORTH AMERICA,NORTH AMERICA,HI,1966,Capital_Index,67.40794132
United States,NORTH AMERICA,NORTH AMERICA,HI,1966,Materials_Index,70.25583713
United States,NORTH AMERICA,NORTH AMERICA,HI,1966,Outall_Q,171526016.5
United States,NORTH AMERICA,NORTH AMERICA,HI,1966,Outcrop_Q,82901210
United States,NORTH AMERICA,NORTH AMERICA,HI,1966,Outanim_Q,88407755
United States,NORTH AMERICA,NORTH AMERICA,HI,1966,Outfish_Q,217051.5299
United States,NORTH AMERICA,NORTH AMERICA,HI,1966,Land_Q,240381.6252
United States,NORTH AMERICA,NORTH AMERICA,HI,1966,Labor_Q,3982.083333
United States,NORTH AMERICA,NORTH AMERICA,HI,1966,Capital_Q,431433.7431
United States,NORTH AMERICA,NORTH AMERICA,HI,1966,Machinery_Q,209080
United States,NORTH AMERICA,NORTH AMERICA,HI,1966,Livestock_Q,113975.9026
United States,NORTH AMERICA,NORTH AMERICA,HI,1966,Fertilizer_Q,14182019.6
United States,NORTH AMERICA,NORTH AMERICA,HI,1966,Feed_Q,399248018.8
United States,NORTH AMERICA,NORTH AMERICA,HI,1966,Cropland_Q,177550
United States,NORTH AMERICA,NORTH AMERICA,HI,1966,Pasture_Q,258000
United States,NORTH AMERICA,NORTH AMERICA,HI,1966,IrrigArea_Q,20750
United States,NORTH AMERICA,NORTH AMERICA,HI,1967,TFP_Index,58.44244694
United States,NORTH AMERICA,NORTH AMERICA,HI,1967,Outall_Index,50.7358884
United States,NORTH AMERICA,NORTH AMERICA,HI,1967,Input_Index,86.81342252
United States,NORTH AMERICA,NORTH AMERICA,HI,1967,Land_Index,103.1914713
United States,NORTH AMERICA,NORTH AMERICA,HI,1967,Labor_Index,158.6552021
United States,NORTH AMERICA,NORTH AMERICA,HI,1967,Capital_Index,67.44152927
United States,NORTH AMERICA,NORTH AMERICA,HI,1967,Materials_Index,71.72630826
United States,NORTH AMERICA,NORTH AMERICA,HI,1967,Outall_Q,178838794.5
United States,NORTH AMERICA,NORTH AMERICA,HI,1967,Outcrop_Q,87825235
United States,NORTH AMERICA,NORTH AMERICA,HI,1967,Outanim_Q,90768053
United States,NORTH AMERICA,NORTH AMERICA,HI,1967,Outfish_Q,245506.5009
United States,NORTH AMERICA,NORTH AMERICA,HI,1967,Land_Q,239697.0811
United States,NORTH AMERICA,NORTH AMERICA,HI,1967,Labor_Q,3844.083333
United States,NORTH AMERICA,NORTH AMERICA,HI,1967,Capital_Q,431648.7174
United States,NORTH AMERICA,NORTH AMERICA,HI,1967,Machinery_Q,208780
United States,NORTH AMERICA,NORTH AMERICA,HI,1967,Livestock_Q,115275.5947
United States,NORTH AMERICA,NORTH AMERICA,HI,1967,Fertilizer_Q,15344483.71
United States,NORTH AMERICA,NORTH AMERICA,HI,1967,Feed_Q,400253217.8
United States,NORTH AMERICA,NORTH AMERICA,HI,1967,Cropland_Q,176307
United States,NORTH AMERICA,NORTH AMERICA,HI,1967,Pasture_Q,259000
United States,NORTH AMERICA,NORTH AMERICA,HI,1967,IrrigArea_Q,21000
United States,NORTH AMERICA,NORTH AMERICA,HI,1968,TFP_Index,58.38199011
United States,NORTH AMERICA,NORTH AMERICA,HI,1968,Outall_Index,51.74212411
United States,NORTH AMERICA,NORTH AMERICA,HI,1968,Input_Index,88.62685909
United States,NORTH AMERICA,NORTH AMERICA,HI,1968,Land_Index,105.9812144
United States,NORTH AMERICA,NORTH AMERICA,HI,1968,Labor_Index,157.6096303
United States,NORTH AMERICA,NORTH AMERICA,HI,1968,Capital_Index,67.13175736
United States,NORTH AMERICA,NORTH AMERICA,HI,1968,Materials_Index,75.94064065
United States,NORTH AMERICA,NORTH AMERICA,HI,1968,Outall_Q,182385672
United States,NORTH AMERICA,NORTH AMERICA,HI,1968,Outcrop_Q,90595271
United States,NORTH AMERICA,NORTH AMERICA,HI,1968,Outanim_Q,91532364
United States,NORTH AMERICA,NORTH AMERICA,HI,1968,Outfish_Q,258037.0107
United States,NORTH AMERICA,NORTH AMERICA,HI,1968,Land_Q,246177.2028
United States,NORTH AMERICA,NORTH AMERICA,HI,1968,Labor_Q,3818.75
United States,NORTH AMERICA,NORTH AMERICA,HI,1968,Capital_Q,429666.0719
United States,NORTH AMERICA,NORTH AMERICA,HI,1968,Machinery_Q,207580
United States,NORTH AMERICA,NORTH AMERICA,HI,1968,Livestock_Q,115494.9285
United States,NORTH AMERICA,NORTH AMERICA,HI,1968,Fertilizer_Q,15902231.14
United States,NORTH AMERICA,NORTH AMERICA,HI,1968,Feed_Q,426621100
United States,NORTH AMERICA,NORTH AMERICA,HI,1968,Cropland_Q,182795
United States,NORTH AMERICA,NORTH AMERICA,HI,1968,Pasture_Q,253000
United States,NORTH AMERICA,NORTH AMERICA,HI,1968,IrrigArea_Q,21300
United States,NORTH AMERICA,NORTH AMERICA,HI,1969,TFP_Index,58.68872954
United States,NORTH AMERICA,NORTH AMERICA,HI,1969,Outall_Index,52.22146226
United States,NORTH AMERICA,NORTH AMERICA,HI,1969,Input_Index,88.98039311
United States,NORTH AMERICA,NORTH AMERICA,HI,1969,Land_Index,109.3321464
United States,NORTH AMERICA,NORTH AMERICA,HI,1969,Labor_Index,148.7704213
United States,NORTH AMERICA,NORTH AMERICA,HI,1969,Capital_Index,66.46232476
United States,NORTH AMERICA,NORTH AMERICA,HI,1969,Materials_Index,79.40873925
United States,NORTH AMERICA,NORTH AMERICA,HI,1969,Outall_Q,184075289.7
United States,NORTH AMERICA,NORTH AMERICA,HI,1969,Outcrop_Q,91792899
United States,NORTH AMERICA,NORTH AMERICA,HI,1969,Outanim_Q,92045564
United States,NORTH AMERICA,NORTH AMERICA,HI,1969,Outfish_Q,236826.7402
United States,NORTH AMERICA,NORTH AMERICA,HI,1969,Land_Q,253960.8753
United States,NORTH AMERICA,NORTH AMERICA,HI,1969,Labor_Q,3604.583333
United States,NORTH AMERICA,NORTH AMERICA,HI,1969,Capital_Q,425381.4757
United States,NORTH AMERICA,NORTH AMERICA,HI,1969,Machinery_Q,204880
United States,NORTH AMERICA,NORTH AMERICA,HI,1969,Livestock_Q,116328.0892
United States,NORTH AMERICA,NORTH AMERICA,HI,1969,Fertilizer_Q,16394166.78
United States,NORTH AMERICA,NORTH AMERICA,HI,1969,Feed_Q,448092773.3
United States,NORTH AMERICA,NORTH AMERICA,HI,1969,Cropland_Q,191014
United States,NORTH AMERICA,NORTH AMERICA,HI,1969,Pasture_Q,244433
United States,NORTH AMERICA,NORTH AMERICA,HI,1969,IrrigArea_Q,21500
United States,NORTH AMERICA,NORTH AMERICA,HI,1970,TFP_Index,58.62692663
United States,NORTH AMERICA,NORTH AMERICA,HI,1970,Outall_Index,51.55741151
United States,NORTH AMERICA,NORTH AMERICA,HI,1970,Input_Index,87.94152187
United States,NORTH AMERICA,NORTH AMERICA,HI,1970,Land_Index,109.2491599
United States,NORTH AMERICA,NORTH AMERICA,HI,1970,Labor_Index,142.7515047
United States,NORTH AMERICA,NORTH AMERICA,HI,1970,Capital_Index,65.35501974
United States,NORTH AMERICA,NORTH AMERICA,HI,1970,Materials_Index,80.00085461
United States,NORTH AMERICA,NORTH AMERICA,HI,1970,Outall_Q,181734579.1
United States,NORTH AMERICA,NORTH AMERICA,HI,1970,Outcrop_Q,87270965
United States,NORTH AMERICA,NORTH AMERICA,HI,1970,Outanim_Q,94125055
United States,NORTH AMERICA,NORTH AMERICA,HI,1970,Outfish_Q,338559.0691
United States,NORTH AMERICA,NORTH AMERICA,HI,1970,Land_Q,253768.1111
United States,NORTH AMERICA,NORTH AMERICA,HI,1970,Labor_Q,3458.75
United States,NORTH AMERICA,NORTH AMERICA,HI,1970,Capital_Q,418294.3471
United States,NORTH AMERICA,NORTH AMERICA,HI,1970,Machinery_Q,200560
United States,NORTH AMERICA,NORTH AMERICA,HI,1970,Livestock_Q,117318.5193
United States,NORTH AMERICA,NORTH AMERICA,HI,1970,Fertilizer_Q,17206109.79
United States,NORTH AMERICA,NORTH AMERICA,HI,1970,Feed_Q,445682551.7
United States,NORTH AMERICA,NORTH AMERICA,HI,1970,Cropland_Q,190500
United States,NORTH AMERICA,NORTH AMERICA,HI,1970,Pasture_Q,243900
United States,NORTH AMERICA,NORTH AMERICA,HI,1970,IrrigArea_Q,21700
United States,NORTH AMERICA,NORTH AMERICA,HI,1971,TFP_Index,62.25479061
United States,NORTH AMERICA,NORTH AMERICA,HI,1971,Outall_Index,55.73512157
United States,NORTH AMERICA,NORTH AMERICA,HI,1971,Input_Index,89.52744202
United States,NORTH AMERICA,NORTH AMERICA,HI,1971,Land_Index,109.1304876
United States,NORTH AMERICA,NORTH AMERICA,HI,1971,Labor_Index,140.0791058
United States,NORTH AMERICA,NORTH AMERICA,HI,1971,Capital_Index,65.34586805
United States,NORTH AMERICA,NORTH AMERICA,HI,1971,Materials_Index,84.96553228
United States,NORTH AMERICA,NORTH AMERICA,HI,1971,Outall_Q,196460577.9
United States,NORTH AMERICA,NORTH AMERICA,HI,1971,Outcrop_Q,99977360
United States,NORTH AMERICA,NORTH AMERICA,HI,1971,Outanim_Q,96146702
United States,NORTH AMERICA,NORTH AMERICA,HI,1971,Outfish_Q,336515.8807
United States,NORTH AMERICA,NORTH AMERICA,HI,1971,Land_Q,253492.4546
United States,NORTH AMERICA,NORTH AMERICA,HI,1971,Labor_Q,3394
United States,NORTH AMERICA,NORTH AMERICA,HI,1971,Capital_Q,418235.7731
United States,NORTH AMERICA,NORTH AMERICA,HI,1971,Machinery_Q,199340
United States,NORTH AMERICA,NORTH AMERICA,HI,1971,Livestock_Q,120977.3923
United States,NORTH AMERICA,NORTH AMERICA,HI,1971,Fertilizer_Q,17635565.31
United States,NORTH AMERICA,NORTH AMERICA,HI,1971,Feed_Q,480259901.9
United States,NORTH AMERICA,NORTH AMERICA,HI,1971,Cropland_Q,189900
United States,NORTH AMERICA,NORTH AMERICA,HI,1971,Pasture_Q,243400
United States,NORTH AMERICA,NORTH AMERICA,HI,1971,IrrigArea_Q,21900
United States,NORTH AMERICA,NORTH AMERICA,HI,1972,TFP_Index,61.4312886
United States,NORTH AMERICA,NORTH AMERICA,HI,1972,Outall_Index,55.61887642
United States,NORTH AMERICA,NORTH AMERICA,HI,1972,Input_Index,90.53835218
United States,NORTH AMERICA,NORTH AMERICA,HI,1972,Land_Index,109.0158694
United States,NORTH AMERICA,NORTH AMERICA,HI,1972,Labor_Index,143.5494411
United States,NORTH AMERICA,NORTH AMERICA,HI,1972,Capital_Index,64.64631035
United States,NORTH AMERICA,NORTH AMERICA,HI,1972,Materials_Index,87.3094563
United States,NORTH AMERICA,NORTH AMERICA,HI,1972,Outall_Q,196050825.7
United States,NORTH AMERICA,NORTH AMERICA,HI,1972,Outcrop_Q,99143486
United States,NORTH AMERICA,NORTH AMERICA,HI,1972,Outanim_Q,96550063
United States,NORTH AMERICA,NORTH AMERICA,HI,1972,Outfish_Q,357276.6625
United States,NORTH AMERICA,NORTH AMERICA,HI,1972,Land_Q,253226.2151
United States,NORTH AMERICA,NORTH AMERICA,HI,1972,Labor_Q,3478.083333
United States,NORTH AMERICA,NORTH AMERICA,HI,1972,Capital_Q,413758.366
United States,NORTH AMERICA,NORTH AMERICA,HI,1972,Machinery_Q,196300
United States,NORTH AMERICA,NORTH AMERICA,HI,1972,Livestock_Q,122568.4587
United States,NORTH AMERICA,NORTH AMERICA,HI,1972,Fertilizer_Q,18125385.41
United States,NORTH AMERICA,NORTH AMERICA,HI,1972,Feed_Q,493471910.2
United States,NORTH AMERICA,NORTH AMERICA,HI,1972,Cropland_Q,189300
United States,NORTH AMERICA,NORTH AMERICA,HI,1972,Pasture_Q,243000
United States,NORTH AMERICA,NORTH AMERICA,HI,1972,IrrigArea_Q,22100
United States,NORTH AMERICA,NORTH AMERICA,HI,1973,TFP_Index,62.78541886
United States,NORTH AMERICA,NORTH AMERICA,HI,1973,Outall_Index,56.40367589
United States,NORTH AMERICA,NORTH AMERICA,HI,1973,Input_Index,89.83562889
United States,NORTH AMERICA,NORTH AMERICA,HI,1973,Land_Index,108.9361938
United States,NORTH AMERICA,NORTH AMERICA,HI,1973,Labor_Index,143.1263972
United States,NORTH AMERICA,NORTH AMERICA,HI,1973,Capital_Index,63.85113965
United States,NORTH AMERICA,NORTH AMERICA,HI,1973,Materials_Index,86.33975081
United States,NORTH AMERICA,NORTH AMERICA,HI,1973,Outall_Q,198817163.1
United States,NORTH AMERICA,NORTH AMERICA,HI,1973,Outcrop_Q,106355147
United States,NORTH AMERICA,NORTH AMERICA,HI,1973,Outanim_Q,92102527
United States,NORTH AMERICA,NORTH AMERICA,HI,1973,Outfish_Q,359489.1463
United States,NORTH AMERICA,NORTH AMERICA,HI,1973,Land_Q,253041.1415
United States,NORTH AMERICA,NORTH AMERICA,HI,1973,Labor_Q,3467.833333
United States,NORTH AMERICA,NORTH AMERICA,HI,1973,Capital_Q,408669.0031
United States,NORTH AMERICA,NORTH AMERICA,HI,1973,Machinery_Q,192880
United States,NORTH AMERICA,NORTH AMERICA,HI,1973,Livestock_Q,124362.3649
United States,NORTH AMERICA,NORTH AMERICA,HI,1973,Fertilizer_Q,19154833.28
United States,NORTH AMERICA,NORTH AMERICA,HI,1973,Feed_Q,474941407.9
United States,NORTH AMERICA,NORTH AMERICA,HI,1973,Cropland_Q,188800
United States,NORTH AMERICA,NORTH AMERICA,HI,1973,Pasture_Q,242400
United States,NORTH AMERICA,NORTH AMERICA,HI,1973,IrrigArea_Q,22300
United States,NORTH AMERICA,NORTH AMERICA,HI,1974,TFP_Index,65.42809422
United States,NORTH AMERICA,NORTH AMERICA,HI,1974,Outall_Index,55.21046235
United States,NORTH AMERICA,NORTH AMERICA,HI,1974,Input_Index,84.38341818
United States,NORTH AMERICA,NORTH AMERICA,HI,1974,Land_Index,108.9068438
United States,NORTH AMERICA,NORTH AMERICA,HI,1974,Labor_Index,145.5717971
United States,NORTH AMERICA,NORTH AMERICA,HI,1974,Capital_Index,63.67945059
United States,NORTH AMERICA,NORTH AMERICA,HI,1974,Materials_Index,72.01254201
United States,NORTH AMERICA,NORTH AMERICA,HI,1974,Outall_Q,194611208
United States,NORTH AMERICA,NORTH AMERICA,HI,1974,Outcrop_Q,97143145
United States,NORTH AMERICA,NORTH AMERICA,HI,1974,Outanim_Q,97105460
United States,NORTH AMERICA,NORTH AMERICA,HI,1974,Outfish_Q,362603.017
United States,NORTH AMERICA,NORTH AMERICA,HI,1974,Land_Q,252972.9661
United States,NORTH AMERICA,NORTH AMERICA,HI,1974,Labor_Q,3527.083333
United States,NORTH AMERICA,NORTH AMERICA,HI,1974,Capital_Q,407570.1348
United States,NORTH AMERICA,NORTH AMERICA,HI,1974,Machinery_Q,190780
United States,NORTH AMERICA,NORTH AMERICA,HI,1974,Livestock_Q,129441.1115
United States,NORTH AMERICA,NORTH AMERICA,HI,1974,Fertilizer_Q,18599310.04
United States,NORTH AMERICA,NORTH AMERICA,HI,1974,Feed_Q,372297749
United States,NORTH AMERICA,NORTH AMERICA,HI,1974,Cropland_Q,188218
United States,NORTH AMERICA,NORTH AMERICA,HI,1974,Pasture_Q,241940
United States,NORTH AMERICA,NORTH AMERICA,HI,1974,IrrigArea_Q,22600
United States,NORTH AMERICA,NORTH AMERICA,HI,1975,TFP_Index,68.66602809
United States,NORTH AMERICA,NORTH AMERICA,HI,1975,Outall_Index,58.95945646
United States,NORTH AMERICA,NORTH AMERICA,HI,1975,Input_Index,85.86408461
United States,NORTH AMERICA,NORTH AMERICA,HI,1975,Land_Index,109.0667467
United States,NORTH AMERICA,NORTH AMERICA,HI,1975,Labor_Index,140.1341359
United States,NORTH AMERICA,NORTH AMERICA,HI,1975,Capital_Index,63.37688951
United States,NORTH AMERICA,NORTH AMERICA,HI,1975,Materials_Index,77.25544267
United States,NORTH AMERICA,NORTH AMERICA,HI,1975,Outall_Q,207826027.1
United States,NORTH AMERICA,NORTH AMERICA,HI,1975,Outcrop_Q,110416179
United States,NORTH AMERICA,NORTH AMERICA,HI,1975,Outanim_Q,96943794
United States,NORTH AMERICA,NORTH AMERICA,HI,1975,Outfish_Q,466054.1053
United States,NORTH AMERICA,NORTH AMERICA,HI,1975,Land_Q,253344.3947
United States,NORTH AMERICA,NORTH AMERICA,HI,1975,Labor_Q,3395.333333
United States,NORTH AMERICA,NORTH AMERICA,HI,1975,Capital_Q,405633.641
United States,NORTH AMERICA,NORTH AMERICA,HI,1975,Machinery_Q,189240
United States,NORTH AMERICA,NORTH AMERICA,HI,1975,Livestock_Q,131073.6909
United States,NORTH AMERICA,NORTH AMERICA,HI,1975,Fertilizer_Q,19861285.35
United States,NORTH AMERICA,NORTH AMERICA,HI,1975,Feed_Q,400158387
United States,NORTH AMERICA,NORTH AMERICA,HI,1975,Cropland_Q,188218
United States,NORTH AMERICA,NORTH AMERICA,HI,1975,Pasture_Q,241940
United States,NORTH AMERICA,NORTH AMERICA,HI,1975,IrrigArea_Q,22800
United States,NORTH AMERICA,NORTH AMERICA,HI,1976,TFP_Index,69.95692067
United States,NORTH AMERICA,NORTH AMERICA,HI,1976,Outall_Index,60.64998014
United States,NORTH AMERICA,NORTH AMERICA,HI,1976,Input_Index,86.69618324
United States,NORTH AMERICA,NORTH AMERICA,HI,1976,Land_Index,109.2266496
United States,NORTH AMERICA,NORTH AMERICA,HI,1976,Labor_Index,137.3963887
United States,NORTH AMERICA,NORTH AMERICA,HI,1976,Capital_Index,64.09957283
United States,NORTH AMERICA,NORTH AMERICA,HI,1976,Materials_Index,79.45511639
United States,NORTH AMERICA,NORTH AMERICA,HI,1976,Outall_Q,213784949.4
United States,NORTH AMERICA,NORTH AMERICA,HI,1976,Outcrop_Q,110163116
United States,NORTH AMERICA,NORTH AMERICA,HI,1976,Outanim_Q,103207249
United States,NORTH AMERICA,NORTH AMERICA,HI,1976,Outfish_Q,414584.4208
United States,NORTH AMERICA,NORTH AMERICA,HI,1976,Land_Q,253715.8232
United States,NORTH AMERICA,NORTH AMERICA,HI,1976,Labor_Q,3329
United States,NORTH AMERICA,NORTH AMERICA,HI,1976,Capital_Q,410259.0599
United States,NORTH AMERICA,NORTH AMERICA,HI,1976,Machinery_Q,192960
United States,NORTH AMERICA,NORTH AMERICA,HI,1976,Livestock_Q,127107.477
United States,NORTH AMERICA,NORTH AMERICA,HI,1976,Fertilizer_Q,21632698.51
United States,NORTH AMERICA,NORTH AMERICA,HI,1976,Feed_Q,402028911.5
United States,NORTH AMERICA,NORTH AMERICA,HI,1976,Cropland_Q,188218
United States,NORTH AMERICA,NORTH AMERICA,HI,1976,Pasture_Q,241940
United States,NORTH AMERICA,NORTH AMERICA,HI,1976,IrrigArea_Q,23000
United States,NORTH AMERICA,NORTH AMERICA,HI,1977,TFP_Index,71.93249759
United States,NORTH AMERICA,NORTH AMERICA,HI,1977,Outall_Index,63.16616705
United States,NORTH AMERICA,NORTH AMERICA,HI,1977,Input_Index,87.81311531
United States,NORTH AMERICA,NORTH AMERICA,HI,1977,Land_Index,109.5027651
United States,NORTH AMERICA,NORTH AMERICA,HI,1977,Labor_Index,135.4393809
United States,NORTH AMERICA,NORTH AMERICA,HI,1977,Capital_Index,65.28610876
United States,NORTH AMERICA,NORTH AMERICA,HI,1977,Materials_Index,81.76387572
United States,NORTH AMERICA,NORTH AMERICA,HI,1977,Outall_Q,222654249.8
United States,NORTH AMERICA,NORTH AMERICA,HI,1977,Outcrop_Q,119433221
United States,NORTH AMERICA,NORTH AMERICA,HI,1977,Outanim_Q,102808553
United States,NORTH AMERICA,NORTH AMERICA,HI,1977,Outfish_Q,412475.8033
United States,NORTH AMERICA,NORTH AMERICA,HI,1977,Land_Q,254357.1948
United States,NORTH AMERICA,NORTH AMERICA,HI,1977,Labor_Q,3281.583333
United States,NORTH AMERICA,NORTH AMERICA,HI,1977,Capital_Q,417853.2933
United States,NORTH AMERICA,NORTH AMERICA,HI,1977,Machinery_Q,198100
United States,NORTH AMERICA,NORTH AMERICA,HI,1977,Livestock_Q,124243.8389
United States,NORTH AMERICA,NORTH AMERICA,HI,1977,Fertilizer_Q,21194862.86
United States,NORTH AMERICA,NORTH AMERICA,HI,1977,Feed_Q,422083783.5
United States,NORTH AMERICA,NORTH AMERICA,HI,1977,Cropland_Q,188293
United States,NORTH AMERICA,NORTH AMERICA,HI,1977,Pasture_Q,242038
United States,NORTH AMERICA,NORTH AMERICA,HI,1977,IrrigArea_Q,23300
United States,NORTH AMERICA,NORTH AMERICA,HI,1978,TFP_Index,68.66114381
United States,NORTH AMERICA,NORTH AMERICA,HI,1978,Outall_Index,63.17075965
United States,NORTH AMERICA,NORTH AMERICA,HI,1978,Input_Index,92.00365177
United States,NORTH AMERICA,NORTH AMERICA,HI,1978,Land_Index,111.1233994
United States,NORTH AMERICA,NORTH AMERICA,HI,1978,Labor_Index,139.6147893
United States,NORTH AMERICA,NORTH AMERICA,HI,1978,Capital_Index,66.34400666
United States,NORTH AMERICA,NORTH AMERICA,HI,1978,Materials_Index,89.91547698
United States,NORTH AMERICA,NORTH AMERICA,HI,1978,Outall_Q,222670438.2
United States,NORTH AMERICA,NORTH AMERICA,HI,1978,Outcrop_Q,121031950
United States,NORTH AMERICA,NORTH AMERICA,HI,1978,Outanim_Q,101268480
United States,NORTH AMERICA,NORTH AMERICA,HI,1978,Outfish_Q,370008.2343
United States,NORTH AMERICA,NORTH AMERICA,HI,1978,Land_Q,258121.6659
United States,NORTH AMERICA,NORTH AMERICA,HI,1978,Labor_Q,3382.75
United States,NORTH AMERICA,NORTH AMERICA,HI,1978,Capital_Q,424624.1996
United States,NORTH AMERICA,NORTH AMERICA,HI,1978,Machinery_Q,203360
United States,NORTH AMERICA,NORTH AMERICA,HI,1978,Livestock_Q,119807.714
United States,NORTH AMERICA,NORTH AMERICA,HI,1978,Fertilizer_Q,21803226.5
United States,NORTH AMERICA,NORTH AMERICA,HI,1978,Feed_Q,476981124.6
United States,NORTH AMERICA,NORTH AMERICA,HI,1978,Cropland_Q,190624
United States,NORTH AMERICA,NORTH AMERICA,HI,1978,Pasture_Q,237539
United States,NORTH AMERICA,NORTH AMERICA,HI,1978,IrrigArea_Q,24300
United States,NORTH AMERICA,NORTH AMERICA,HI,1979,TFP_Index,71.25372941
United States,NORTH AMERICA,NORTH AMERICA,HI,1979,Outall_Index,66.32138763
United States,NORTH AMERICA,NORTH AMERICA,HI,1979,Input_Index,93.07777737
United States,NORTH AMERICA,NORTH AMERICA,HI,1979,Land_Index,111.2833023
United States,NORTH AMERICA,NORTH AMERICA,HI,1979,Labor_Index,138.1977644
United States,NORTH AMERICA,NORTH AMERICA,HI,1979,Capital_Index,66.29053486
United States,NORTH AMERICA,NORTH AMERICA,HI,1979,Materials_Index,93.33238733
United States,NORTH AMERICA,NORTH AMERICA,HI,1979,Outall_Q,233776078.2
United States,NORTH AMERICA,NORTH AMERICA,HI,1979,Outcrop_Q,134341017
United States,NORTH AMERICA,NORTH AMERICA,HI,1979,Outanim_Q,99091358
United States,NORTH AMERICA,NORTH AMERICA,HI,1979,Outfish_Q,343703.2063
United States,NORTH AMERICA,NORTH AMERICA,HI,1979,Land_Q,258493.0945
United States,NORTH AMERICA,NORTH AMERICA,HI,1979,Labor_Q,3348.416667
United States,NORTH AMERICA,NORTH AMERICA,HI,1979,Capital_Q,424281.9619
United States,NORTH AMERICA,NORTH AMERICA,HI,1979,Machinery_Q,204140
United States,NORTH AMERICA,NORTH AMERICA,HI,1979,Livestock_Q,116874.1644
United States,NORTH AMERICA,NORTH AMERICA,HI,1979,Fertilizer_Q,22840984.33
United States,NORTH AMERICA,NORTH AMERICA,HI,1979,Feed_Q,493251106.6
United States,NORTH AMERICA,NORTH AMERICA,HI,1979,Cropland_Q,190624
United States,NORTH AMERICA,NORTH AMERICA,HI,1979,Pasture_Q,237539
United States,NORTH AMERICA,NORTH AMERICA,HI,1979,IrrigArea_Q,24500
United States,NORTH AMERICA,NORTH AMERICA,HI,1980,TFP_Index,69.26274046
United States,NORTH AMERICA,NORTH AMERICA,HI,1980,Outall_Index,63.3969093
United States,NORTH AMERICA,NORTH AMERICA,HI,1980,Input_Index,91.5310438
United States,NORTH AMERICA,NORTH AMERICA,HI,1980,Land_Index,111.6830596
United States,NORTH AMERICA,NORTH AMERICA,HI,1980,Labor_Index,138.9200344
United States,NORTH AMERICA,NORTH AMERICA,HI,1980,Capital_Index,66.49750094
United States,NORTH AMERICA,NORTH AMERICA,HI,1980,Materials_Index,88.44805282
United States,NORTH AMERICA,NORTH AMERICA,HI,1980,Outall_Q,223467592.5
United States,NORTH AMERICA,NORTH AMERICA,HI,1980,Outcrop_Q,121129611
United States,NORTH AMERICA,NORTH AMERICA,HI,1980,Outanim_Q,101898306
United States,NORTH AMERICA,NORTH AMERICA,HI,1980,Outfish_Q,439675.5323
United States,NORTH AMERICA,NORTH AMERICA,HI,1980,Land_Q,259421.6659
United States,NORTH AMERICA,NORTH AMERICA,HI,1980,Labor_Q,3365.916667
United States,NORTH AMERICA,NORTH AMERICA,HI,1980,Capital_Q,425606.6152
United States,NORTH AMERICA,NORTH AMERICA,HI,1980,Machinery_Q,204320
United States,NORTH AMERICA,NORTH AMERICA,HI,1980,Livestock_Q,118603.4879
United States,NORTH AMERICA,NORTH AMERICA,HI,1980,Fertilizer_Q,23390079.22
United States,NORTH AMERICA,NORTH AMERICA,HI,1980,Feed_Q,452881945.9
United States,NORTH AMERICA,NORTH AMERICA,HI,1980,Cropland_Q,190624
United States,NORTH AMERICA,NORTH AMERICA,HI,1980,Pasture_Q,237539
United States,NORTH AMERICA,NORTH AMERICA,HI,1980,IrrigArea_Q,25000
United States,NORTH AMERICA,NORTH AMERICA,HI,1981,TFP_Index,75.50793464
United States,NORTH AMERICA,NORTH AMERICA,HI,1981,Outall_Index,69.22013915
United States,NORTH AMERICA,NORTH AMERICA,HI,1981,Input_Index,91.67266922
United States,NORTH AMERICA,NORTH AMERICA,HI,1981,Land_Index,112.4825741
United States,NORTH AMERICA,NORTH AMERICA,HI,1981,Labor_Index,139.1607911
United States,NORTH AMERICA,NORTH AMERICA,HI,1981,Capital_Index,66.36132478
United States,NORTH AMERICA,NORTH AMERICA,HI,1981,Materials_Index,88.70820672
United States,NORTH AMERICA,NORTH AMERICA,HI,1981,Outall_Q,243993879.5
United States,NORTH AMERICA,NORTH AMERICA,HI,1981,Outcrop_Q,139311116
United States,NORTH AMERICA,NORTH AMERICA,HI,1981,Outanim_Q,104087174
United States,NORTH AMERICA,NORTH AMERICA,HI,1981,Outfish_Q,595589.5341
United States,NORTH AMERICA,NORTH AMERICA,HI,1981,Land_Q,261278.8088
United States,NORTH AMERICA,NORTH AMERICA,HI,1981,Labor_Q,3371.75
United States,NORTH AMERICA,NORTH AMERICA,HI,1981,Capital_Q,424735.0415
United States,NORTH AMERICA,NORTH AMERICA,HI,1981,Machinery_Q,202600
United States,NORTH AMERICA,NORTH AMERICA,HI,1981,Livestock_Q,120844.6885
United States,NORTH AMERICA,NORTH AMERICA,HI,1981,Fertilizer_Q,22315835.43
United States,NORTH AMERICA,NORTH AMERICA,HI,1981,Feed_Q,466102115.8
United States,NORTH AMERICA,NORTH AMERICA,HI,1981,Cropland_Q,190624
United States,NORTH AMERICA,NORTH AMERICA,HI,1981,Pasture_Q,237539
United States,NORTH AMERICA,NORTH AMERICA,HI,1981,IrrigArea_Q,26000
United States,NORTH AMERICA,NORTH AMERICA,HI,1982,TFP_Index,76.6205226
United States,NORTH AMERICA,NORTH AMERICA,HI,1982,Outall_Index,69.47018449
United States,NORTH AMERICA,NORTH AMERICA,HI,1982,Input_Index,90.66785521
United States,NORTH AMERICA,NORTH AMERICA,HI,1982,Land_Index,113.0020111
United States,NORTH AMERICA,NORTH AMERICA,HI,1982,Labor_Index,129.0254496
United States,NORTH AMERICA,NORTH AMERICA,HI,1982,Capital_Index,65.85561786
United States,NORTH AMERICA,NORTH AMERICA,HI,1982,Materials_Index,89.64188755
United States,NORTH AMERICA,NORTH AMERICA,HI,1982,Outall_Q,244875263.7
United States,NORTH AMERICA,NORTH AMERICA,HI,1982,Outcrop_Q,140600042
United States,NORTH AMERICA,NORTH AMERICA,HI,1982,Outanim_Q,103566979
United States,NORTH AMERICA,NORTH AMERICA,HI,1982,Outfish_Q,708242.6673
United States,NORTH AMERICA,NORTH AMERICA,HI,1982,Land_Q,262485.3768
United States,NORTH AMERICA,NORTH AMERICA,HI,1982,Labor_Q,3126.179123
United States,NORTH AMERICA,NORTH AMERICA,HI,1982,Capital_Q,421498.3452
United States,NORTH AMERICA,NORTH AMERICA,HI,1982,Machinery_Q,200780
United States,NORTH AMERICA,NORTH AMERICA,HI,1982,Livestock_Q,120459.4599
United States,NORTH AMERICA,NORTH AMERICA,HI,1982,Fertilizer_Q,19601493.96
United States,NORTH AMERICA,NORTH AMERICA,HI,1982,Feed_Q,506421202.3
United States,NORTH AMERICA,NORTH AMERICA,HI,1982,Cropland_Q,189799
United States,NORTH AMERICA,NORTH AMERICA,HI,1982,Pasture_Q,241600
United States,NORTH AMERICA,NORTH AMERICA,HI,1982,IrrigArea_Q,26888
United States,NORTH AMERICA,NORTH AMERICA,HI,1983,TFP_Index,66.94290578
United States,NORTH AMERICA,NORTH AMERICA,HI,1983,Outall_Index,59.74277552
United States,NORTH AMERICA,NORTH AMERICA,HI,1983,Input_Index,89.24437148
United States,NORTH AMERICA,NORTH AMERICA,HI,1983,Land_Index,112.9636344
United States,NORTH AMERICA,NORTH AMERICA,HI,1983,Labor_Index,127.8845222
United States,NORTH AMERICA,NORTH AMERICA,HI,1983,Capital_Index,65.40084388
United States,NORTH AMERICA,NORTH AMERICA,HI,1983,Materials_Index,86.45484475
United States,NORTH AMERICA,NORTH AMERICA,HI,1983,Outall_Q,210587146.3
United States,NORTH AMERICA,NORTH AMERICA,HI,1983,Outcrop_Q,103082538
United States,NORTH AMERICA,NORTH AMERICA,HI,1983,Outanim_Q,106749613
United States,NORTH AMERICA,NORTH AMERICA,HI,1983,Outfish_Q,754995.3265
United States,NORTH AMERICA,NORTH AMERICA,HI,1983,Land_Q,262396.2339
United States,NORTH AMERICA,NORTH AMERICA,HI,1983,Labor_Q,3098.535402
United States,NORTH AMERICA,NORTH AMERICA,HI,1983,Capital_Q,418587.6371
United States,NORTH AMERICA,NORTH AMERICA,HI,1983,Machinery_Q,199640
United States,NORTH AMERICA,NORTH AMERICA,HI,1983,Livestock_Q,119149.1843
United States,NORTH AMERICA,NORTH AMERICA,HI,1983,Fertilizer_Q,20631800.38
United States,NORTH AMERICA,NORTH AMERICA,HI,1983,Feed_Q,466822401.5
United States,NORTH AMERICA,NORTH AMERICA,HI,1983,Cropland_Q,189799
United States,NORTH AMERICA,NORTH AMERICA,HI,1983,Pasture_Q,241600
United States,NORTH AMERICA,NORTH AMERICA,HI,1983,IrrigArea_Q,26840
United States,NORTH AMERICA,NORTH AMERICA,HI,1984,TFP_Index,76.24314813
United States,NORTH AMERICA,NORTH AMERICA,HI,1984,Outall_Index,68.26888425
United States,NORTH AMERICA,NORTH AMERICA,HI,1984,Input_Index,89.54100915
United States,NORTH AMERICA,NORTH AMERICA,HI,1984,Land_Index,112.9316538
United States,NORTH AMERICA,NORTH AMERICA,HI,1984,Labor_Index,124.1557554
United States,NORTH AMERICA,NORTH AMERICA,HI,1984,Capital_Index,63.85250842
United States,NORTH AMERICA,NORTH AMERICA,HI,1984,Materials_Index,91.05089948
United States,NORTH AMERICA,NORTH AMERICA,HI,1984,Outall_Q,240640803.7
United States,NORTH AMERICA,NORTH AMERICA,HI,1984,Outcrop_Q,133087792
United States,NORTH AMERICA,NORTH AMERICA,HI,1984,Outanim_Q,106700750
United States,NORTH AMERICA,NORTH AMERICA,HI,1984,Outfish_Q,852261.7095
United States,NORTH AMERICA,NORTH AMERICA,HI,1984,Land_Q,262321.9482
United States,NORTH AMERICA,NORTH AMERICA,HI,1984,Labor_Q,3008.190489
United States,NORTH AMERICA,NORTH AMERICA,HI,1984,Capital_Q,408677.7637
United States,NORTH AMERICA,NORTH AMERICA,HI,1984,Machinery_Q,193860
United States,NORTH AMERICA,NORTH AMERICA,HI,1984,Livestock_Q,118391.4931
United States,NORTH AMERICA,NORTH AMERICA,HI,1984,Fertilizer_Q,21823639.57
United States,NORTH AMERICA,NORTH AMERICA,HI,1984,Feed_Q,490530923.2
United States,NORTH AMERICA,NORTH AMERICA,HI,1984,Cropland_Q,189799
United States,NORTH AMERICA,NORTH AMERICA,HI,1984,Pasture_Q,241600
United States,NORTH AMERICA,NORTH AMERICA,HI,1984,IrrigArea_Q,26800
United States,NORTH AMERICA,NORTH AMERICA,HI,1985,TFP_Index,80.94409166
United States,NORTH AMERICA,NORTH AMERICA,HI,1985,Outall_Index,71.45814313
United States,NORTH AMERICA,NORTH AMERICA,HI,1985,Input_Index,88.28086359
United States,NORTH AMERICA,NORTH AMERICA,HI,1985,Land_Index,112.8956757
United States,NORTH AMERICA,NORTH AMERICA,HI,1985,Labor_Index,115.1276389
United States,NORTH AMERICA,NORTH AMERICA,HI,1985,Capital_Index,63.68217332
United States,NORTH AMERICA,NORTH AMERICA,HI,1985,Materials_Index,90.81642804
United States,NORTH AMERICA,NORTH AMERICA,HI,1985,Outall_Q,251882613.7
United States,NORTH AMERICA,NORTH AMERICA,HI,1985,Outcrop_Q,141913899
United States,NORTH AMERICA,NORTH AMERICA,HI,1985,Outanim_Q,109102637
United States,NORTH AMERICA,NORTH AMERICA,HI,1985,Outfish_Q,866077.6529
United States,NORTH AMERICA,NORTH AMERICA,HI,1985,Land_Q,262238.3768
United States,NORTH AMERICA,NORTH AMERICA,HI,1985,Labor_Q,2789.446751
United States,NORTH AMERICA,NORTH AMERICA,HI,1985,Capital_Q,407587.5612
United States,NORTH AMERICA,NORTH AMERICA,HI,1985,Machinery_Q,194820
United States,NORTH AMERICA,NORTH AMERICA,HI,1985,Livestock_Q,115196.6014
United States,NORTH AMERICA,NORTH AMERICA,HI,1985,Fertilizer_Q,20596200.1
United States,NORTH AMERICA,NORTH AMERICA,HI,1985,Feed_Q,503466123.4
United States,NORTH AMERICA,NORTH AMERICA,HI,1985,Cropland_Q,189799
United States,NORTH AMERICA,NORTH AMERICA,HI,1985,Pasture_Q,241600
United States,NORTH AMERICA,NORTH AMERICA,HI,1985,IrrigArea_Q,26755
United States,NORTH AMERICA,NORTH AMERICA,HI,1986,TFP_Index,76.71243455
United States,NORTH AMERICA,NORTH AMERICA,HI,1986,Outall_Index,68.45785238
United States,NORTH AMERICA,NORTH AMERICA,HI,1986,Input_Index,89.23957737
United States,NORTH AMERICA,NORTH AMERICA,HI,1986,Land_Index,112.8596975
United States,NORTH AMERICA,NORTH AMERICA,HI,1986,Labor_Index,116.1361854
United States,NORTH AMERICA,NORTH AMERICA,HI,1986,Capital_Index,63.70507832
United States,NORTH AMERICA,NORTH AMERICA,HI,1986,Materials_Index,93.44167083
United States,NORTH AMERICA,NORTH AMERICA,HI,1986,Outall_Q,241306897
United States,NORTH AMERICA,NORTH AMERICA,HI,1986,Outcrop_Q,129494262
United States,NORTH AMERICA,NORTH AMERICA,HI,1986,Outanim_Q,110767260
United States,NORTH AMERICA,NORTH AMERICA,HI,1986,Outfish_Q,1045374.954
United States,NORTH AMERICA,NORTH AMERICA,HI,1986,Land_Q,262154.8054
United States,NORTH AMERICA,NORTH AMERICA,HI,1986,Labor_Q,2813.882992
United States,NORTH AMERICA,NORTH AMERICA,HI,1986,Capital_Q,407734.1609
United States,NORTH AMERICA,NORTH AMERICA,HI,1986,Machinery_Q,196660
United States,NORTH AMERICA,NORTH AMERICA,HI,1986,Livestock_Q,111908.0368
United States,NORTH AMERICA,NORTH AMERICA,HI,1986,Fertilizer_Q,19590491.74
United States,NORTH AMERICA,NORTH AMERICA,HI,1986,Feed_Q,539501701.1
United States,NORTH AMERICA,NORTH AMERICA,HI,1986,Cropland_Q,189799
United States,NORTH AMERICA,NORTH AMERICA,HI,1986,Pasture_Q,241600
United States,NORTH AMERICA,NORTH AMERICA,HI,1986,IrrigArea_Q,26710
United States,NORTH AMERICA,NORTH AMERICA,HI,1987,TFP_Index,76.5963443
United States,NORTH AMERICA,NORTH AMERICA,HI,1987,Outall_Index,68.48893644
United States,NORTH AMERICA,NORTH AMERICA,HI,1987,Input_Index,89.41541148
United States,NORTH AMERICA,NORTH AMERICA,HI,1987,Land_Index,111.8559675
United States,NORTH AMERICA,NORTH AMERICA,HI,1987,Labor_Index,117.7923056
United States,NORTH AMERICA,NORTH AMERICA,HI,1987,Capital_Index,63.71363704
United States,NORTH AMERICA,NORTH AMERICA,HI,1987,Materials_Index,93.70727274
United States,NORTH AMERICA,NORTH AMERICA,HI,1987,Outall_Q,241416465.1
United States,NORTH AMERICA,NORTH AMERICA,HI,1987,Outcrop_Q,129345430
United States,NORTH AMERICA,NORTH AMERICA,HI,1987,Outanim_Q,110993044
United States,NORTH AMERICA,NORTH AMERICA,HI,1987,Outfish_Q,1077991.069
United States,NORTH AMERICA,NORTH AMERICA,HI,1987,Land_Q,259823.303
United States,NORTH AMERICA,NORTH AMERICA,HI,1987,Labor_Q,2854.009404
United States,NORTH AMERICA,NORTH AMERICA,HI,1987,Capital_Q,407788.9397
United States,NORTH AMERICA,NORTH AMERICA,HI,1987,Machinery_Q,197760
United States,NORTH AMERICA,NORTH AMERICA,HI,1987,Livestock_Q,109964.3752
United States,NORTH AMERICA,NORTH AMERICA,HI,1987,Fertilizer_Q,19748449.54
United States,NORTH AMERICA,NORTH AMERICA,HI,1987,Feed_Q,539584188.5
United States,NORTH AMERICA,NORTH AMERICA,HI,1987,Cropland_Q,187776
United States,NORTH AMERICA,NORTH AMERICA,HI,1987,Pasture_Q,239172
United States,NORTH AMERICA,NORTH AMERICA,HI,1987,IrrigArea_Q,26667
United States,NORTH AMERICA,NORTH AMERICA,HI,1988,TFP_Index,73.76439723
United States,NORTH AMERICA,NORTH AMERICA,HI,1988,Outall_Index,63.56384942
United States,NORTH AMERICA,NORTH AMERICA,HI,1988,Input_Index,86.1714483
United States,NORTH AMERICA,NORTH AMERICA,HI,1988,Land_Index,111.9103345
United States,NORTH AMERICA,NORTH AMERICA,HI,1988,Labor_Index,119.5757179
United States,NORTH AMERICA,NORTH AMERICA,HI,1988,Capital_Index,63.55113725
United States,NORTH AMERICA,NORTH AMERICA,HI,1988,Materials_Index,83.261636
United States,NORTH AMERICA,NORTH AMERICA,HI,1988,Outall_Q,224056039.3
United States,NORTH AMERICA,NORTH AMERICA,HI,1988,Outcrop_Q,109801101
United States,NORTH AMERICA,NORTH AMERICA,HI,1988,Outanim_Q,113292291
United States,NORTH AMERICA,NORTH AMERICA,HI,1988,Outfish_Q,962647.3061
United States,NORTH AMERICA,NORTH AMERICA,HI,1988,Land_Q,259949.5887
United States,NORTH AMERICA,NORTH AMERICA,HI,1988,Labor_Q,2897.219998
United States,NORTH AMERICA,NORTH AMERICA,HI,1988,Capital_Q,406748.8858
United States,NORTH AMERICA,NORTH AMERICA,HI,1988,Machinery_Q,197700
United States,NORTH AMERICA,NORTH AMERICA,HI,1988,Livestock_Q,108886.2956
United States,NORTH AMERICA,NORTH AMERICA,HI,1988,Fertilizer_Q,19908863.6
United States,NORTH AMERICA,NORTH AMERICA,HI,1988,Feed_Q,449123443.1
United States,NORTH AMERICA,NORTH AMERICA,HI,1988,Cropland_Q,187776
United States,NORTH AMERICA,NORTH AMERICA,HI,1988,Pasture_Q,239172
United States,NORTH AMERICA,NORTH AMERICA,HI,1988,IrrigArea_Q,26735
United States,NORTH AMERICA,NORTH AMERICA,HI,1989,TFP_Index,79.50821962
United States,NORTH AMERICA,NORTH AMERICA,HI,1989,Outall_Index,69.15059052
United States,NORTH AMERICA,NORTH AMERICA,HI,1989,Input_Index,86.97288262
United States,NORTH AMERICA,NORTH AMERICA,HI,1989,Land_Index,111.9623029
United States,NORTH AMERICA,NORTH AMERICA,HI,1989,Labor_Index,115.784247
United States,NORTH AMERICA,NORTH AMERICA,HI,1989,Capital_Index,62.63148641
United States,NORTH AMERICA,NORTH AMERICA,HI,1989,Materials_Index,88.45703326
United States,NORTH AMERICA,NORTH AMERICA,HI,1989,Outall_Q,243748727.8
United States,NORTH AMERICA,NORTH AMERICA,HI,1989,Outcrop_Q,129618411
United States,NORTH AMERICA,NORTH AMERICA,HI,1989,Outanim_Q,113138538
United States,NORTH AMERICA,NORTH AMERICA,HI,1989,Outfish_Q,991778.7529
United States,NORTH AMERICA,NORTH AMERICA,HI,1989,Land_Q,260070.303
United States,NORTH AMERICA,NORTH AMERICA,HI,1989,Labor_Q,2805.355817
United States,NORTH AMERICA,NORTH AMERICA,HI,1989,Capital_Q,400862.8077
United States,NORTH AMERICA,NORTH AMERICA,HI,1989,Machinery_Q,194782.2526
United States,NORTH AMERICA,NORTH AMERICA,HI,1989,Livestock_Q,107412.1671
United States,NORTH AMERICA,NORTH AMERICA,HI,1989,Fertilizer_Q,20525478.33
United States,NORTH AMERICA,NORTH AMERICA,HI,1989,Feed_Q,484616261.8
United States,NORTH AMERICA,NORTH AMERICA,HI,1989,Cropland_Q,187776
United States,NORTH AMERICA,NORTH AMERICA,HI,1989,Pasture_Q,239172
United States,NORTH AMERICA,NORTH AMERICA,HI,1989,IrrigArea_Q,26800
United States,NORTH AMERICA,NORTH AMERICA,HI,1990,TFP_Index,82.22778266
United States,NORTH AMERICA,NORTH AMERICA,HI,1990,Outall_Index,71.97928286
United States,NORTH AMERICA,NORTH AMERICA,HI,1990,Input_Index,87.53645123
United States,NORTH AMERICA,NORTH AMERICA,HI,1990,Land_Index,112.0182689
United States,NORTH AMERICA,NORTH AMERICA,HI,1990,Labor_Index,108.5939318
United States,NORTH AMERICA,NORTH AMERICA,HI,1990,Capital_Index,61.88475803
United States,NORTH AMERICA,NORTH AMERICA,HI,1990,Materials_Index,94.3981516
United States,NORTH AMERICA,NORTH AMERICA,HI,1990,Outall_Q,253719577.7
United States,NORTH AMERICA,NORTH AMERICA,HI,1990,Outcrop_Q,138924604
United States,NORTH AMERICA,NORTH AMERICA,HI,1990,Outanim_Q,113887600
United States,NORTH AMERICA,NORTH AMERICA,HI,1990,Outfish_Q,907373.6547
United States,NORTH AMERICA,NORTH AMERICA,HI,1990,Land_Q,260200.303
United States,NORTH AMERICA,NORTH AMERICA,HI,1990,Labor_Q,2631.140473
United States,NORTH AMERICA,NORTH AMERICA,HI,1990,Capital_Q,396083.4922
United States,NORTH AMERICA,NORTH AMERICA,HI,1990,Machinery_Q,191911.5017
United States,NORTH AMERICA,NORTH AMERICA,HI,1990,Livestock_Q,107118.4244
United States,NORTH AMERICA,NORTH AMERICA,HI,1990,Fertilizer_Q,20866679.93
United States,NORTH AMERICA,NORTH AMERICA,HI,1990,Feed_Q,530307066.3
United States,NORTH AMERICA,NORTH AMERICA,HI,1990,Cropland_Q,187776
United States,NORTH AMERICA,NORTH AMERICA,HI,1990,Pasture_Q,239172
United States,NORTH AMERICA,NORTH AMERICA,HI,1990,IrrigArea_Q,26870
United States,NORTH AMERICA,NORTH AMERICA,HI,1991,TFP_Index,81.83460374
United States,NORTH AMERICA,NORTH AMERICA,HI,1991,Outall_Index,70.86719812
United States,NORTH AMERICA,NORTH AMERICA,HI,1991,Input_Index,86.59808307
United States,NORTH AMERICA,NORTH AMERICA,HI,1991,Land_Index,112.0742349
United States,NORTH AMERICA,NORTH AMERICA,HI,1991,Labor_Index,107.1620425
United States,NORTH AMERICA,NORTH AMERICA,HI,1991,Capital_Index,60.69567682
United States,NORTH AMERICA,NORTH AMERICA,HI,1991,Materials_Index,93.9701114
United States,NORTH AMERICA,NORTH AMERICA,HI,1991,Outall_Q,249799593.2
United States,NORTH AMERICA,NORTH AMERICA,HI,1991,Outcrop_Q,134674509
United States,NORTH AMERICA,NORTH AMERICA,HI,1991,Outanim_Q,114141635
United States,NORTH AMERICA,NORTH AMERICA,HI,1991,Outfish_Q,983449.1894
United States,NORTH AMERICA,NORTH AMERICA,HI,1991,Land_Q,260330.303
United States,NORTH AMERICA,NORTH AMERICA,HI,1991,Labor_Q,2596.446989
United States,NORTH AMERICA,NORTH AMERICA,HI,1991,Capital_Q,388472.9682
United States,NORTH AMERICA,NORTH AMERICA,HI,1991,Machinery_Q,189086.877
United States,NORTH AMERICA,NORTH AMERICA,HI,1991,Livestock_Q,103314.5969
United States,NORTH AMERICA,NORTH AMERICA,HI,1991,Fertilizer_Q,20968878.42
United States,NORTH AMERICA,NORTH AMERICA,HI,1991,Feed_Q,524241610.1
United States,NORTH AMERICA,NORTH AMERICA,HI,1991,Cropland_Q,187776
United States,NORTH AMERICA,NORTH AMERICA,HI,1991,Pasture_Q,239172
United States,NORTH AMERICA,NORTH AMERICA,HI,1991,IrrigArea_Q,26940
United States,NORTH AMERICA,NORTH AMERICA,HI,1992,TFP_Index,87.93489999
United States,NORTH AMERICA,NORTH AMERICA,HI,1992,Outall_Index,76.70780646
United States,NORTH AMERICA,NORTH AMERICA,HI,1992,Input_Index,87.23249411
United States,NORTH AMERICA,NORTH AMERICA,HI,1992,Land_Index,111.4478311
United States,NORTH AMERICA,NORTH AMERICA,HI,1992,Labor_Index,105.0836644
United States,NORTH AMERICA,NORTH AMERICA,HI,1992,Capital_Index,60.17186441
United States,NORTH AMERICA,NORTH AMERICA,HI,1992,Materials_Index,98.57644456
United States,NORTH AMERICA,NORTH AMERICA,HI,1992,Outall_Q,270387137.6
United States,NORTH AMERICA,NORTH AMERICA,HI,1992,Outcrop_Q,152080991
United States,NORTH AMERICA,NORTH AMERICA,HI,1992,Outanim_Q,117201221
United States,NORTH AMERICA,NORTH AMERICA,HI,1992,Outfish_Q,1104925.569
United States,NORTH AMERICA,NORTH AMERICA,HI,1992,Land_Q,258875.2684
United States,NORTH AMERICA,NORTH AMERICA,HI,1992,Labor_Q,2546.089619
United States,NORTH AMERICA,NORTH AMERICA,HI,1992,Capital_Q,385120.3906
United States,NORTH AMERICA,NORTH AMERICA,HI,1992,Machinery_Q,186307.5273
United States,NORTH AMERICA,NORTH AMERICA,HI,1992,Livestock_Q,104752.9772
United States,NORTH AMERICA,NORTH AMERICA,HI,1992,Fertilizer_Q,21205131.4
United States,NORTH AMERICA,NORTH AMERICA,HI,1992,Feed_Q,565015896.1
United States,NORTH AMERICA,NORTH AMERICA,HI,1992,Cropland_Q,186180
United States,NORTH AMERICA,NORTH AMERICA,HI,1992,Pasture_Q,239249
United States,NORTH AMERICA,NORTH AMERICA,HI,1992,IrrigArea_Q,27012
United States,NORTH AMERICA,NORTH AMERICA,HI,1993,TFP_Index,82.20009544
United States,NORTH AMERICA,NORTH AMERICA,HI,1993,Outall_Index,70.60480918
United States,NORTH AMERICA,NORTH AMERICA,HI,1993,Input_Index,85.89382871
United States,NORTH AMERICA,NORTH AMERICA,HI,1993,Land_Index,110.8772035
United States,NORTH AMERICA,NORTH AMERICA,HI,1993,Labor_Index,101.5042813
United States,NORTH AMERICA,NORTH AMERICA,HI,1993,Capital_Index,59.67482473
United States,NORTH AMERICA,NORTH AMERICA,HI,1993,Materials_Index,97.11470364
United States,NORTH AMERICA,NORTH AMERICA,HI,1993,Outall_Q,248874699.1
United States,NORTH AMERICA,NORTH AMERICA,HI,1993,Outcrop_Q,130007797
United States,NORTH AMERICA,NORTH AMERICA,HI,1993,Outanim_Q,117769941
United States,NORTH AMERICA,NORTH AMERICA,HI,1993,Outfish_Q,1096961.115
United States,NORTH AMERICA,NORTH AMERICA,HI,1993,Land_Q,257549.7927
United States,NORTH AMERICA,NORTH AMERICA,HI,1993,Labor_Q,2459.364149
United States,NORTH AMERICA,NORTH AMERICA,HI,1993,Capital_Q,381939.1677
United States,NORTH AMERICA,NORTH AMERICA,HI,1993,Machinery_Q,183572.62
United States,NORTH AMERICA,NORTH AMERICA,HI,1993,Livestock_Q,106388.6495
United States,NORTH AMERICA,NORTH AMERICA,HI,1993,Fertilizer_Q,22198485.72
United States,NORTH AMERICA,NORTH AMERICA,HI,1993,Feed_Q,532247276.8
United States,NORTH AMERICA,NORTH AMERICA,HI,1993,Cropland_Q,184948
United States,NORTH AMERICA,NORTH AMERICA,HI,1993,Pasture_Q,238000
United States,NORTH AMERICA,NORTH AMERICA,HI,1993,IrrigArea_Q,27025
United States,NORTH AMERICA,NORTH AMERICA,HI,1994,TFP_Index,90.05341672
United States,NORTH AMERICA,NORTH AMERICA,HI,1994,Outall_Index,80.80837432
United States,NORTH AMERICA,NORTH AMERICA,HI,1994,Input_Index,89.73382384
United States,NORTH AMERICA,NORTH AMERICA,HI,1994,Land_Index,110.5003743
United States,NORTH AMERICA,NORTH AMERICA,HI,1994,Labor_Index,116.3506938
United States,NORTH AMERICA,NORTH AMERICA,HI,1994,Capital_Index,59.06515907
United States,NORTH AMERICA,NORTH AMERICA,HI,1994,Materials_Index,103.2230325
United States,NORTH AMERICA,NORTH AMERICA,HI,1994,Outall_Q,284841218
United States,NORTH AMERICA,NORTH AMERICA,HI,1994,Outcrop_Q,162675755
United States,NORTH AMERICA,NORTH AMERICA,HI,1994,Outanim_Q,121138959
United States,NORTH AMERICA,NORTH AMERICA,HI,1994,Outfish_Q,1026504.046
United States,NORTH AMERICA,NORTH AMERICA,HI,1994,Land_Q,256674.4796
United States,NORTH AMERICA,NORTH AMERICA,HI,1994,Labor_Q,2819.080351
United States,NORTH AMERICA,NORTH AMERICA,HI,1994,Capital_Q,378037.1002
United States,NORTH AMERICA,NORTH AMERICA,HI,1994,Machinery_Q,180144.3187
United States,NORTH AMERICA,NORTH AMERICA,HI,1994,Livestock_Q,108665.2786
United States,NORTH AMERICA,NORTH AMERICA,HI,1994,Fertilizer_Q,21991887.11
United States,NORTH AMERICA,NORTH AMERICA,HI,1994,Feed_Q,595867935.4
United States,NORTH AMERICA,NORTH AMERICA,HI,1994,Cropland_Q,184139
United States,NORTH AMERICA,NORTH AMERICA,HI,1994,Pasture_Q,237000
United States,NORTH AMERICA,NORTH AMERICA,HI,1994,IrrigArea_Q,27040
United States,NORTH AMERICA,NORTH AMERICA,HI,1995,TFP_Index,85.66483057
United States,NORTH AMERICA,NORTH AMERICA,HI,1995,Outall_Index,74.96138314
United States,NORTH AMERICA,NORTH AMERICA,HI,1995,Input_Index,87.50543559
United States,NORTH AMERICA,NORTH AMERICA,HI,1995,Land_Index,110.468628
United States,NORTH AMERICA,NORTH AMERICA,HI,1995,Labor_Index,117.8353376
United States,NORTH AMERICA,NORTH AMERICA,HI,1995,Capital_Index,58.37452751
United States,NORTH AMERICA,NORTH AMERICA,HI,1995,Materials_Index,95.74590793
United States,NORTH AMERICA,NORTH AMERICA,HI,1995,Outall_Q,264231174.8
United States,NORTH AMERICA,NORTH AMERICA,HI,1995,Outcrop_Q,139041068
United States,NORTH AMERICA,NORTH AMERICA,HI,1995,Outanim_Q,124096734
United States,NORTH AMERICA,NORTH AMERICA,HI,1995,Outfish_Q,1093372.774
United States,NORTH AMERICA,NORTH AMERICA,HI,1995,Land_Q,256600.738
United States,NORTH AMERICA,NORTH AMERICA,HI,1995,Labor_Q,2855.052034
United States,NORTH AMERICA,NORTH AMERICA,HI,1995,Capital_Q,373616.8234
United States,NORTH AMERICA,NORTH AMERICA,HI,1995,Machinery_Q,176782.3822
United States,NORTH AMERICA,NORTH AMERICA,HI,1995,Livestock_Q,110215.4187
United States,NORTH AMERICA,NORTH AMERICA,HI,1995,Fertilizer_Q,22139914.95
United States,NORTH AMERICA,NORTH AMERICA,HI,1995,Feed_Q,520291010.2
United States,NORTH AMERICA,NORTH AMERICA,HI,1995,Cropland_Q,184139
United States,NORTH AMERICA,NORTH AMERICA,HI,1995,Pasture_Q,236000
United States,NORTH AMERICA,NORTH AMERICA,HI,1995,IrrigArea_Q,27051
United States,NORTH AMERICA,NORTH AMERICA,HI,1996,TFP_Index,90.07440597
United States,NORTH AMERICA,NORTH AMERICA,HI,1996,Outall_Index,80.15485558
United States,NORTH AMERICA,NORTH AMERICA,HI,1996,Input_Index,88.98738184
United States,NORTH AMERICA,NORTH AMERICA,HI,1996,Land_Index,109.2156539
United States,NORTH AMERICA,NORTH AMERICA,HI,1996,Labor_Index,109.590972
United States,NORTH AMERICA,NORTH AMERICA,HI,1996,Capital_Index,59.73032947
United States,NORTH AMERICA,NORTH AMERICA,HI,1996,Materials_Index,103.8312607
United States,NORTH AMERICA,NORTH AMERICA,HI,1996,Outall_Q,282537631.6
United States,NORTH AMERICA,NORTH AMERICA,HI,1996,Outcrop_Q,154215313
United States,NORTH AMERICA,NORTH AMERICA,HI,1996,Outanim_Q,127288484
United States,NORTH AMERICA,NORTH AMERICA,HI,1996,Outfish_Q,1033834.61
United States,NORTH AMERICA,NORTH AMERICA,HI,1996,Land_Q,253690.2821
United States,NORTH AMERICA,NORTH AMERICA,HI,1996,Labor_Q,2655.297925
United States,NORTH AMERICA,NORTH AMERICA,HI,1996,Capital_Q,382294.4169
United States,NORTH AMERICA,NORTH AMERICA,HI,1996,Machinery_Q,173485.4536
United States,NORTH AMERICA,NORTH AMERICA,HI,1996,Livestock_Q,110835.0328
United States,NORTH AMERICA,NORTH AMERICA,HI,1996,Fertilizer_Q,22591939
United States,NORTH AMERICA,NORTH AMERICA,HI,1996,Feed_Q,590143210.5
United States,NORTH AMERICA,NORTH AMERICA,HI,1996,Cropland_Q,181306
United States,NORTH AMERICA,NORTH AMERICA,HI,1996,Pasture_Q,235000
United States,NORTH AMERICA,NORTH AMERICA,HI,1996,IrrigArea_Q,27060
United States,NORTH AMERICA,NORTH AMERICA,HI,1997,TFP_Index,92.28716765
United States,NORTH AMERICA,NORTH AMERICA,HI,1997,Outall_Index,82.82221843
United States,NORTH AMERICA,NORTH AMERICA,HI,1997,Input_Index,89.74402459
United States,NORTH AMERICA,NORTH AMERICA,HI,1997,Land_Index,108.6926206
United States,NORTH AMERICA,NORTH AMERICA,HI,1997,Labor_Index,109.5714626
United States,NORTH AMERICA,NORTH AMERICA,HI,1997,Capital_Index,61.49918343
United States,NORTH AMERICA,NORTH AMERICA,HI,1997,Materials_Index,103.5528153
United States,NORTH AMERICA,NORTH AMERICA,HI,1997,Outall_Q,291939811.6
United States,NORTH AMERICA,NORTH AMERICA,HI,1997,Outcrop_Q,161541706
United States,NORTH AMERICA,NORTH AMERICA,HI,1997,Outanim_Q,129249118
United States,NORTH AMERICA,NORTH AMERICA,HI,1997,Outfish_Q,1148987.638
United States,NORTH AMERICA,NORTH AMERICA,HI,1997,Land_Q,252475.3603
United States,NORTH AMERICA,NORTH AMERICA,HI,1997,Labor_Q,2654.825229
United States,NORTH AMERICA,NORTH AMERICA,HI,1997,Capital_Q,393615.6837
United States,NORTH AMERICA,NORTH AMERICA,HI,1997,Machinery_Q,170252.2055
United States,NORTH AMERICA,NORTH AMERICA,HI,1997,Livestock_Q,110506.0916
United States,NORTH AMERICA,NORTH AMERICA,HI,1997,Fertilizer_Q,22629114.87
United States,NORTH AMERICA,NORTH AMERICA,HI,1997,Feed_Q,586683299
United States,NORTH AMERICA,NORTH AMERICA,HI,1997,Cropland_Q,180092
United States,NORTH AMERICA,NORTH AMERICA,HI,1997,Pasture_Q,234793
United States,NORTH AMERICA,NORTH AMERICA,HI,1997,IrrigArea_Q,27070
United States,NORTH AMERICA,NORTH AMERICA,HI,1998,TFP_Index,92.12950388
United States,NORTH AMERICA,NORTH AMERICA,HI,1998,Outall_Index,83.07536636
United States,NORTH AMERICA,NORTH AMERICA,HI,1998,Input_Index,90.17238004
United States,NORTH AMERICA,NORTH AMERICA,HI,1998,Land_Index,108.3407213
United States,NORTH AMERICA,NORTH AMERICA,HI,1998,Labor_Index,104.9610616
United States,NORTH AMERICA,NORTH AMERICA,HI,1998,Capital_Index,63.85785066
United States,NORTH AMERICA,NORTH AMERICA,HI,1998,Materials_Index,103.9708122
United States,NORTH AMERICA,NORTH AMERICA,HI,1998,Outall_Q,292832132.1
United States,NORTH AMERICA,NORTH AMERICA,HI,1998,Outcrop_Q,160406417
United States,NORTH AMERICA,NORTH AMERICA,HI,1998,Outanim_Q,131293811
United States,NORTH AMERICA,NORTH AMERICA,HI,1998,Outfish_Q,1131904.096
United States,NORTH AMERICA,NORTH AMERICA,HI,1998,Land_Q,251657.9553
United States,NORTH AMERICA,NORTH AMERICA,HI,1998,Labor_Q,2543.119054
United States,NORTH AMERICA,NORTH AMERICA,HI,1998,Capital_Q,408711.9559
United States,NORTH AMERICA,NORTH AMERICA,HI,1998,Machinery_Q,167081.34
United States,NORTH AMERICA,NORTH AMERICA,HI,1998,Livestock_Q,109339.7324
United States,NORTH AMERICA,NORTH AMERICA,HI,1998,Fertilizer_Q,22238660.78
United States,NORTH AMERICA,NORTH AMERICA,HI,1998,Feed_Q,598441976.3
United States,NORTH AMERICA,NORTH AMERICA,HI,1998,Cropland_Q,179282
United States,NORTH AMERICA,NORTH AMERICA,HI,1998,Pasture_Q,235306
United States,NORTH AMERICA,NORTH AMERICA,HI,1998,IrrigArea_Q,27040
United States,NORTH AMERICA,NORTH AMERICA,HI,1999,TFP_Index,92.92642106
United States,NORTH AMERICA,NORTH AMERICA,HI,1999,Outall_Index,84.36471107
United States,NORTH AMERICA,NORTH AMERICA,HI,1999,Input_Index,90.78657082
United States,NORTH AMERICA,NORTH AMERICA,HI,1999,Land_Index,107.8188945
United States,NORTH AMERICA,NORTH AMERICA,HI,1999,Labor_Index,104.651292
United States,NORTH AMERICA,NORTH AMERICA,HI,1999,Capital_Index,64.835692
United States,NORTH AMERICA,NORTH AMERICA,HI,1999,Materials_Index,104.9129267
United States,NORTH AMERICA,NORTH AMERICA,HI,1999,Outall_Q,297376939.7
United States,NORTH AMERICA,NORTH AMERICA,HI,1999,Outcrop_Q,160909624
United States,NORTH AMERICA,NORTH AMERICA,HI,1999,Outanim_Q,135237303
United States,NORTH AMERICA,NORTH AMERICA,HI,1999,Outfish_Q,1230012.718
United States,NORTH AMERICA,NORTH AMERICA,HI,1999,Land_Q,250445.836
United States,NORTH AMERICA,NORTH AMERICA,HI,1999,Labor_Q,2535.613596
United States,NORTH AMERICA,NORTH AMERICA,HI,1999,Capital_Q,414970.4729
United States,NORTH AMERICA,NORTH AMERICA,HI,1999,Machinery_Q,171702.6748
United States,NORTH AMERICA,NORTH AMERICA,HI,1999,Livestock_Q,108592.7392
United States,NORTH AMERICA,NORTH AMERICA,HI,1999,Fertilizer_Q,21974888.19
United States,NORTH AMERICA,NORTH AMERICA,HI,1999,Feed_Q,613273547.1
United States,NORTH AMERICA,NORTH AMERICA,HI,1999,Cropland_Q,178068
United States,NORTH AMERICA,NORTH AMERICA,HI,1999,Pasture_Q,235819
United States,NORTH AMERICA,NORTH AMERICA,HI,1999,IrrigArea_Q,27015
United States,NORTH AMERICA,NORTH AMERICA,HI,2000,TFP_Index,95.3521718
United States,NORTH AMERICA,NORTH AMERICA,HI,2000,Outall_Index,86.30957696
United States,NORTH AMERICA,NORTH AMERICA,HI,2000,Input_Index,90.51663463
United States,NORTH AMERICA,NORTH AMERICA,HI,2000,Land_Index,107.8276588
United States,NORTH AMERICA,NORTH AMERICA,HI,2000,Labor_Index,101.8607051
United States,NORTH AMERICA,NORTH AMERICA,HI,2000,Capital_Index,65.53313435
United States,NORTH AMERICA,NORTH AMERICA,HI,2000,Materials_Index,104.5752534
United States,NORTH AMERICA,NORTH AMERICA,HI,2000,Outall_Q,304232392.2
United States,NORTH AMERICA,NORTH AMERICA,HI,2000,Outcrop_Q,165216411
United States,NORTH AMERICA,NORTH AMERICA,HI,2000,Outanim_Q,137874020
United States,NORTH AMERICA,NORTH AMERICA,HI,2000,Outfish_Q,1141961.183
United States,NORTH AMERICA,NORTH AMERICA,HI,2000,Land_Q,250466.194
United States,NORTH AMERICA,NORTH AMERICA,HI,2000,Labor_Q,2468
United States,NORTH AMERICA,NORTH AMERICA,HI,2000,Capital_Q,419434.3411
United States,NORTH AMERICA,NORTH AMERICA,HI,2000,Machinery_Q,176488.6799
United States,NORTH AMERICA,NORTH AMERICA,HI,2000,Livestock_Q,108036.7412
United States,NORTH AMERICA,NORTH AMERICA,HI,2000,Fertilizer_Q,21453769.87
United States,NORTH AMERICA,NORTH AMERICA,HI,2000,Feed_Q,620743660.1
United States,NORTH AMERICA,NORTH AMERICA,HI,2000,Cropland_Q,178068
United States,NORTH AMERICA,NORTH AMERICA,HI,2000,Pasture_Q,236331
United States,NORTH AMERICA,NORTH AMERICA,HI,2000,IrrigArea_Q,27000
United States,NORTH AMERICA,NORTH AMERICA,HI,2001,TFP_Index,95.35001251
United States,NORTH AMERICA,NORTH AMERICA,HI,2001,Outall_Index,85.34485291
United States,NORTH AMERICA,NORTH AMERICA,HI,2001,Input_Index,89.50691318
United States,NORTH AMERICA,NORTH AMERICA,HI,2001,Land_Index,107.8342495
United States,NORTH AMERICA,NORTH AMERICA,HI,2001,Labor_Index,94.91315563
United States,NORTH AMERICA,NORTH AMERICA,HI,2001,Capital_Index,66.7078123
United States,NORTH AMERICA,NORTH AMERICA,HI,2001,Materials_Index,104.4617803
United States,NORTH AMERICA,NORTH AMERICA,HI,2001,Outall_Q,300831839
United States,NORTH AMERICA,NORTH AMERICA,HI,2001,Outcrop_Q,160781761
United States,NORTH AMERICA,NORTH AMERICA,HI,2001,Outanim_Q,138830999
United States,NORTH AMERICA,NORTH AMERICA,HI,2001,Outfish_Q,1219079.042
United States,NORTH AMERICA,NORTH AMERICA,HI,2001,Land_Q,250481.5033
United States,NORTH AMERICA,NORTH AMERICA,HI,2001,Labor_Q,2299.666667
United States,NORTH AMERICA,NORTH AMERICA,HI,2001,Capital_Q,426952.6794
United States,NORTH AMERICA,NORTH AMERICA,HI,2001,Machinery_Q,181443.8725
United States,NORTH AMERICA,NORTH AMERICA,HI,2001,Livestock_Q,107611.2131
United States,NORTH AMERICA,NORTH AMERICA,HI,2001,Fertilizer_Q,21713440.34
United States,NORTH AMERICA,NORTH AMERICA,HI,2001,Feed_Q,613614534.6
United States,NORTH AMERICA,NORTH AMERICA,HI,2001,Cropland_Q,178100
United States,NORTH AMERICA,NORTH AMERICA,HI,2001,Pasture_Q,236844
United States,NORTH AMERICA,NORTH AMERICA,HI,2001,IrrigArea_Q,26965
United States,NORTH AMERICA,NORTH AMERICA,HI,2002,TFP_Index,93.57484269
United States,NORTH AMERICA,NORTH AMERICA,HI,2002,Outall_Index,83.67246892
United States,NORTH AMERICA,NORTH AMERICA,HI,2002,Input_Index,89.41769659
United States,NORTH AMERICA,NORTH AMERICA,HI,2002,Land_Index,106.8024554
United States,NORTH AMERICA,NORTH AMERICA,HI,2002,Labor_Index,95.48409286
United States,NORTH AMERICA,NORTH AMERICA,HI,2002,Capital_Index,68.13373312
United States,NORTH AMERICA,NORTH AMERICA,HI,2002,Materials_Index,101.8553181
United States,NORTH AMERICA,NORTH AMERICA,HI,2002,Outall_Q,294936857.3
United States,NORTH AMERICA,NORTH AMERICA,HI,2002,Outcrop_Q,154247016
United States,NORTH AMERICA,NORTH AMERICA,HI,2002,Outanim_Q,139378942
United States,NORTH AMERICA,NORTH AMERICA,HI,2002,Outfish_Q,1310899.274
United States,NORTH AMERICA,NORTH AMERICA,HI,2002,Land_Q,248084.8126
United States,NORTH AMERICA,NORTH AMERICA,HI,2002,Labor_Q,2313.5
United States,NORTH AMERICA,NORTH AMERICA,HI,2002,Capital_Q,436079.0574
United States,NORTH AMERICA,NORTH AMERICA,HI,2002,Machinery_Q,186572.932
United States,NORTH AMERICA,NORTH AMERICA,HI,2002,Livestock_Q,107438.3604
United States,NORTH AMERICA,NORTH AMERICA,HI,2002,Fertilizer_Q,21767345.59
United States,NORTH AMERICA,NORTH AMERICA,HI,2002,Feed_Q,585203635.7
United States,NORTH AMERICA,NORTH AMERICA,HI,2002,Cropland_Q,175707
United States,NORTH AMERICA,NORTH AMERICA,HI,2002,Pasture_Q,237357
United States,NORTH AMERICA,NORTH AMERICA,HI,2002,IrrigArea_Q,26937
United States,NORTH AMERICA,NORTH AMERICA,HI,2003,TFP_Index,94.75902603
United States,NORTH AMERICA,NORTH AMERICA,HI,2003,Outall_Index,86.53675804
United States,NORTH AMERICA,NORTH AMERICA,HI,2003,Input_Index,91.32297118
United States,NORTH AMERICA,NORTH AMERICA,HI,2003,Land_Index,105.8783807
United States,NORTH AMERICA,NORTH AMERICA,HI,2003,Labor_Index,93.88134136
United States,NORTH AMERICA,NORTH AMERICA,HI,2003,Capital_Index,69.9720269
United States,NORTH AMERICA,NORTH AMERICA,HI,2003,Materials_Index,107.1172336
United States,NORTH AMERICA,NORTH AMERICA,HI,2003,Outall_Q,305033182.2
United States,NORTH AMERICA,NORTH AMERICA,HI,2003,Outcrop_Q,161183264
United States,NORTH AMERICA,NORTH AMERICA,HI,2003,Outanim_Q,142409847
United States,NORTH AMERICA,NORTH AMERICA,HI,2003,Outfish_Q,1440071.152
United States,NORTH AMERICA,NORTH AMERICA,HI,2003,Land_Q,245938.3366
United States,NORTH AMERICA,NORTH AMERICA,HI,2003,Labor_Q,2274.666667
United States,NORTH AMERICA,NORTH AMERICA,HI,2003,Capital_Q,447844.7627
United States,NORTH AMERICA,NORTH AMERICA,HI,2003,Machinery_Q,191880.7046
United States,NORTH AMERICA,NORTH AMERICA,HI,2003,Livestock_Q,106885.4264
United States,NORTH AMERICA,NORTH AMERICA,HI,2003,Fertilizer_Q,23601257.54
United States,NORTH AMERICA,NORTH AMERICA,HI,2003,Feed_Q,600630671.8
United States,NORTH AMERICA,NORTH AMERICA,HI,2003,Cropland_Q,173461.3
United States,NORTH AMERICA,NORTH AMERICA,HI,2003,Pasture_Q,239561
United States,NORTH AMERICA,NORTH AMERICA,HI,2003,IrrigArea_Q,26878.67
United States,NORTH AMERICA,NORTH AMERICA,HI,2004,TFP_Index,99.68962061
United States,NORTH AMERICA,NORTH AMERICA,HI,2004,Outall_Index,92.05877029
United States,NORTH AMERICA,NORTH AMERICA,HI,2004,Input_Index,92.34539135
United States,NORTH AMERICA,NORTH AMERICA,HI,2004,Land_Index,104.9541632
United States,NORTH AMERICA,NORTH AMERICA,HI,2004,Labor_Index,92.04815133
United States,NORTH AMERICA,NORTH AMERICA,HI,2004,Capital_Index,73.44551739
United States,NORTH AMERICA,NORTH AMERICA,HI,2004,Materials_Index,107.2851316
United States,NORTH AMERICA,NORTH AMERICA,HI,2004,Outall_Q,324497708.1
United States,NORTH AMERICA,NORTH AMERICA,HI,2004,Outcrop_Q,180573778
United States,NORTH AMERICA,NORTH AMERICA,HI,2004,Outanim_Q,142390919
United States,NORTH AMERICA,NORTH AMERICA,HI,2004,Outfish_Q,1533011.081
United States,NORTH AMERICA,NORTH AMERICA,HI,2004,Land_Q,243791.5292
United States,NORTH AMERICA,NORTH AMERICA,HI,2004,Labor_Q,2230.25
United States,NORTH AMERICA,NORTH AMERICA,HI,2004,Capital_Q,470076.2828
United States,NORTH AMERICA,NORTH AMERICA,HI,2004,Machinery_Q,189964.801
United States,NORTH AMERICA,NORTH AMERICA,HI,2004,Livestock_Q,106246.9378
United States,NORTH AMERICA,NORTH AMERICA,HI,2004,Fertilizer_Q,22476677.38
United States,NORTH AMERICA,NORTH AMERICA,HI,2004,Feed_Q,626250255.2
United States,NORTH AMERICA,NORTH AMERICA,HI,2004,Cropland_Q,171215.9
United States,NORTH AMERICA,NORTH AMERICA,HI,2004,Pasture_Q,241765
United States,NORTH AMERICA,NORTH AMERICA,HI,2004,IrrigArea_Q,26820
United States,NORTH AMERICA,NORTH AMERICA,HI,2005,TFP_Index,96.89444597
United States,NORTH AMERICA,NORTH AMERICA,HI,2005,Outall_Index,89.7490523
United States,NORTH AMERICA,NORTH AMERICA,HI,2005,Input_Index,92.62559005
United States,NORTH AMERICA,NORTH AMERICA,HI,2005,Land_Index,104.0305245
United States,NORTH AMERICA,NORTH AMERICA,HI,2005,Labor_Index,90.54858126
United States,NORTH AMERICA,NORTH AMERICA,HI,2005,Capital_Index,76.01068082
United States,NORTH AMERICA,NORTH AMERICA,HI,2005,Materials_Index,106.1319098
United States,NORTH AMERICA,NORTH AMERICA,HI,2005,Outall_Q,316356189.4
United States,NORTH AMERICA,NORTH AMERICA,HI,2005,Outcrop_Q,173830485
United States,NORTH AMERICA,NORTH AMERICA,HI,2005,Outanim_Q,141158908
United States,NORTH AMERICA,NORTH AMERICA,HI,2005,Outfish_Q,1366796.44
United States,NORTH AMERICA,NORTH AMERICA,HI,2005,Land_Q,241646.066
United States,NORTH AMERICA,NORTH AMERICA,HI,2005,Labor_Q,2193.916667
United States,NORTH AMERICA,NORTH AMERICA,HI,2005,Capital_Q,486494.2009
United States,NORTH AMERICA,NORTH AMERICA,HI,2005,Machinery_Q,188072.302
United States,NORTH AMERICA,NORTH AMERICA,HI,2005,Livestock_Q,106684.778
United States,NORTH AMERICA,NORTH AMERICA,HI,2005,Fertilizer_Q,21664817.28
United States,NORTH AMERICA,NORTH AMERICA,HI,2005,Feed_Q,632495253.7
United States,NORTH AMERICA,NORTH AMERICA,HI,2005,Cropland_Q,168970.6
United States,NORTH AMERICA,NORTH AMERICA,HI,2005,Pasture_Q,243969
United States,NORTH AMERICA,NORTH AMERICA,HI,2005,IrrigArea_Q,26762
United States,NORTH AMERICA,NORTH AMERICA,HI,2006,TFP_Index,94.96932736
United States,NORTH AMERICA,NORTH AMERICA,HI,2006,Outall_Index,88.25456659
United States,NORTH AMERICA,NORTH AMERICA,HI,2006,Input_Index,92.92954793
United States,NORTH AMERICA,NORTH AMERICA,HI,2006,Land_Index,103.103708
United States,NORTH AMERICA,NORTH AMERICA,HI,2006,Labor_Index,91.05417025
United States,NORTH AMERICA,NORTH AMERICA,HI,2006,Capital_Index,77.71161404
United States,NORTH AMERICA,NORTH AMERICA,HI,2006,Materials_Index,104.7096986
United States,NORTH AMERICA,NORTH AMERICA,HI,2006,Outall_Q,311088280.8
United States,NORTH AMERICA,NORTH AMERICA,HI,2006,Outcrop_Q,167197845
United States,NORTH AMERICA,NORTH AMERICA,HI,2006,Outanim_Q,142518918
United States,NORTH AMERICA,NORTH AMERICA,HI,2006,Outfish_Q,1371517.832
United States,NORTH AMERICA,NORTH AMERICA,HI,2006,Land_Q,239493.2213
United States,NORTH AMERICA,NORTH AMERICA,HI,2006,Labor_Q,2206.166667
United States,NORTH AMERICA,NORTH AMERICA,HI,2006,Capital_Q,497380.7518
United States,NORTH AMERICA,NORTH AMERICA,HI,2006,Machinery_Q,186202.7975
United States,NORTH AMERICA,NORTH AMERICA,HI,2006,Livestock_Q,108145.2834
United States,NORTH AMERICA,NORTH AMERICA,HI,2006,Fertilizer_Q,23195232.77
United States,NORTH AMERICA,NORTH AMERICA,HI,2006,Feed_Q,584616667.4
United States,NORTH AMERICA,NORTH AMERICA,HI,2006,Cropland_Q,166725.3
United States,NORTH AMERICA,NORTH AMERICA,HI,2006,Pasture_Q,246174
United States,NORTH AMERICA,NORTH AMERICA,HI,2006,IrrigArea_Q,26700
United States,NORTH AMERICA,NORTH AMERICA,HI,2007,TFP_Index,101.3045117
United States,NORTH AMERICA,NORTH AMERICA,HI,2007,Outall_Index,93.0767442
United States,NORTH AMERICA,NORTH AMERICA,HI,2007,Input_Index,91.87818253
United States,NORTH AMERICA,NORTH AMERICA,HI,2007,Land_Index,102.1816724
United States,NORTH AMERICA,NORTH AMERICA,HI,2007,Labor_Index,86.82717111
United States,NORTH AMERICA,NORTH AMERICA,HI,2007,Capital_Index,78.75117178
United States,NORTH AMERICA,NORTH AMERICA,HI,2007,Materials_Index,103.5753003
United States,NORTH AMERICA,NORTH AMERICA,HI,2007,Outall_Q,328085961.5
United States,NORTH AMERICA,NORTH AMERICA,HI,2007,Outcrop_Q,179562226
United States,NORTH AMERICA,NORTH AMERICA,HI,2007,Outanim_Q,147068637
United States,NORTH AMERICA,NORTH AMERICA,HI,2007,Outfish_Q,1455098.518
United States,NORTH AMERICA,NORTH AMERICA,HI,2007,Land_Q,237351.4819
United States,NORTH AMERICA,NORTH AMERICA,HI,2007,Labor_Q,2103.75
United States,NORTH AMERICA,NORTH AMERICA,HI,2007,Capital_Q,504034.2748
United States,NORTH AMERICA,NORTH AMERICA,HI,2007,Machinery_Q,184355.8869
United States,NORTH AMERICA,NORTH AMERICA,HI,2007,Livestock_Q,108374.4002
United States,NORTH AMERICA,NORTH AMERICA,HI,2007,Fertilizer_Q,21924324.78
United States,NORTH AMERICA,NORTH AMERICA,HI,2007,Feed_Q,599642079.8
United States,NORTH AMERICA,NORTH AMERICA,HI,2007,Cropland_Q,164480
United States,NORTH AMERICA,NORTH AMERICA,HI,2007,Pasture_Q,248378
United States,NORTH AMERICA,NORTH AMERICA,HI,2007,IrrigArea_Q,26644
United States,NORTH AMERICA,NORTH AMERICA,HI,2008,TFP_Index,104.4180465
United States,NORTH AMERICA,NORTH AMERICA,HI,2008,Outall_Index,93.77911894
United States,NORTH AMERICA,NORTH AMERICA,HI,2008,Input_Index,89.81121763
United States,NORTH AMERICA,NORTH AMERICA,HI,2008,Land_Index,101.4990382
United States,NORTH AMERICA,NORTH AMERICA,HI,2008,Labor_Index,89.59587274
United States,NORTH AMERICA,NORTH AMERICA,HI,2008,Capital_Index,80.91186897
United States,NORTH AMERICA,NORTH AMERICA,HI,2008,Materials_Index,92.42637226
United States,NORTH AMERICA,NORTH AMERICA,HI,2008,Outall_Q,330561760.3
United States,NORTH AMERICA,NORTH AMERICA,HI,2008,Outcrop_Q,178059040
United States,NORTH AMERICA,NORTH AMERICA,HI,2008,Outanim_Q,151098626
United States,NORTH AMERICA,NORTH AMERICA,HI,2008,Outfish_Q,1404094.347
United States,NORTH AMERICA,NORTH AMERICA,HI,2008,Land_Q,235765.833
United States,NORTH AMERICA,NORTH AMERICA,HI,2008,Labor_Q,2170.833333
United States,NORTH AMERICA,NORTH AMERICA,HI,2008,Capital_Q,517863.4715
United States,NORTH AMERICA,NORTH AMERICA,HI,2008,Machinery_Q,182531.18
United States,NORTH AMERICA,NORTH AMERICA,HI,2008,Livestock_Q,109289.0362
United States,NORTH AMERICA,NORTH AMERICA,HI,2008,Fertilizer_Q,18525130.9
United States,NORTH AMERICA,NORTH AMERICA,HI,2008,Feed_Q,558914412.7
United States,NORTH AMERICA,NORTH AMERICA,HI,2008,Cropland_Q,163125.5
United States,NORTH AMERICA,NORTH AMERICA,HI,2008,Pasture_Q,247777
United States,NORTH AMERICA,NORTH AMERICA,HI,2008,IrrigArea_Q,26550
United States,NORTH AMERICA,NORTH AMERICA,HI,2009,TFP_Index,106.4626994
United States,NORTH AMERICA,NORTH AMERICA,HI,2009,Outall_Index,95.52298192
United States,NORTH AMERICA,NORTH AMERICA,HI,2009,Input_Index,89.72436589
United States,NORTH AMERICA,NORTH AMERICA,HI,2009,Land_Index,100.8275971
United States,NORTH AMERICA,NORTH AMERICA,HI,2009,Labor_Index,86.7927773
United States,NORTH AMERICA,NORTH AMERICA,HI,2009,Capital_Index,79.4624271
United States,NORTH AMERICA,NORTH AMERICA,HI,2009,Materials_Index,96.09572882
United States,NORTH AMERICA,NORTH AMERICA,HI,2009,Outall_Q,336708698.2
United States,NORTH AMERICA,NORTH AMERICA,HI,2009,Outcrop_Q,185608885
United States,NORTH AMERICA,NORTH AMERICA,HI,2009,Outanim_Q,149784147
United States,NORTH AMERICA,NORTH AMERICA,HI,2009,Outfish_Q,1315666.174
United States,NORTH AMERICA,NORTH AMERICA,HI,2009,Land_Q,234206.1841
United States,NORTH AMERICA,NORTH AMERICA,HI,2009,Labor_Q,2102.916667
United States,NORTH AMERICA,NORTH AMERICA,HI,2009,Capital_Q,508586.5506
United States,NORTH AMERICA,NORTH AMERICA,HI,2009,Machinery_Q,180581.0031
United States,NORTH AMERICA,NORTH AMERICA,HI,2009,Livestock_Q,106670.1285
United States,NORTH AMERICA,NORTH AMERICA,HI,2009,Fertilizer_Q,21299492.29
United States,NORTH AMERICA,NORTH AMERICA,HI,2009,Feed_Q,536273371
United States,NORTH AMERICA,NORTH AMERICA,HI,2009,Cropland_Q,161771
United States,NORTH AMERICA,NORTH AMERICA,HI,2009,Pasture_Q,247176
United States,NORTH AMERICA,NORTH AMERICA,HI,2009,IrrigArea_Q,26470
United States,NORTH AMERICA,NORTH AMERICA,HI,2010,TFP_Index,105.0430283
United States,NORTH AMERICA,NORTH AMERICA,HI,2010,Outall_Index,95.49414739
United States,NORTH AMERICA,NORTH AMERICA,HI,2010,Input_Index,90.90955287
United States,NORTH AMERICA,NORTH AMERICA,HI,2010,Land_Index,100.1761439
United States,NORTH AMERICA,NORTH AMERICA,HI,2010,Labor_Index,91.06448839
United States,NORTH AMERICA,NORTH AMERICA,HI,2010,Capital_Index,81.50463124
United States,NORTH AMERICA,NORTH AMERICA,HI,2010,Materials_Index,94.37993884
United States,NORTH AMERICA,NORTH AMERICA,HI,2010,Outall_Q,336607059.4
United States,NORTH AMERICA,NORTH AMERICA,HI,2010,Outcrop_Q,185229111
United States,NORTH AMERICA,NORTH AMERICA,HI,2010,Outanim_Q,149994033
United States,NORTH AMERICA,NORTH AMERICA,HI,2010,Outfish_Q,1383915.432
United States,NORTH AMERICA,NORTH AMERICA,HI,2010,Land_Q,232692.9638
United States,NORTH AMERICA,NORTH AMERICA,HI,2010,Labor_Q,2206.416667
United States,NORTH AMERICA,NORTH AMERICA,HI,2010,Capital_Q,521657.3515
United States,NORTH AMERICA,NORTH AMERICA,HI,2010,Machinery_Q,178655.0491
United States,NORTH AMERICA,NORTH AMERICA,HI,2010,Livestock_Q,106243.8197
United States,NORTH AMERICA,NORTH AMERICA,HI,2010,Fertilizer_Q,22042573.62
United States,NORTH AMERICA,NORTH AMERICA,HI,2010,Feed_Q,505168208.5
United States,NORTH AMERICA,NORTH AMERICA,HI,2010,Cropland_Q,160416.5
United States,NORTH AMERICA,NORTH AMERICA,HI,2010,Pasture_Q,246575
United States,NORTH AMERICA,NORTH AMERICA,HI,2010,IrrigArea_Q,26415
United States,NORTH AMERICA,NORTH AMERICA,HI,2011,TFP_Index,103.0013919
United States,NORTH AMERICA,NORTH AMERICA,HI,2011,Outall_Index,94.59559913
United States,NORTH AMERICA,NORTH AMERICA,HI,2011,Input_Index,91.83914646
United States,NORTH AMERICA,NORTH AMERICA,HI,2011,Land_Index,99.68459361
United States,NORTH AMERICA,NORTH AMERICA,HI,2011,Labor_Index,92.99398108
United States,NORTH AMERICA,NORTH AMERICA,HI,2011,Capital_Index,83.76386465
United States,NORTH AMERICA,NORTH AMERICA,HI,2011,Materials_Index,94.29251318
United States,NORTH AMERICA,NORTH AMERICA,HI,2011,Outall_Q,333439769.1
United States,NORTH AMERICA,NORTH AMERICA,HI,2011,Outcrop_Q,179953005
United States,NORTH AMERICA,NORTH AMERICA,HI,2011,Outanim_Q,152302224
United States,NORTH AMERICA,NORTH AMERICA,HI,2011,Outfish_Q,1184540.112
United States,NORTH AMERICA,NORTH AMERICA,HI,2011,Land_Q,231551.172
United States,NORTH AMERICA,NORTH AMERICA,HI,2011,Labor_Q,2253.166667
United States,NORTH AMERICA,NORTH AMERICA,HI,2011,Capital_Q,536117.2135
United States,NORTH AMERICA,NORTH AMERICA,HI,2011,Machinery_Q,176752.9162
United States,NORTH AMERICA,NORTH AMERICA,HI,2011,Livestock_Q,105572.6537
United States,NORTH AMERICA,NORTH AMERICA,HI,2011,Fertilizer_Q,22748496.31
United States,NORTH AMERICA,NORTH AMERICA,HI,2011,Feed_Q,492154055
United States,NORTH AMERICA,NORTH AMERICA,HI,2011,Cropland_Q,159062
United States,NORTH AMERICA,NORTH AMERICA,HI,2011,Pasture_Q,245974
United States,NORTH AMERICA,NORTH AMERICA,HI,2011,IrrigArea_Q,26560
United States,NORTH AMERICA,NORTH AMERICA,HI,2012,TFP_Index,101.6954701
United States,NORTH AMERICA,NORTH AMERICA,HI,2012,Outall_Index,94.29626579
United States,NORTH AMERICA,NORTH AMERICA,HI,2012,Input_Index,92.72415546
United States,NORTH AMERICA,NORTH AMERICA,HI,2012,Land_Index,99.19543999
United States,NORTH AMERICA,NORTH AMERICA,HI,2012,Labor_Index,90.14961307
United States,NORTH AMERICA,NORTH AMERICA,HI,2012,Capital_Index,87.17697349
United States,NORTH AMERICA,NORTH AMERICA,HI,2012,Materials_Index,95.45316971
United States,NORTH AMERICA,NORTH AMERICA,HI,2012,Outall_Q,332384649.9
United States,NORTH AMERICA,NORTH AMERICA,HI,2012,Outcrop_Q,177859060
United States,NORTH AMERICA,NORTH AMERICA,HI,2012,Outanim_Q,153351559
United States,NORTH AMERICA,NORTH AMERICA,HI,2012,Outfish_Q,1174030.859
United States,NORTH AMERICA,NORTH AMERICA,HI,2012,Land_Q,230414.9474
United States,NORTH AMERICA,NORTH AMERICA,HI,2012,Labor_Q,2184.25
United States,NORTH AMERICA,NORTH AMERICA,HI,2012,Capital_Q,557962.2705
United States,NORTH AMERICA,NORTH AMERICA,HI,2012,Machinery_Q,174874.2121
United States,NORTH AMERICA,NORTH AMERICA,HI,2012,Livestock_Q,109540.7238
United States,NORTH AMERICA,NORTH AMERICA,HI,2012,Fertilizer_Q,23287314.95
United States,NORTH AMERICA,NORTH AMERICA,HI,2012,Feed_Q,493911430
United States,NORTH AMERICA,NORTH AMERICA,HI,2012,Cropland_Q,157707.5
United States,NORTH AMERICA,NORTH AMERICA,HI,2012,Pasture_Q,245374
United States,NORTH AMERICA,NORTH AMERICA,HI,2012,IrrigArea_Q,26708
United States,NORTH AMERICA,NORTH AMERICA,HI,2013,TFP_Index,103.0709823
United States,NORTH AMERICA,NORTH AMERICA,HI,2013,Outall_Index,98.54840097
United States,NORTH AMERICA,NORTH AMERICA,HI,2013,Input_Index,95.61216822
United States,NORTH AMERICA,NORTH AMERICA,HI,2013,Land_Index,99.46364226
United States,NORTH AMERICA,NORTH AMERICA,HI,2013,Labor_Index,87.783319
United States,NORTH AMERICA,NORTH AMERICA,HI,2013,Capital_Index,92.78144997
United States,NORTH AMERICA,NORTH AMERICA,HI,2013,Materials_Index,99.95784684
United States,NORTH AMERICA,NORTH AMERICA,HI,2013,Outall_Q,347372989.5
United States,NORTH AMERICA,NORTH AMERICA,HI,2013,Outcrop_Q,192237695
United States,NORTH AMERICA,NORTH AMERICA,HI,2013,Outanim_Q,153902991
United States,NORTH AMERICA,NORTH AMERICA,HI,2013,Outfish_Q,1232303.539
United States,NORTH AMERICA,NORTH AMERICA,HI,2013,Land_Q,231037.9378
United States,NORTH AMERICA,NORTH AMERICA,HI,2013,Labor_Q,2126.916667
United States,NORTH AMERICA,NORTH AMERICA,HI,2013,Capital_Q,593832.8255
United States,NORTH AMERICA,NORTH AMERICA,HI,2013,Machinery_Q,174064.64
United States,NORTH AMERICA,NORTH AMERICA,HI,2013,Livestock_Q,108601.2075
United States,NORTH AMERICA,NORTH AMERICA,HI,2013,Fertilizer_Q,23434609.14
United States,NORTH AMERICA,NORTH AMERICA,HI,2013,Feed_Q,533441578.7
United States,NORTH AMERICA,NORTH AMERICA,HI,2013,Cropland_Q,158253.4
United States,NORTH AMERICA,NORTH AMERICA,HI,2013,Pasture_Q,245374
United States,NORTH AMERICA,NORTH AMERICA,HI,2013,IrrigArea_Q,26749.5079
United States,NORTH AMERICA,NORTH AMERICA,HI,2014,TFP_Index,103.949077
United States,NORTH AMERICA,NORTH AMERICA,HI,2014,Outall_Index,101.4931063
United States,NORTH AMERICA,NORTH AMERICA,HI,2014,Input_Index,97.63733284
United States,NORTH AMERICA,NORTH AMERICA,HI,2014,Land_Index,99.73184265
United States,NORTH AMERICA,NORTH AMERICA,HI,2014,Labor_Index,92.27858985
United States,NORTH AMERICA,NORTH AMERICA,HI,2014,Capital_Index,98.22742132
United States,NORTH AMERICA,NORTH AMERICA,HI,2014,Materials_Index,98.83121474
United States,NORTH AMERICA,NORTH AMERICA,HI,2014,Outall_Q,357752773.2
United States,NORTH AMERICA,NORTH AMERICA,HI,2014,Outcrop_Q,202303086
United States,NORTH AMERICA,NORTH AMERICA,HI,2014,Outanim_Q,154165244
United States,NORTH AMERICA,NORTH AMERICA,HI,2014,Outfish_Q,1284443.229
United States,NORTH AMERICA,NORTH AMERICA,HI,2014,Land_Q,231660.9239
United States,NORTH AMERICA,NORTH AMERICA,HI,2014,Labor_Q,2235.833333
United States,NORTH AMERICA,NORTH AMERICA,HI,2014,Capital_Q,628688.8938
United States,NORTH AMERICA,NORTH AMERICA,HI,2014,Machinery_Q,172831.9191
United States,NORTH AMERICA,NORTH AMERICA,HI,2014,Livestock_Q,108133.4957
United States,NORTH AMERICA,NORTH AMERICA,HI,2014,Fertilizer_Q,22330826.66
United States,NORTH AMERICA,NORTH AMERICA,HI,2014,Feed_Q,542749460.7
United States,NORTH AMERICA,NORTH AMERICA,HI,2014,Cropland_Q,158799.3
United States,NORTH AMERICA,NORTH AMERICA,HI,2014,Pasture_Q,245374
United States,NORTH AMERICA,NORTH AMERICA,HI,2014,IrrigArea_Q,26791.0158
United States,NORTH AMERICA,NORTH AMERICA,HI,2015,TFP_Index,100
United States,NORTH AMERICA,NORTH AMERICA,HI,2015,Outall_Index,100
United States,NORTH AMERICA,NORTH AMERICA,HI,2015,Input_Index,100
United States,NORTH AMERICA,NORTH AMERICA,HI,2015,Land_Index,100
United States,NORTH AMERICA,NORTH AMERICA,HI,2015,Labor_Index,100
United States,NORTH AMERICA,NORTH AMERICA,HI,2015,Capital_Index,100
United States,NORTH AMERICA,NORTH AMERICA,HI,2015,Materials_Index,100
United States,NORTH AMERICA,NORTH AMERICA,HI,2015,Outall_Q,352489727
United States,NORTH AMERICA,NORTH AMERICA,HI,2015,Outcrop_Q,197492076
United States,NORTH AMERICA,NORTH AMERICA,HI,2015,Outanim_Q,153692733
United States,NORTH AMERICA,NORTH AMERICA,HI,2015,Outfish_Q,1304917.999
United States,NORTH AMERICA,NORTH AMERICA,HI,2015,Land_Q,232283.81
United States,NORTH AMERICA,NORTH AMERICA,HI,2015,Labor_Q,2422.916667
United States,NORTH AMERICA,NORTH AMERICA,HI,2015,Capital_Q,640034
United States,NORTH AMERICA,NORTH AMERICA,HI,2015,Machinery_Q,171608.2552
United States,NORTH AMERICA,NORTH AMERICA,HI,2015,Livestock_Q,108995.7383
United States,NORTH AMERICA,NORTH AMERICA,HI,2015,Fertilizer_Q,22576789.53
United States,NORTH AMERICA,NORTH AMERICA,HI,2015,Feed_Q,549510000.5
United States,NORTH AMERICA,NORTH AMERICA,HI,2015,Cropland_Q,159345.1
United States,NORTH AMERICA,NORTH AMERICA,HI,2015,Pasture_Q,245374
United States,NORTH AMERICA,NORTH AMERICA,HI,2015,IrrigArea_Q,26832.5237
United States,NORTH AMERICA,NORTH AMERICA,HI,2016,TFP_Index,106.0400029
United States,NORTH AMERICA,NORTH AMERICA,HI,2016,Outall_Index,108.2620546
United States,NORTH AMERICA,NORTH AMERICA,HI,2016,Input_Index,102.0954844
United States,NORTH AMERICA,NORTH AMERICA,HI,2016,Land_Index,100.2682004
United States,NORTH AMERICA,NORTH AMERICA,HI,2016,Labor_Index,101.5030095
United States,NORTH AMERICA,NORTH AMERICA,HI,2016,Capital_Index,102.5902918
United States,NORTH AMERICA,NORTH AMERICA,HI,2016,Materials_Index,102.8324597
United States,NORTH AMERICA,NORTH AMERICA,HI,2016,Outall_Q,381612620.9
United States,NORTH AMERICA,NORTH AMERICA,HI,2016,Outcrop_Q,220713086
United States,NORTH AMERICA,NORTH AMERICA,HI,2016,Outanim_Q,159546206
United States,NORTH AMERICA,NORTH AMERICA,HI,2016,Outfish_Q,1353328.87
United States,NORTH AMERICA,NORTH AMERICA,HI,2016,Land_Q,232906.7961
United States,NORTH AMERICA,NORTH AMERICA,HI,2016,Labor_Q,2459.333333
United States,NORTH AMERICA,NORTH AMERICA,HI,2016,Capital_Q,656612.7485
United States,NORTH AMERICA,NORTH AMERICA,HI,2016,Machinery_Q,170393.5774
United States,NORTH AMERICA,NORTH AMERICA,HI,2016,Livestock_Q,112096.1645
United States,NORTH AMERICA,NORTH AMERICA,HI,2016,Fertilizer_Q,22509352.06
United States,NORTH AMERICA,NORTH AMERICA,HI,2016,Feed_Q,578793456.3
United States,NORTH AMERICA,NORTH AMERICA,HI,2016,Cropland_Q,159891
United States,NORTH AMERICA,NORTH AMERICA,HI,2016,Pasture_Q,245374
United States,NORTH AMERICA,NORTH AMERICA,HI,2016,IrrigArea_Q,26874.0316
United States,NORTH AMERICA,NORTH AMERICA,HI,2017,TFP_Index,104.1188643
United States,NORTH AMERICA,NORTH AMERICA,HI,2017,Outall_Index,105.8440242
United States,NORTH AMERICA,NORTH AMERICA,HI,2017,Input_Index,101.6569139
United States,NORTH AMERICA,NORTH AMERICA,HI,2017,Land_Index,100.5363559
United States,NORTH AMERICA,NORTH AMERICA,HI,2017,Labor_Index,101.2760103
United States,NORTH AMERICA,NORTH AMERICA,HI,2017,Capital_Index,103.929234
United States,NORTH AMERICA,NORTH AMERICA,HI,2017,Materials_Index,100.6605627
United States,NORTH AMERICA,NORTH AMERICA,HI,2017,Outall_Q,373089312
United States,NORTH AMERICA,NORTH AMERICA,HI,2017,Outcrop_Q,207923628
United States,NORTH AMERICA,NORTH AMERICA,HI,2017,Outanim_Q,163850565
United States,NORTH AMERICA,NORTH AMERICA,HI,2017,Outfish_Q,1315119.049
United States,NORTH AMERICA,NORTH AMERICA,HI,2017,Land_Q,233529.6779
United States,NORTH AMERICA,NORTH AMERICA,HI,2017,Labor_Q,2453.833333
United States,NORTH AMERICA,NORTH AMERICA,HI,2017,Capital_Q,665182.4338
United States,NORTH AMERICA,NORTH AMERICA,HI,2017,Machinery_Q,167990.9
United States,NORTH AMERICA,NORTH AMERICA,HI,2017,Livestock_Q,114406.8328
United States,NORTH AMERICA,NORTH AMERICA,HI,2017,Fertilizer_Q,22598425.71
United States,NORTH AMERICA,NORTH AMERICA,HI,2017,Feed_Q,555559233.7
United States,NORTH AMERICA,NORTH AMERICA,HI,2017,Cropland_Q,160436.8
United States,NORTH AMERICA,NORTH AMERICA,HI,2017,Pasture_Q,245374
United States,NORTH AMERICA,NORTH AMERICA,HI,2017,IrrigArea_Q,26915.5395
United States,NORTH AMERICA,NORTH AMERICA,HI,2018,TFP_Index,103.9488918
United States,NORTH AMERICA,NORTH AMERICA,HI,2018,Outall_Index,106.848371
United States,NORTH AMERICA,NORTH AMERICA,HI,2018,Input_Index,102.7893316
United States,NORTH AMERICA,NORTH AMERICA,HI,2018,Land_Index,100.536724
United States,NORTH AMERICA,NORTH AMERICA,HI,2018,Labor_Index,100.0584695
United States,NORTH AMERICA,NORTH AMERICA,HI,2018,Capital_Index,105.6515082
United States,NORTH AMERICA,NORTH AMERICA,HI,2018,Materials_Index,102.9816103
United States,NORTH AMERICA,NORTH AMERICA,HI,2018,Outall_Q,376629531.4
United States,NORTH AMERICA,NORTH AMERICA,HI,2018,Outcrop_Q,207279083
United States,NORTH AMERICA,NORTH AMERICA,HI,2018,Outanim_Q,167919043
United States,NORTH AMERICA,NORTH AMERICA,HI,2018,Outfish_Q,1431405.4
United States,NORTH AMERICA,NORTH AMERICA,HI,2018,Land_Q,233530.5331
United States,NORTH AMERICA,NORTH AMERICA,HI,2018,Labor_Q,2424.333333
United States,NORTH AMERICA,NORTH AMERICA,HI,2018,Capital_Q,676205.5742
United States,NORTH AMERICA,NORTH AMERICA,HI,2018,Machinery_Q,168059.0921
United States,NORTH AMERICA,NORTH AMERICA,HI,2018,Livestock_Q,114262.1561
United States,NORTH AMERICA,NORTH AMERICA,HI,2018,Fertilizer_Q,22839398.75
United States,NORTH AMERICA,NORTH AMERICA,HI,2018,Feed_Q,573769372.5
United States,NORTH AMERICA,NORTH AMERICA,HI,2018,Cropland_Q,160436.8
United States,NORTH AMERICA,NORTH AMERICA,HI,2018,Pasture_Q,245374
United States,NORTH AMERICA,NORTH AMERICA,HI,2018,IrrigArea_Q,26916
United States,NORTH AMERICA,NORTH AMERICA,HI,2019,TFP_Index,99.23127098
United States,NORTH AMERICA,NORTH AMERICA,HI,2019,Outall_Index,103.7045284
United States,NORTH AMERICA,NORTH AMERICA,HI,2019,Input_Index,104.5079111
United States,NORTH AMERICA,NORTH AMERICA,HI,2019,Land_Index,100.536724
United States,NORTH AMERICA,NORTH AMERICA,HI,2019,Labor_Index,100.0687876
United States,NORTH AMERICA,NORTH AMERICA,HI,2019,Capital_Index,106.6455584
United States,NORTH AMERICA,NORTH AMERICA,HI,2019,Materials_Index,106.8731577
United States,NORTH AMERICA,NORTH AMERICA,HI,2019,Outall_Q,365547809.1
United States,NORTH AMERICA,NORTH AMERICA,HI,2019,Outcrop_Q,193789422
United States,NORTH AMERICA,NORTH AMERICA,HI,2019,Outanim_Q,170308259
United States,NORTH AMERICA,NORTH AMERICA,HI,2019,Outfish_Q,1450128.097
United States,NORTH AMERICA,NORTH AMERICA,HI,2019,Land_Q,233530.5331
United States,NORTH AMERICA,NORTH AMERICA,HI,2019,Labor_Q,2424.583333
United States,NORTH AMERICA,NORTH AMERICA,HI,2019,Capital_Q,682567.8334
United States,NORTH AMERICA,NORTH AMERICA,HI,2019,Machinery_Q,170138.0498
United States,NORTH AMERICA,NORTH AMERICA,HI,2019,Livestock_Q,115610.2803
United States,NORTH AMERICA,NORTH AMERICA,HI,2019,Fertilizer_Q,22797514.47
United States,NORTH AMERICA,NORTH AMERICA,HI,2019,Feed_Q,613707108.5
United States,NORTH AMERICA,NORTH AMERICA,HI,2019,Cropland_Q,160436.8
United States,NORTH AMERICA,NORTH AMERICA,HI,2019,Pasture_Q,245374
United States,NORTH AMERICA,NORTH AMERICA,HI,2019,IrrigArea_Q,26916
United States,NORTH AMERICA,NORTH AMERICA,HI,2020,TFP_Index,103.4195046
United States,NORTH AMERICA,NORTH AMERICA,HI,2020,Outall_Index,107.1539967
United States,NORTH AMERICA,NORTH AMERICA,HI,2020,Input_Index,103.6110133
United States,NORTH AMERICA,NORTH AMERICA,HI,2020,Land_Index,100.536724
United States,NORTH AMERICA,NORTH AMERICA,HI,2020,Labor_Index,96.92519347
United States,NORTH AMERICA,NORTH AMERICA,HI,2020,Capital_Index,107.3034151
United States,NORTH AMERICA,NORTH AMERICA,HI,2020,Materials_Index,105.519556
United States,NORTH AMERICA,NORTH AMERICA,HI,2020,Outall_Q,377706830.4
United States,NORTH AMERICA,NORTH AMERICA,HI,2020,Outcrop_Q,203609134
United States,NORTH AMERICA,NORTH AMERICA,HI,2020,Outanim_Q,172724822
United States,NORTH AMERICA,NORTH AMERICA,HI,2020,Outfish_Q,1372874.438
United States,NORTH AMERICA,NORTH AMERICA,HI,2020,Land_Q,233530.5331
United States,NORTH AMERICA,NORTH AMERICA,HI,2020,Labor_Q,2348.416667
United States,NORTH AMERICA,NORTH AMERICA,HI,2020,Capital_Q,686778.3398
United States,NORTH AMERICA,NORTH AMERICA,HI,2020,Machinery_Q,166183.0945
United States,NORTH AMERICA,NORTH AMERICA,HI,2020,Livestock_Q,114610.356
United States,NORTH AMERICA,NORTH AMERICA,HI,2020,Fertilizer_Q,23146742.31
United States,NORTH AMERICA,NORTH AMERICA,HI,2020,Feed_Q,592938210.2
United States,NORTH AMERICA,NORTH AMERICA,HI,2020,Cropland_Q,160436.8
United States,NORTH AMERICA,NORTH AMERICA,HI,2020,Pasture_Q,245374
United States,NORTH AMERICA,NORTH AMERICA,HI,2020,IrrigArea_Q,26916
United States,NORTH AMERICA,NORTH AMERICA,HI,2021,TFP_Index,102.9110811
United States,NORTH AMERICA,NORTH AMERICA,HI,2021,Outall_Index,109.1081572
United States,NORTH AMERICA,NORTH AMERICA,HI,2021,Input_Index,106.0217772
United States,NORTH AMERICA,NORTH AMERICA,HI,2021,Land_Index,100.536724
United States,NORTH AMERICA,NORTH AMERICA,HI,2021,Labor_Index,109.5393018
United States,NORTH AMERICA,NORTH AMERICA,HI,2021,Capital_Index,110.0829295
United States,NORTH AMERICA,NORTH AMERICA,HI,2021,Materials_Index,103.9780767
United States,NORTH AMERICA,NORTH AMERICA,HI,2021,Outall_Q,384595045.4
United States,NORTH AMERICA,NORTH AMERICA,HI,2021,Outcrop_Q,208590000
United States,NORTH AMERICA,NORTH AMERICA,HI,2021,Outanim_Q,174632142
United States,NORTH AMERICA,NORTH AMERICA,HI,2021,Outfish_Q,1372903.411
United States,NORTH AMERICA,NORTH AMERICA,HI,2021,Land_Q,233530.5331
United States,NORTH AMERICA,NORTH AMERICA,HI,2021,Labor_Q,2654.046
United States,NORTH AMERICA,NORTH AMERICA,HI,2021,Capital_Q,704568.1771
United States,NORTH AMERICA,NORTH AMERICA,HI,2021,Machinery_Q,182188.7191
United States,NORTH AMERICA,NORTH AMERICA,HI,2021,Livestock_Q,113729.5671
United States,NORTH AMERICA,NORTH AMERICA,HI,2021,Fertilizer_Q,22747501.94
United States,NORTH AMERICA,NORTH AMERICA,HI,2021,Feed_Q,585493392.2
United States,NORTH AMERICA,NORTH AMERICA,HI,2021,Cropland_Q,160436.8
United States,NORTH AMERICA,NORTH AMERICA,HI,2021,Pasture_Q,245374
United States,NORTH AMERICA,NORTH AMERICA,HI,2021,IrrigArea_Q,26916
"Europe, Central",EUROPE,"Europe, Central",,1961,TFP_Index,80.84514215
"Europe, Central",EUROPE,"Europe, Central",,1961,Outall_Index,83.89601358
"Europe, Central",EUROPE,"Europe, Central",,1961,Input_Index,103.7737226
"Europe, Central",EUROPE,"Europe, Central",,1961,Land_Index,126.1619529
"Europe, Central",EUROPE,"Europe, Central",,1961,Labor_Index,362.4605552
"Europe, Central",EUROPE,"Europe, Central",,1961,Capital_Index,68.73722295
"Europe, Central",EUROPE,"Europe, Central",,1961,Materials_Index,80.70706687
"Europe, Central",EUROPE,"Europe, Central",,1961,Outall_Q,67271181.79
"Europe, Central",EUROPE,"Europe, Central",,1961,Outcrop_Q,41522408
"Europe, Central",EUROPE,"Europe, Central",,1961,Outanim_Q,25626835
"Europe, Central",EUROPE,"Europe, Central",,1961,Outfish_Q,121938.7913
"Europe, Central",EUROPE,"Europe, Central",,1961,Land_Q,53915.86601
"Europe, Central",EUROPE,"Europe, Central",,1961,Labor_Q,22739.43776
"Europe, Central",EUROPE,"Europe, Central",,1961,Capital_Q,89120.5241
"Europe, Central",EUROPE,"Europe, Central",,1961,Machinery_Q,14279.61663
"Europe, Central",EUROPE,"Europe, Central",,1961,Livestock_Q,45681.8093
"Europe, Central",EUROPE,"Europe, Central",,1961,Fertilizer_Q,3983975.989
"Europe, Central",EUROPE,"Europe, Central",,1961,Feed_Q,117171764.6
"Europe, Central",EUROPE,"Europe, Central",,1961,Cropland_Q,51091
"Europe, Central",EUROPE,"Europe, Central",,1961,Pasture_Q,20049
"Europe, Central",EUROPE,"Europe, Central",,1961,IrrigArea_Q,1644
"Europe, Central",EUROPE,"Europe, Central",,1962,TFP_Index,79.01003179
"Europe, Central",EUROPE,"Europe, Central",,1962,Outall_Index,80.69337148
"Europe, Central",EUROPE,"Europe, Central",,1962,Input_Index,102.1305392
"Europe, Central",EUROPE,"Europe, Central",,1962,Land_Index,126.068
"Europe, Central",EUROPE,"Europe, Central",,1962,Labor_Index,356.7250131
"Europe, Central",EUROPE,"Europe, Central",,1962,Capital_Index,71.06097973
"Europe, Central",EUROPE,"Europe, Central",,1962,Materials_Index,76.05973958
"Europe, Central",EUROPE,"Europe, Central",,1962,Outall_Q,64703175.16
"Europe, Central",EUROPE,"Europe, Central",,1962,Outcrop_Q,38569405
"Europe, Central",EUROPE,"Europe, Central",,1962,Outanim_Q,26014414
"Europe, Central",EUROPE,"Europe, Central",,1962,Outfish_Q,119356.1599
"Europe, Central",EUROPE,"Europe, Central",,1962,Land_Q,53875.71482
"Europe, Central",EUROPE,"Europe, Central",,1962,Labor_Q,22379.61101
"Europe, Central",EUROPE,"Europe, Central",,1962,Capital_Q,92133.36653
"Europe, Central",EUROPE,"Europe, Central",,1962,Machinery_Q,16173.70059
"Europe, Central",EUROPE,"Europe, Central",,1962,Livestock_Q,46533.9176
"Europe, Central",EUROPE,"Europe, Central",,1962,Fertilizer_Q,3969422.292
"Europe, Central",EUROPE,"Europe, Central",,1962,Feed_Q,106808617.7
"Europe, Central",EUROPE,"Europe, Central",,1962,Cropland_Q,50981
"Europe, Central",EUROPE,"Europe, Central",,1962,Pasture_Q,19998
"Europe, Central",EUROPE,"Europe, Central",,1962,IrrigArea_Q,1775
"Europe, Central",EUROPE,"Europe, Central",,1963,TFP_Index,81.34374252
"Europe, Central",EUROPE,"Europe, Central",,1963,Outall_Index,86.00302015
"Europe, Central",EUROPE,"Europe, Central",,1963,Input_Index,105.727887
"Europe, Central",EUROPE,"Europe, Central",,1963,Land_Index,126.0358093
"Europe, Central",EUROPE,"Europe, Central",,1963,Labor_Index,352.6045437
"Europe, Central",EUROPE,"Europe, Central",,1963,Capital_Index,70.10816238
"Europe, Central",EUROPE,"Europe, Central",,1963,Materials_Index,84.31467777
"Europe, Central",EUROPE,"Europe, Central",,1963,Outall_Q,68960663.99
"Europe, Central",EUROPE,"Europe, Central",,1963,Outcrop_Q,43505157
"Europe, Central",EUROPE,"Europe, Central",,1963,Outanim_Q,25330693
"Europe, Central",EUROPE,"Europe, Central",,1963,Outfish_Q,124813.9946
"Europe, Central",EUROPE,"Europe, Central",,1963,Land_Q,53861.95801
"Europe, Central",EUROPE,"Europe, Central",,1963,Labor_Q,22121.10796
"Europe, Central",EUROPE,"Europe, Central",,1963,Capital_Q,90898.00121
"Europe, Central",EUROPE,"Europe, Central",,1963,Machinery_Q,18287.81355
"Europe, Central",EUROPE,"Europe, Central",,1963,Livestock_Q,44696.5513
"Europe, Central",EUROPE,"Europe, Central",,1963,Fertilizer_Q,4336227.024
"Europe, Central",EUROPE,"Europe, Central",,1963,Feed_Q,119443406.4
"Europe, Central",EUROPE,"Europe, Central",,1963,Cropland_Q,50863
"Europe, Central",EUROPE,"Europe, Central",,1963,Pasture_Q,19931
"Europe, Central",EUROPE,"Europe, Central",,1963,IrrigArea_Q,1969
"Europe, Central",EUROPE,"Europe, Central",,1964,TFP_Index,81.14304551
"Europe, Central",EUROPE,"Europe, Central",,1964,Outall_Index,88.84096257
"Europe, Central",EUROPE,"Europe, Central",,1964,Input_Index,109.4868476
"Europe, Central",EUROPE,"Europe, Central",,1964,Land_Index,126.2192686
"Europe, Central",EUROPE,"Europe, Central",,1964,Labor_Index,349.4797394
"Europe, Central",EUROPE,"Europe, Central",,1964,Capital_Index,72.32080395
"Europe, Central",EUROPE,"Europe, Central",,1964,Materials_Index,90.60874991
"Europe, Central",EUROPE,"Europe, Central",,1964,Outall_Q,71236239.82
"Europe, Central",EUROPE,"Europe, Central",,1964,Outcrop_Q,45078167
"Europe, Central",EUROPE,"Europe, Central",,1964,Outanim_Q,26017615
"Europe, Central",EUROPE,"Europe, Central",,1964,Outfish_Q,140457.8228
"Europe, Central",EUROPE,"Europe, Central",,1964,Land_Q,53940.36012
"Europe, Central",EUROPE,"Europe, Central",,1964,Labor_Q,21925.06927
"Europe, Central",EUROPE,"Europe, Central",,1964,Capital_Q,93766.77838
"Europe, Central",EUROPE,"Europe, Central",,1964,Machinery_Q,19821.18116
"Europe, Central",EUROPE,"Europe, Central",,1964,Livestock_Q,45206.4044
"Europe, Central",EUROPE,"Europe, Central",,1964,Fertilizer_Q,4804536.659
"Europe, Central",EUROPE,"Europe, Central",,1964,Feed_Q,126034029.2
"Europe, Central",EUROPE,"Europe, Central",,1964,Cropland_Q,50894
"Europe, Central",EUROPE,"Europe, Central",,1964,Pasture_Q,19920
"Europe, Central",EUROPE,"Europe, Central",,1964,IrrigArea_Q,2054
"Europe, Central",EUROPE,"Europe, Central",,1965,TFP_Index,78.49351127
"Europe, Central",EUROPE,"Europe, Central",,1965,Outall_Index,86.98315891
"Europe, Central",EUROPE,"Europe, Central",,1965,Input_Index,110.8157318
"Europe, Central",EUROPE,"Europe, Central",,1965,Land_Index,125.3349449
"Europe, Central",EUROPE,"Europe, Central",,1965,Labor_Index,336.8634426
"Europe, Central",EUROPE,"Europe, Central",,1965,Capital_Index,75.00620944
"Europe, Central",EUROPE,"Europe, Central",,1965,Materials_Index,92.60511423
"Europe, Central",EUROPE,"Europe, Central",,1965,Outall_Q,69746578.49
"Europe, Central",EUROPE,"Europe, Central",,1965,Outcrop_Q,41861414
"Europe, Central",EUROPE,"Europe, Central",,1965,Outanim_Q,27737680
"Europe, Central",EUROPE,"Europe, Central",,1965,Outfish_Q,147484.4871
"Europe, Central",EUROPE,"Europe, Central",,1965,Land_Q,53562.44051
"Europe, Central",EUROPE,"Europe, Central",,1965,Labor_Q,21133.56937
"Europe, Central",EUROPE,"Europe, Central",,1965,Capital_Q,97248.51266
"Europe, Central",EUROPE,"Europe, Central",,1965,Machinery_Q,21827.18085
"Europe, Central",EUROPE,"Europe, Central",,1965,Livestock_Q,46316.0809
"Europe, Central",EUROPE,"Europe, Central",,1965,Fertilizer_Q,5292887.533
"Europe, Central",EUROPE,"Europe, Central",,1965,Feed_Q,123157646.7
"Europe, Central",EUROPE,"Europe, Central",,1965,Cropland_Q,50584
"Europe, Central",EUROPE,"Europe, Central",,1965,Pasture_Q,20052
"Europe, Central",EUROPE,"Europe, Central",,1965,IrrigArea_Q,1913
"Europe, Central",EUROPE,"Europe, Central",,1966,TFP_Index,84.65450159
"Europe, Central",EUROPE,"Europe, Central",,1966,Outall_Index,96.74488815
"Europe, Central",EUROPE,"Europe, Central",,1966,Input_Index,114.2820362
"Europe, Central",EUROPE,"Europe, Central",,1966,Land_Index,125.5589992
"Europe, Central",EUROPE,"Europe, Central",,1966,Labor_Index,331.8701119
"Europe, Central",EUROPE,"Europe, Central",,1966,Capital_Index,74.19496544
"Europe, Central",EUROPE,"Europe, Central",,1966,Materials_Index,101.4082736
"Europe, Central",EUROPE,"Europe, Central",,1966,Outall_Q,77573923.72
"Europe, Central",EUROPE,"Europe, Central",,1966,Outcrop_Q,48579382
"Europe, Central",EUROPE,"Europe, Central",,1966,Outanim_Q,28837041
"Europe, Central",EUROPE,"Europe, Central",,1966,Outfish_Q,157500.7231
"Europe, Central",EUROPE,"Europe, Central",,1966,Land_Q,53658.19112
"Europe, Central",EUROPE,"Europe, Central",,1966,Labor_Q,20820.30622
"Europe, Central",EUROPE,"Europe, Central",,1966,Capital_Q,96196.70277
"Europe, Central",EUROPE,"Europe, Central",,1966,Machinery_Q,22853.62205
"Europe, Central",EUROPE,"Europe, Central",,1966,Livestock_Q,46270.193
"Europe, Central",EUROPE,"Europe, Central",,1966,Fertilizer_Q,5867961.558
"Europe, Central",EUROPE,"Europe, Central",,1966,Feed_Q,133873635.6
"Europe, Central",EUROPE,"Europe, Central",,1966,Cropland_Q,50569
"Europe, Central",EUROPE,"Europe, Central",,1966,Pasture_Q,20042
"Europe, Central",EUROPE,"Europe, Central",,1966,IrrigArea_Q,2109
"Europe, Central",EUROPE,"Europe, Central",,1967,TFP_Index,83.08638033
"Europe, Central",EUROPE,"Europe, Central",,1967,Outall_Index,98.51881815
"Europe, Central",EUROPE,"Europe, Central",,1967,Input_Index,118.5739682
"Europe, Central",EUROPE,"Europe, Central",,1967,Land_Index,125.4587636
"Europe, Central",EUROPE,"Europe, Central",,1967,Labor_Index,328.6454445
"Europe, Central",EUROPE,"Europe, Central",,1967,Capital_Index,76.3363768
"Europe, Central",EUROPE,"Europe, Central",,1967,Materials_Index,109.9163486
"Europe, Central",EUROPE,"Europe, Central",,1967,Outall_Q,78996331.8
"Europe, Central",EUROPE,"Europe, Central",,1967,Outcrop_Q,48483574
"Europe, Central",EUROPE,"Europe, Central",,1967,Outanim_Q,30341906
"Europe, Central",EUROPE,"Europe, Central",,1967,Outfish_Q,170851.8024
"Europe, Central",EUROPE,"Europe, Central",,1967,Land_Q,53615.35497
"Europe, Central",EUROPE,"Europe, Central",,1967,Labor_Q,20618.00249
"Europe, Central",EUROPE,"Europe, Central",,1967,Capital_Q,98973.12717
"Europe, Central",EUROPE,"Europe, Central",,1967,Machinery_Q,24107.10562
"Europe, Central",EUROPE,"Europe, Central",,1967,Livestock_Q,47389.9504
"Europe, Central",EUROPE,"Europe, Central",,1967,Fertilizer_Q,6559276.828
"Europe, Central",EUROPE,"Europe, Central",,1967,Feed_Q,142455255.5
"Europe, Central",EUROPE,"Europe, Central",,1967,Cropland_Q,50409
"Europe, Central",EUROPE,"Europe, Central",,1967,Pasture_Q,20088
"Europe, Central",EUROPE,"Europe, Central",,1967,IrrigArea_Q,2307
"Europe, Central",EUROPE,"Europe, Central",,1968,TFP_Index,82.5786008
"Europe, Central",EUROPE,"Europe, Central",,1968,Outall_Index,101.3553968
"Europe, Central",EUROPE,"Europe, Central",,1968,Input_Index,122.7380893
"Europe, Central",EUROPE,"Europe, Central",,1968,Land_Index,125.8240059
"Europe, Central",EUROPE,"Europe, Central",,1968,Labor_Index,325.0821512
"Europe, Central",EUROPE,"Europe, Central",,1968,Capital_Index,78.0825955
"Europe, Central",EUROPE,"Europe, Central",,1968,Materials_Index,118.6135399
"Europe, Central",EUROPE,"Europe, Central",,1968,Outall_Q,81270814.1
"Europe, Central",EUROPE,"Europe, Central",,1968,Outcrop_Q,49422308
"Europe, Central",EUROPE,"Europe, Central",,1968,Outanim_Q,31678189
"Europe, Central",EUROPE,"Europe, Central",,1968,Outfish_Q,170317.1017
"Europe, Central",EUROPE,"Europe, Central",,1968,Land_Q,53771.44288
"Europe, Central",EUROPE,"Europe, Central",,1968,Labor_Q,20394.45461
"Europe, Central",EUROPE,"Europe, Central",,1968,Capital_Q,101237.1687
"Europe, Central",EUROPE,"Europe, Central",,1968,Machinery_Q,25688.42213
"Europe, Central",EUROPE,"Europe, Central",,1968,Livestock_Q,47941.0467
"Europe, Central",EUROPE,"Europe, Central",,1968,Fertilizer_Q,7520742.459
"Europe, Central",EUROPE,"Europe, Central",,1968,Feed_Q,148250051.4
"Europe, Central",EUROPE,"Europe, Central",,1968,Cropland_Q,50394
"Europe, Central",EUROPE,"Europe, Central",,1968,Pasture_Q,20162
"Europe, Central",EUROPE,"Europe, Central",,1968,IrrigArea_Q,2595
"Europe, Central",EUROPE,"Europe, Central",,1969,TFP_Index,82.16180957
"Europe, Central",EUROPE,"Europe, Central",,1969,Outall_Index,101.4459516
"Europe, Central",EUROPE,"Europe, Central",,1969,Input_Index,123.4709314
"Europe, Central",EUROPE,"Europe, Central",,1969,Land_Index,125.4199585
"Europe, Central",EUROPE,"Europe, Central",,1969,Labor_Index,321.6029021
"Europe, Central",EUROPE,"Europe, Central",,1969,Capital_Index,75.50763098
"Europe, Central",EUROPE,"Europe, Central",,1969,Materials_Index,123.8546091
"Europe, Central",EUROPE,"Europe, Central",,1969,Outall_Q,81343424.54
"Europe, Central",EUROPE,"Europe, Central",,1969,Outcrop_Q,49486323
"Europe, Central",EUROPE,"Europe, Central",,1969,Outanim_Q,31675617
"Europe, Central",EUROPE,"Europe, Central",,1969,Outfish_Q,181484.5381
"Europe, Central",EUROPE,"Europe, Central",,1969,Land_Q,53598.77146
"Europe, Central",EUROPE,"Europe, Central",,1969,Labor_Q,20176.17936
"Europe, Central",EUROPE,"Europe, Central",,1969,Capital_Q,97898.62548
"Europe, Central",EUROPE,"Europe, Central",,1969,Machinery_Q,27297.08537
"Europe, Central",EUROPE,"Europe, Central",,1969,Livestock_Q,46549.2951
"Europe, Central",EUROPE,"Europe, Central",,1969,Fertilizer_Q,7823002.885
"Europe, Central",EUROPE,"Europe, Central",,1969,Feed_Q,155156170.2
"Europe, Central",EUROPE,"Europe, Central",,1969,Cropland_Q,50200
"Europe, Central",EUROPE,"Europe, Central",,1969,Pasture_Q,20213
"Europe, Central",EUROPE,"Europe, Central",,1969,IrrigArea_Q,2624
"Europe, Central",EUROPE,"Europe, Central",,1970,TFP_Index,78.63339976
"Europe, Central",EUROPE,"Europe, Central",,1970,Outall_Index,98.57468349
"Europe, Central",EUROPE,"Europe, Central",,1970,Input_Index,125.3598137
"Europe, Central",EUROPE,"Europe, Central",,1970,Land_Index,125.2582871
"Europe, Central",EUROPE,"Europe, Central",,1970,Labor_Index,319.0968242
"Europe, Central",EUROPE,"Europe, Central",,1970,Capital_Index,76.42126848
"Europe, Central",EUROPE,"Europe, Central",,1970,Materials_Index,128.2214303
"Europe, Central",EUROPE,"Europe, Central",,1970,Outall_Q,79041126.86
"Europe, Central",EUROPE,"Europe, Central",,1970,Outcrop_Q,46820494
"Europe, Central",EUROPE,"Europe, Central",,1970,Outanim_Q,32040836
"Europe, Central",EUROPE,"Europe, Central",,1970,Outfish_Q,179796.8638
"Europe, Central",EUROPE,"Europe, Central",,1970,Land_Q,53529.68047
"Europe, Central",EUROPE,"Europe, Central",,1970,Labor_Q,20018.95728
"Europe, Central",EUROPE,"Europe, Central",,1970,Capital_Q,99083.19258
"Europe, Central",EUROPE,"Europe, Central",,1970,Machinery_Q,29550.82274
"Europe, Central",EUROPE,"Europe, Central",,1970,Livestock_Q,45940.4624
"Europe, Central",EUROPE,"Europe, Central",,1970,Fertilizer_Q,8256742.092
"Europe, Central",EUROPE,"Europe, Central",,1970,Feed_Q,158781339.3
"Europe, Central",EUROPE,"Europe, Central",,1970,Cropland_Q,50097
"Europe, Central",EUROPE,"Europe, Central",,1970,Pasture_Q,20210
"Europe, Central",EUROPE,"Europe, Central",,1970,IrrigArea_Q,2684
"Europe, Central",EUROPE,"Europe, Central",,1971,TFP_Index,77.57006586
"Europe, Central",EUROPE,"Europe, Central",,1971,Outall_Index,101.233393
"Europe, Central",EUROPE,"Europe, Central",,1971,Input_Index,130.5057458
"Europe, Central",EUROPE,"Europe, Central",,1971,Land_Index,125.484682
"Europe, Central",EUROPE,"Europe, Central",,1971,Labor_Index,314.6280429
"Europe, Central",EUROPE,"Europe, Central",,1971,Capital_Index,80.23492079
"Europe, Central",EUROPE,"Europe, Central",,1971,Materials_Index,138.2319016
"Europe, Central",EUROPE,"Europe, Central",,1971,Outall_Q,81172986.56
"Europe, Central",EUROPE,"Europe, Central",,1971,Outcrop_Q,47873276
"Europe, Central",EUROPE,"Europe, Central",,1971,Outanim_Q,33112857
"Europe, Central",EUROPE,"Europe, Central",,1971,Outfish_Q,186853.5571
"Europe, Central",EUROPE,"Europe, Central",,1971,Land_Q,53626.43132
"Europe, Central",EUROPE,"Europe, Central",,1971,Labor_Q,19738.60244
"Europe, Central",EUROPE,"Europe, Central",,1971,Capital_Q,104027.7434
"Europe, Central",EUROPE,"Europe, Central",,1971,Machinery_Q,31624.61206
"Europe, Central",EUROPE,"Europe, Central",,1971,Livestock_Q,47834.1362
"Europe, Central",EUROPE,"Europe, Central",,1971,Fertilizer_Q,8948453.119
"Europe, Central",EUROPE,"Europe, Central",,1971,Feed_Q,170638102.1
"Europe, Central",EUROPE,"Europe, Central",,1971,Cropland_Q,49989
"Europe, Central",EUROPE,"Europe, Central",,1971,Pasture_Q,20115
"Europe, Central",EUROPE,"Europe, Central",,1971,IrrigArea_Q,3059
"Europe, Central",EUROPE,"Europe, Central",,1972,TFP_Index,80.03257566
"Europe, Central",EUROPE,"Europe, Central",,1972,Outall_Index,108.025359
"Europe, Central",EUROPE,"Europe, Central",,1972,Input_Index,134.9767368
"Europe, Central",EUROPE,"Europe, Central",,1972,Land_Index,125.4526856
"Europe, Central",EUROPE,"Europe, Central",,1972,Labor_Index,310.2632186
"Europe, Central",EUROPE,"Europe, Central",,1972,Capital_Index,81.08782624
"Europe, Central",EUROPE,"Europe, Central",,1972,Materials_Index,150.501773
"Europe, Central",EUROPE,"Europe, Central",,1972,Outall_Q,86619056.74
"Europe, Central",EUROPE,"Europe, Central",,1972,Outcrop_Q,51678313
"Europe, Central",EUROPE,"Europe, Central",,1972,Outanim_Q,34721812
"Europe, Central",EUROPE,"Europe, Central",,1972,Outfish_Q,218931.7444
"Europe, Central",EUROPE,"Europe, Central",,1972,Land_Q,53612.75753
"Europe, Central",EUROPE,"Europe, Central",,1972,Labor_Q,19464.76947
"Europe, Central",EUROPE,"Europe, Central",,1972,Capital_Q,105133.569
"Europe, Central",EUROPE,"Europe, Central",,1972,Machinery_Q,34039.44791
"Europe, Central",EUROPE,"Europe, Central",,1972,Livestock_Q,48843.1095
"Europe, Central",EUROPE,"Europe, Central",,1972,Fertilizer_Q,9331071.119
"Europe, Central",EUROPE,"Europe, Central",,1972,Feed_Q,190646065.2
"Europe, Central",EUROPE,"Europe, Central",,1972,Cropland_Q,49787
"Europe, Central",EUROPE,"Europe, Central",,1972,Pasture_Q,20130
"Europe, Central",EUROPE,"Europe, Central",,1972,IrrigArea_Q,3387
"Europe, Central",EUROPE,"Europe, Central",,1973,TFP_Index,81.54754968
"Europe, Central",EUROPE,"Europe, Central",,1973,Outall_Index,112.8137272
"Europe, Central",EUROPE,"Europe, Central",,1973,Input_Index,138.3410386
"Europe, Central",EUROPE,"Europe, Central",,1973,Land_Index,125.3305621
"Europe, Central",EUROPE,"Europe, Central",,1973,Labor_Index,306.9655061
"Europe, Central",EUROPE,"Europe, Central",,1973,Capital_Index,82.6519436
"Europe, Central",EUROPE,"Europe, Central",,1973,Materials_Index,159.0366227
"Europe, Central",EUROPE,"Europe, Central",,1973,Outall_Q,90458562.04
"Europe, Central",EUROPE,"Europe, Central",,1973,Outcrop_Q,53984773
"Europe, Central",EUROPE,"Europe, Central",,1973,Outanim_Q,36254011
"Europe, Central",EUROPE,"Europe, Central",,1973,Outfish_Q,219778.043
"Europe, Central",EUROPE,"Europe, Central",,1973,Land_Q,53560.5675
"Europe, Central",EUROPE,"Europe, Central",,1973,Labor_Q,19257.88315
"Europe, Central",EUROPE,"Europe, Central",,1973,Capital_Q,107161.5089
"Europe, Central",EUROPE,"Europe, Central",,1973,Machinery_Q,37010.74668
"Europe, Central",EUROPE,"Europe, Central",,1973,Livestock_Q,50380.7526
"Europe, Central",EUROPE,"Europe, Central",,1973,Fertilizer_Q,10067021.19
"Europe, Central",EUROPE,"Europe, Central",,1973,Feed_Q,198971139.8
"Europe, Central",EUROPE,"Europe, Central",,1973,Cropland_Q,49628
"Europe, Central",EUROPE,"Europe, Central",,1973,Pasture_Q,20060
"Europe, Central",EUROPE,"Europe, Central",,1973,IrrigArea_Q,3586
"Europe, Central",EUROPE,"Europe, Central",,1974,TFP_Index,79.86205242
"Europe, Central",EUROPE,"Europe, Central",,1974,Outall_Index,114.3488106
"Europe, Central",EUROPE,"Europe, Central",,1974,Input_Index,143.18291
"Europe, Central",EUROPE,"Europe, Central",,1974,Land_Index,125.3942895
"Europe, Central",EUROPE,"Europe, Central",,1974,Labor_Index,304.525034
"Europe, Central",EUROPE,"Europe, Central",,1974,Capital_Index,86.83308105
"Europe, Central",EUROPE,"Europe, Central",,1974,Materials_Index,168.648987
"Europe, Central",EUROPE,"Europe, Central",,1974,Outall_Q,91689453.4
"Europe, Central",EUROPE,"Europe, Central",,1974,Outcrop_Q,52665356
"Europe, Central",EUROPE,"Europe, Central",,1974,Outanim_Q,38780822
"Europe, Central",EUROPE,"Europe, Central",,1974,Outfish_Q,243275.4008
"Europe, Central",EUROPE,"Europe, Central",,1974,Land_Q,53587.80171
"Europe, Central",EUROPE,"Europe, Central",,1974,Labor_Q,19104.77693
"Europe, Central",EUROPE,"Europe, Central",,1974,Capital_Q,112582.5188
"Europe, Central",EUROPE,"Europe, Central",,1974,Machinery_Q,40756.75587
"Europe, Central",EUROPE,"Europe, Central",,1974,Livestock_Q,52420.0964
"Europe, Central",EUROPE,"Europe, Central",,1974,Fertilizer_Q,10522097.91
"Europe, Central",EUROPE,"Europe, Central",,1974,Feed_Q,212832184.4
"Europe, Central",EUROPE,"Europe, Central",,1974,Cropland_Q,49546
"Europe, Central",EUROPE,"Europe, Central",,1974,Pasture_Q,20046
"Europe, Central",EUROPE,"Europe, Central",,1974,IrrigArea_Q,3780
"Europe, Central",EUROPE,"Europe, Central",,1975,TFP_Index,79.10094619
"Europe, Central",EUROPE,"Europe, Central",,1975,Outall_Index,113.8609281
"Europe, Central",EUROPE,"Europe, Central",,1975,Input_Index,143.9438258
"Europe, Central",EUROPE,"Europe, Central",,1975,Land_Index,124.9945938
"Europe, Central",EUROPE,"Europe, Central",,1975,Labor_Index,294.7811533
"Europe, Central",EUROPE,"Europe, Central",,1975,Capital_Index,88.84891916
"Europe, Central",EUROPE,"Europe, Central",,1975,Materials_Index,170.247969
"Europe, Central",EUROPE,"Europe, Central",,1975,Outall_Q,91298249.69
"Europe, Central",EUROPE,"Europe, Central",,1975,Outcrop_Q,51293050
"Europe, Central",EUROPE,"Europe, Central",,1975,Outanim_Q,39759130
"Europe, Central",EUROPE,"Europe, Central",,1975,Outfish_Q,246069.6948
"Europe, Central",EUROPE,"Europe, Central",,1975,Land_Q,53416.98997
"Europe, Central",EUROPE,"Europe, Central",,1975,Labor_Q,18493.48181
"Europe, Central",EUROPE,"Europe, Central",,1975,Capital_Q,115196.1325
"Europe, Central",EUROPE,"Europe, Central",,1975,Machinery_Q,43723.35907
"Europe, Central",EUROPE,"Europe, Central",,1975,Livestock_Q,53168.6515
"Europe, Central",EUROPE,"Europe, Central",,1975,Fertilizer_Q,11519210.1
"Europe, Central",EUROPE,"Europe, Central",,1975,Feed_Q,204673285
"Europe, Central",EUROPE,"Europe, Central",,1975,Cropland_Q,49389
"Europe, Central",EUROPE,"Europe, Central",,1975,Pasture_Q,19978
"Europe, Central",EUROPE,"Europe, Central",,1975,IrrigArea_Q,3767
"Europe, Central",EUROPE,"Europe, Central",,1976,TFP_Index,82.93259467
"Europe, Central",EUROPE,"Europe, Central",,1976,Outall_Index,119.9927622
"Europe, Central",EUROPE,"Europe, Central",,1976,Input_Index,144.6870953
"Europe, Central",EUROPE,"Europe, Central",,1976,Land_Index,125.5081868
"Europe, Central",EUROPE,"Europe, Central",,1976,Labor_Index,289.5055431
"Europe, Central",EUROPE,"Europe, Central",,1976,Capital_Index,87.17293872
"Europe, Central",EUROPE,"Europe, Central",,1976,Materials_Index,175.1614809
"Europe, Central",EUROPE,"Europe, Central",,1976,Outall_Q,96214999.71
"Europe, Central",EUROPE,"Europe, Central",,1976,Outcrop_Q,55977405
"Europe, Central",EUROPE,"Europe, Central",,1976,Outanim_Q,39982274
"Europe, Central",EUROPE,"Europe, Central",,1976,Outfish_Q,255320.7129
"Europe, Central",EUROPE,"Europe, Central",,1976,Land_Q,53636.47621
"Europe, Central",EUROPE,"Europe, Central",,1976,Labor_Q,18162.5095
"Europe, Central",EUROPE,"Europe, Central",,1976,Capital_Q,113023.1576
"Europe, Central",EUROPE,"Europe, Central",,1976,Machinery_Q,46671.15801
"Europe, Central",EUROPE,"Europe, Central",,1976,Livestock_Q,52263.0919
"Europe, Central",EUROPE,"Europe, Central",,1976,Fertilizer_Q,11222599.66
"Europe, Central",EUROPE,"Europe, Central",,1976,Feed_Q,217565347.8
"Europe, Central",EUROPE,"Europe, Central",,1976,Cropland_Q,49350
"Europe, Central",EUROPE,"Europe, Central",,1976,Pasture_Q,20145
"Europe, Central",EUROPE,"Europe, Central",,1976,IrrigArea_Q,4193
"Europe, Central",EUROPE,"Europe, Central",,1977,TFP_Index,81.00834782
"Europe, Central",EUROPE,"Europe, Central",,1977,Outall_Index,118.6228456
"Europe, Central",EUROPE,"Europe, Central",,1977,Input_Index,146.4328662
"Europe, Central",EUROPE,"Europe, Central",,1977,Land_Index,125.4069232
"Europe, Central",EUROPE,"Europe, Central",,1977,Labor_Index,284.632184
"Europe, Central",EUROPE,"Europe, Central",,1977,Capital_Index,89.76428221
"Europe, Central",EUROPE,"Europe, Central",,1977,Materials_Index,178.138698
"Europe, Central",EUROPE,"Europe, Central",,1977,Outall_Q,95116545.72
"Europe, Central",EUROPE,"Europe, Central",,1977,Outcrop_Q,53450499
"Europe, Central",EUROPE,"Europe, Central",,1977,Outanim_Q,41402186
"Europe, Central",EUROPE,"Europe, Central",,1977,Outfish_Q,263860.7214
"Europe, Central",EUROPE,"Europe, Central",,1977,Land_Q,53593.20076
"Europe, Central",EUROPE,"Europe, Central",,1977,Labor_Q,17856.77293
"Europe, Central",EUROPE,"Europe, Central",,1977,Capital_Q,116382.9368
"Europe, Central",EUROPE,"Europe, Central",,1977,Machinery_Q,50256.72775
"Europe, Central",EUROPE,"Europe, Central",,1977,Livestock_Q,53204.1923
"Europe, Central",EUROPE,"Europe, Central",,1977,Fertilizer_Q,11508905.02
"Europe, Central",EUROPE,"Europe, Central",,1977,Feed_Q,220162287.5
"Europe, Central",EUROPE,"Europe, Central",,1977,Cropland_Q,49234
"Europe, Central",EUROPE,"Europe, Central",,1977,Pasture_Q,20179
"Europe, Central",EUROPE,"Europe, Central",,1977,IrrigArea_Q,4315
"Europe, Central",EUROPE,"Europe, Central",,1978,TFP_Index,82.01840796
"Europe, Central",EUROPE,"Europe, Central",,1978,Outall_Index,122.5222987
"Europe, Central",EUROPE,"Europe, Central",,1978,Input_Index,149.3839027
"Europe, Central",EUROPE,"Europe, Central",,1978,Land_Index,125.3137416
"Europe, Central",EUROPE,"Europe, Central",,1978,Labor_Index,279.9761035
"Europe, Central",EUROPE,"Europe, Central",,1978,Capital_Index,91.69686883
"Europe, Central",EUROPE,"Europe, Central",,1978,Materials_Index,185.9454989
"Europe, Central",EUROPE,"Europe, Central",,1978,Outall_Q,98243283.33
"Europe, Central",EUROPE,"Europe, Central",,1978,Outcrop_Q,55065713
"Europe, Central",EUROPE,"Europe, Central",,1978,Outanim_Q,42928844
"Europe, Central",EUROPE,"Europe, Central",,1978,Outfish_Q,248726.3277
"Europe, Central",EUROPE,"Europe, Central",,1978,Land_Q,53553.37919
"Europe, Central",EUROPE,"Europe, Central",,1978,Labor_Q,17564.66762
"Europe, Central",EUROPE,"Europe, Central",,1978,Capital_Q,118888.6117
"Europe, Central",EUROPE,"Europe, Central",,1978,Machinery_Q,53725.62908
"Europe, Central",EUROPE,"Europe, Central",,1978,Livestock_Q,53907.3689
"Europe, Central",EUROPE,"Europe, Central",,1978,Fertilizer_Q,12072231.19
"Europe, Central",EUROPE,"Europe, Central",,1978,Feed_Q,229138570.1
"Europe, Central",EUROPE,"Europe, Central",,1978,Cropland_Q,49128
"Europe, Central",EUROPE,"Europe, Central",,1978,Pasture_Q,20204
"Europe, Central",EUROPE,"Europe, Central",,1978,IrrigArea_Q,4427
"Europe, Central",EUROPE,"Europe, Central",,1979,TFP_Index,82.74151549
"Europe, Central",EUROPE,"Europe, Central",,1979,Outall_Index,124.1548016
"Europe, Central",EUROPE,"Europe, Central",,1979,Input_Index,150.0513991
"Europe, Central",EUROPE,"Europe, Central",,1979,Land_Index,125.1235904
"Europe, Central",EUROPE,"Europe, Central",,1979,Labor_Index,275.9692956
"Europe, Central",EUROPE,"Europe, Central",,1979,Capital_Index,92.94380796
"Europe, Central",EUROPE,"Europe, Central",,1979,Materials_Index,187.3509745
"Europe, Central",EUROPE,"Europe, Central",,1979,Outall_Q,99552289.48
"Europe, Central",EUROPE,"Europe, Central",,1979,Outcrop_Q,55178692
"Europe, Central",EUROPE,"Europe, Central",,1979,Outanim_Q,44130420
"Europe, Central",EUROPE,"Europe, Central",,1979,Outfish_Q,243177.4761
"Europe, Central",EUROPE,"Europe, Central",,1979,Land_Q,53472.11722
"Europe, Central",EUROPE,"Europe, Central",,1979,Labor_Q,17313.29528
"Europe, Central",EUROPE,"Europe, Central",,1979,Capital_Q,120505.3175
"Europe, Central",EUROPE,"Europe, Central",,1979,Machinery_Q,57772.27584
"Europe, Central",EUROPE,"Europe, Central",,1979,Livestock_Q,54312.7995
"Europe, Central",EUROPE,"Europe, Central",,1979,Fertilizer_Q,12165055.9
"Europe, Central",EUROPE,"Europe, Central",,1979,Feed_Q,230852622.2
"Europe, Central",EUROPE,"Europe, Central",,1979,Cropland_Q,48884
"Europe, Central",EUROPE,"Europe, Central",,1979,Pasture_Q,20268
"Europe, Central",EUROPE,"Europe, Central",,1979,IrrigArea_Q,4702
"Europe, Central",EUROPE,"Europe, Central",,1980,TFP_Index,78.8641069
"Europe, Central",EUROPE,"Europe, Central",,1980,Outall_Index,115.4636785
"Europe, Central",EUROPE,"Europe, Central",,1980,Input_Index,146.4084018
"Europe, Central",EUROPE,"Europe, Central",,1980,Land_Index,124.6347642
"Europe, Central",EUROPE,"Europe, Central",,1980,Labor_Index,270.9647883
"Europe, Central",EUROPE,"Europe, Central",,1980,Capital_Index,93.05901975
"Europe, Central",EUROPE,"Europe, Central",,1980,Materials_Index,176.8719664
"Europe, Central",EUROPE,"Europe, Central",,1980,Outall_Q,92583399.08
"Europe, Central",EUROPE,"Europe, Central",,1980,Outcrop_Q,49008024
"Europe, Central",EUROPE,"Europe, Central",,1980,Outanim_Q,43328139
"Europe, Central",EUROPE,"Europe, Central",,1980,Outfish_Q,247236.0767
"Europe, Central",EUROPE,"Europe, Central",,1980,Land_Q,53263.21523
"Europe, Central",EUROPE,"Europe, Central",,1980,Labor_Q,16999.33096
"Europe, Central",EUROPE,"Europe, Central",,1980,Capital_Q,120654.6942
"Europe, Central",EUROPE,"Europe, Central",,1980,Machinery_Q,61392.27832
"Europe, Central",EUROPE,"Europe, Central",,1980,Livestock_Q,53981.6698
"Europe, Central",EUROPE,"Europe, Central",,1980,Fertilizer_Q,11654927.55
"Europe, Central",EUROPE,"Europe, Central",,1980,Feed_Q,216029522.4
"Europe, Central",EUROPE,"Europe, Central",,1980,Cropland_Q,48723
"Europe, Central",EUROPE,"Europe, Central",,1980,Pasture_Q,20310
"Europe, Central",EUROPE,"Europe, Central",,1980,IrrigArea_Q,4611
"Europe, Central",EUROPE,"Europe, Central",,1981,TFP_Index,80.6170738
"Europe, Central",EUROPE,"Europe, Central",,1981,Outall_Index,119.7796266
"Europe, Central",EUROPE,"Europe, Central",,1981,Input_Index,148.5784847
"Europe, Central",EUROPE,"Europe, Central",,1981,Land_Index,124.4867149
"Europe, Central",EUROPE,"Europe, Central",,1981,Labor_Index,265.6213297
"Europe, Central",EUROPE,"Europe, Central",,1981,Capital_Index,93.3097898
"Europe, Central",EUROPE,"Europe, Central",,1981,Materials_Index,184.6300931
"Europe, Central",EUROPE,"Europe, Central",,1981,Outall_Q,96044099.04
"Europe, Central",EUROPE,"Europe, Central",,1981,Outcrop_Q,54379634
"Europe, Central",EUROPE,"Europe, Central",,1981,Outanim_Q,41379199
"Europe, Central",EUROPE,"Europe, Central",,1981,Outfish_Q,285266.0432
"Europe, Central",EUROPE,"Europe, Central",,1981,Land_Q,53199.94568
"Europe, Central",EUROPE,"Europe, Central",,1981,Labor_Q,16664.10208
"Europe, Central",EUROPE,"Europe, Central",,1981,Capital_Q,120979.8274
"Europe, Central",EUROPE,"Europe, Central",,1981,Machinery_Q,67002.65787
"Europe, Central",EUROPE,"Europe, Central",,1981,Livestock_Q,53221.2533
"Europe, Central",EUROPE,"Europe, Central",,1981,Fertilizer_Q,12331820.3
"Europe, Central",EUROPE,"Europe, Central",,1981,Feed_Q,223687618.6
"Europe, Central",EUROPE,"Europe, Central",,1981,Cropland_Q,48590
"Europe, Central",EUROPE,"Europe, Central",,1981,Pasture_Q,20288
"Europe, Central",EUROPE,"Europe, Central",,1981,IrrigArea_Q,4737
"Europe, Central",EUROPE,"Europe, Central",,1982,TFP_Index,84.12294608
"Europe, Central",EUROPE,"Europe, Central",,1982,Outall_Index,124.5397325
"Europe, Central",EUROPE,"Europe, Central",,1982,Input_Index,148.0449013
"Europe, Central",EUROPE,"Europe, Central",,1982,Land_Index,124.3747859
"Europe, Central",EUROPE,"Europe, Central",,1982,Labor_Index,260.741215
"Europe, Central",EUROPE,"Europe, Central",,1982,Capital_Index,94.62649914
"Europe, Central",EUROPE,"Europe, Central",,1982,Materials_Index,182.2104905
"Europe, Central",EUROPE,"Europe, Central",,1982,Outall_Q,99860942.44
"Europe, Central",EUROPE,"Europe, Central",,1982,Outcrop_Q,57905499
"Europe, Central",EUROPE,"Europe, Central",,1982,Outanim_Q,41656096
"Europe, Central",EUROPE,"Europe, Central",,1982,Outfish_Q,299347.4358
"Europe, Central",EUROPE,"Europe, Central",,1982,Land_Q,53152.11232
"Europe, Central",EUROPE,"Europe, Central",,1982,Labor_Q,16357.94169
"Europe, Central",EUROPE,"Europe, Central",,1982,Capital_Q,122686.9931
"Europe, Central",EUROPE,"Europe, Central",,1982,Machinery_Q,72731.75166
"Europe, Central",EUROPE,"Europe, Central",,1982,Livestock_Q,53722.0898
"Europe, Central",EUROPE,"Europe, Central",,1982,Fertilizer_Q,12221485.43
"Europe, Central",EUROPE,"Europe, Central",,1982,Feed_Q,220201533.8
"Europe, Central",EUROPE,"Europe, Central",,1982,Cropland_Q,48513
"Europe, Central",EUROPE,"Europe, Central",,1982,Pasture_Q,20277
"Europe, Central",EUROPE,"Europe, Central",,1982,IrrigArea_Q,4790
"Europe, Central",EUROPE,"Europe, Central",,1983,TFP_Index,83.58683399
"Europe, Central",EUROPE,"Europe, Central",,1983,Outall_Index,124.0875709
"Europe, Central",EUROPE,"Europe, Central",,1983,Input_Index,148.4534884
"Europe, Central",EUROPE,"Europe, Central",,1983,Land_Index,124.4945001
"Europe, Central",EUROPE,"Europe, Central",,1983,Labor_Index,255.3415217
"Europe, Central",EUROPE,"Europe, Central",,1983,Capital_Index,94.42124617
"Europe, Central",EUROPE,"Europe, Central",,1983,Materials_Index,184.7287134
"Europe, Central",EUROPE,"Europe, Central",,1983,Outall_Q,99498381.23
"Europe, Central",EUROPE,"Europe, Central",,1983,Outcrop_Q,56409492
"Europe, Central",EUROPE,"Europe, Central",,1983,Outanim_Q,42796498
"Europe, Central",EUROPE,"Europe, Central",,1983,Outfish_Q,292391.2273
"Europe, Central",EUROPE,"Europe, Central",,1983,Land_Q,53203.27275
"Europe, Central",EUROPE,"Europe, Central",,1983,Labor_Q,16019.18486
"Europe, Central",EUROPE,"Europe, Central",,1983,Capital_Q,122420.8745
"Europe, Central",EUROPE,"Europe, Central",,1983,Machinery_Q,78928.82665
"Europe, Central",EUROPE,"Europe, Central",,1983,Livestock_Q,52355.0947
"Europe, Central",EUROPE,"Europe, Central",,1983,Fertilizer_Q,12506255.03
"Europe, Central",EUROPE,"Europe, Central",,1983,Feed_Q,222005011.6
"Europe, Central",EUROPE,"Europe, Central",,1983,Cropland_Q,48480
"Europe, Central",EUROPE,"Europe, Central",,1983,Pasture_Q,20263
"Europe, Central",EUROPE,"Europe, Central",,1983,IrrigArea_Q,4940
"Europe, Central",EUROPE,"Europe, Central",,1984,TFP_Index,86.97751564
"Europe, Central",EUROPE,"Europe, Central",,1984,Outall_Index,131.2993166
"Europe, Central",EUROPE,"Europe, Central",,1984,Input_Index,150.9577684
"Europe, Central",EUROPE,"Europe, Central",,1984,Land_Index,124.8692213
"Europe, Central",EUROPE,"Europe, Central",,1984,Labor_Index,249.7634499
"Europe, Central",EUROPE,"Europe, Central",,1984,Capital_Index,96.84209774
"Europe, Central",EUROPE,"Europe, Central",,1984,Materials_Index,190.4976161
"Europe, Central",EUROPE,"Europe, Central",,1984,Outall_Q,105281047.6
"Europe, Central",EUROPE,"Europe, Central",,1984,Outcrop_Q,60503899
"Europe, Central",EUROPE,"Europe, Central",,1984,Outanim_Q,44481326
"Europe, Central",EUROPE,"Europe, Central",,1984,Outfish_Q,295822.5833
"Europe, Central",EUROPE,"Europe, Central",,1984,Land_Q,53363.41147
"Europe, Central",EUROPE,"Europe, Central",,1984,Labor_Q,15669.23722
"Europe, Central",EUROPE,"Europe, Central",,1984,Capital_Q,125559.6042
"Europe, Central",EUROPE,"Europe, Central",,1984,Machinery_Q,85382.21274
"Europe, Central",EUROPE,"Europe, Central",,1984,Livestock_Q,53770.0753
"Europe, Central",EUROPE,"Europe, Central",,1984,Fertilizer_Q,12499733.96
"Europe, Central",EUROPE,"Europe, Central",,1984,Feed_Q,233262098.2
"Europe, Central",EUROPE,"Europe, Central",,1984,Cropland_Q,48527
"Europe, Central",EUROPE,"Europe, Central",,1984,Pasture_Q,20236
"Europe, Central",EUROPE,"Europe, Central",,1984,IrrigArea_Q,5143
"Europe, Central",EUROPE,"Europe, Central",,1985,TFP_Index,84.09294942
"Europe, Central",EUROPE,"Europe, Central",,1985,Outall_Index,124.7975977
"Europe, Central",EUROPE,"Europe, Central",,1985,Input_Index,148.4043532
"Europe, Central",EUROPE,"Europe, Central",,1985,Land_Index,125.2511824
"Europe, Central",EUROPE,"Europe, Central",,1985,Labor_Index,244.1810173
"Europe, Central",EUROPE,"Europe, Central",,1985,Capital_Index,96.55722709
"Europe, Central",EUROPE,"Europe, Central",,1985,Materials_Index,183.2887289
"Europe, Central",EUROPE,"Europe, Central",,1985,Outall_Q,100067709.1
"Europe, Central",EUROPE,"Europe, Central",,1985,Outcrop_Q,55301820
"Europe, Central",EUROPE,"Europe, Central",,1985,Outanim_Q,44480048
"Europe, Central",EUROPE,"Europe, Central",,1985,Outfish_Q,285841.0944
"Europe, Central",EUROPE,"Europe, Central",,1985,Land_Q,53526.64422
"Europe, Central",EUROPE,"Europe, Central",,1985,Labor_Q,15319.016
"Europe, Central",EUROPE,"Europe, Central",,1985,Capital_Q,125190.2581
"Europe, Central",EUROPE,"Europe, Central",,1985,Machinery_Q,93665.02919
"Europe, Central",EUROPE,"Europe, Central",,1985,Livestock_Q,53583.2652
"Europe, Central",EUROPE,"Europe, Central",,1985,Fertilizer_Q,12127518.98
"Europe, Central",EUROPE,"Europe, Central",,1985,Feed_Q,223316838.7
"Europe, Central",EUROPE,"Europe, Central",,1985,Cropland_Q,48540
"Europe, Central",EUROPE,"Europe, Central",,1985,Pasture_Q,20143
"Europe, Central",EUROPE,"Europe, Central",,1985,IrrigArea_Q,5422
"Europe, Central",EUROPE,"Europe, Central",,1986,TFP_Index,87.81563972
"Europe, Central",EUROPE,"Europe, Central",,1986,Outall_Index,130.0458872
"Europe, Central",EUROPE,"Europe, Central",,1986,Input_Index,148.0896657
"Europe, Central",EUROPE,"Europe, Central",,1986,Land_Index,125.5566142
"Europe, Central",EUROPE,"Europe, Central",,1986,Labor_Index,238.7520119
"Europe, Central",EUROPE,"Europe, Central",,1986,Capital_Index,94.31257064
"Europe, Central",EUROPE,"Europe, Central",,1986,Materials_Index,186.0123726
"Europe, Central",EUROPE,"Europe, Central",,1986,Outall_Q,104275997.7
"Europe, Central",EUROPE,"Europe, Central",,1986,Outcrop_Q,59307466
"Europe, Central",EUROPE,"Europe, Central",,1986,Outanim_Q,44666909
"Europe, Central",EUROPE,"Europe, Central",,1986,Outfish_Q,301622.735
"Europe, Central",EUROPE,"Europe, Central",,1986,Land_Q,53657.17187
"Europe, Central",EUROPE,"Europe, Central",,1986,Labor_Q,14978.42023
"Europe, Central",EUROPE,"Europe, Central",,1986,Capital_Q,122279.9724
"Europe, Central",EUROPE,"Europe, Central",,1986,Machinery_Q,99433.74334
"Europe, Central",EUROPE,"Europe, Central",,1986,Livestock_Q,52152.0499
"Europe, Central",EUROPE,"Europe, Central",,1986,Fertilizer_Q,11991475.64
"Europe, Central",EUROPE,"Europe, Central",,1986,Feed_Q,230192869.5
"Europe, Central",EUROPE,"Europe, Central",,1986,Cropland_Q,48514
"Europe, Central",EUROPE,"Europe, Central",,1986,Pasture_Q,20135
"Europe, Central",EUROPE,"Europe, Central",,1986,IrrigArea_Q,5698
"Europe, Central",EUROPE,"Europe, Central",,1987,TFP_Index,84.74745739
"Europe, Central",EUROPE,"Europe, Central",,1987,Outall_Index,124.5996054
"Europe, Central",EUROPE,"Europe, Central",,1987,Input_Index,147.0245943
"Europe, Central",EUROPE,"Europe, Central",,1987,Land_Index,125.8671638
"Europe, Central",EUROPE,"Europe, Central",,1987,Labor_Index,233.4749956
"Europe, Central",EUROPE,"Europe, Central",,1987,Capital_Index,94.88902402
"Europe, Central",EUROPE,"Europe, Central",,1987,Materials_Index,182.5896188
"Europe, Central",EUROPE,"Europe, Central",,1987,Outall_Q,99908950.95
"Europe, Central",EUROPE,"Europe, Central",,1987,Outcrop_Q,54395433
"Europe, Central",EUROPE,"Europe, Central",,1987,Outanim_Q,45220510
"Europe, Central",EUROPE,"Europe, Central",,1987,Outfish_Q,293007.9512
"Europe, Central",EUROPE,"Europe, Central",,1987,Land_Q,53789.8866
"Europe, Central",EUROPE,"Europe, Central",,1987,Labor_Q,14647.3597
"Europe, Central",EUROPE,"Europe, Central",,1987,Capital_Q,123027.367
"Europe, Central",EUROPE,"Europe, Central",,1987,Machinery_Q,104271.3895
"Europe, Central",EUROPE,"Europe, Central",,1987,Livestock_Q,51881.1412
"Europe, Central",EUROPE,"Europe, Central",,1987,Fertilizer_Q,11514446.66
"Europe, Central",EUROPE,"Europe, Central",,1987,Feed_Q,228954083.9
"Europe, Central",EUROPE,"Europe, Central",,1987,Cropland_Q,48537
"Europe, Central",EUROPE,"Europe, Central",,1987,Pasture_Q,20114
"Europe, Central",EUROPE,"Europe, Central",,1987,IrrigArea_Q,5894
"Europe, Central",EUROPE,"Europe, Central",,1988,TFP_Index,85.98518539
"Europe, Central",EUROPE,"Europe, Central",,1988,Outall_Index,125.9303754
"Europe, Central",EUROPE,"Europe, Central",,1988,Input_Index,146.4558981
"Europe, Central",EUROPE,"Europe, Central",,1988,Land_Index,125.8326063
"Europe, Central",EUROPE,"Europe, Central",,1988,Labor_Index,228.5481346
"Europe, Central",EUROPE,"Europe, Central",,1988,Capital_Index,93.93498054
"Europe, Central",EUROPE,"Europe, Central",,1988,Materials_Index,183.0731153
"Europe, Central",EUROPE,"Europe, Central",,1988,Outall_Q,100976015.6
"Europe, Central",EUROPE,"Europe, Central",,1988,Outcrop_Q,55548441
"Europe, Central",EUROPE,"Europe, Central",,1988,Outanim_Q,45091062
"Europe, Central",EUROPE,"Europe, Central",,1988,Outfish_Q,336512.6414
"Europe, Central",EUROPE,"Europe, Central",,1988,Land_Q,53775.11831
"Europe, Central",EUROPE,"Europe, Central",,1988,Labor_Q,14338.26662
"Europe, Central",EUROPE,"Europe, Central",,1988,Capital_Q,121790.4119
"Europe, Central",EUROPE,"Europe, Central",,1988,Machinery_Q,107784.7464
"Europe, Central",EUROPE,"Europe, Central",,1988,Livestock_Q,51380.9422
"Europe, Central",EUROPE,"Europe, Central",,1988,Fertilizer_Q,11783791.05
"Europe, Central",EUROPE,"Europe, Central",,1988,Feed_Q,226764823.4
"Europe, Central",EUROPE,"Europe, Central",,1988,Cropland_Q,48507
"Europe, Central",EUROPE,"Europe, Central",,1988,Pasture_Q,20070
"Europe, Central",EUROPE,"Europe, Central",,1988,IrrigArea_Q,5928
"Europe, Central",EUROPE,"Europe, Central",,1989,TFP_Index,87.93119354
"Europe, Central",EUROPE,"Europe, Central",,1989,Outall_Index,127.4859813
"Europe, Central",EUROPE,"Europe, Central",,1989,Input_Index,144.9837949
"Europe, Central",EUROPE,"Europe, Central",,1989,Land_Index,124.0739821
"Europe, Central",EUROPE,"Europe, Central",,1989,Labor_Index,223.364797
"Europe, Central",EUROPE,"Europe, Central",,1989,Capital_Index,93.3254771
"Europe, Central",EUROPE,"Europe, Central",,1989,Materials_Index,181.9139441
"Europe, Central",EUROPE,"Europe, Central",,1989,Outall_Q,102223362.7
"Europe, Central",EUROPE,"Europe, Central",,1989,Outcrop_Q,56625153
"Europe, Central",EUROPE,"Europe, Central",,1989,Outanim_Q,45265847
"Europe, Central",EUROPE,"Europe, Central",,1989,Outfish_Q,332362.6839
"Europe, Central",EUROPE,"Europe, Central",,1989,Land_Q,53023.5625
"Europe, Central",EUROPE,"Europe, Central",,1989,Labor_Q,14013.08315
"Europe, Central",EUROPE,"Europe, Central",,1989,Capital_Q,121000.1666
"Europe, Central",EUROPE,"Europe, Central",,1989,Machinery_Q,111067.6256
"Europe, Central",EUROPE,"Europe, Central",,1989,Livestock_Q,50989.2133
"Europe, Central",EUROPE,"Europe, Central",,1989,Fertilizer_Q,11193269.57
"Europe, Central",EUROPE,"Europe, Central",,1989,Feed_Q,231486700.4
"Europe, Central",EUROPE,"Europe, Central",,1989,Cropland_Q,47814
"Europe, Central",EUROPE,"Europe, Central",,1989,Pasture_Q,20368
"Europe, Central",EUROPE,"Europe, Central",,1989,IrrigArea_Q,5776
"Europe, Central",EUROPE,"Europe, Central",,1990,TFP_Index,91.09823148
"Europe, Central",EUROPE,"Europe, Central",,1990,Outall_Index,123.6901815
"Europe, Central",EUROPE,"Europe, Central",,1990,Input_Index,135.77671
"Europe, Central",EUROPE,"Europe, Central",,1990,Land_Index,123.9881259
"Europe, Central",EUROPE,"Europe, Central",,1990,Labor_Index,217.7393124
"Europe, Central",EUROPE,"Europe, Central",,1990,Capital_Index,90.59556388
"Europe, Central",EUROPE,"Europe, Central",,1990,Materials_Index,157.4586015
"Europe, Central",EUROPE,"Europe, Central",,1990,Outall_Q,99179738.49
"Europe, Central",EUROPE,"Europe, Central",,1990,Outcrop_Q,53307688
"Europe, Central",EUROPE,"Europe, Central",,1990,Outanim_Q,45573606
"Europe, Central",EUROPE,"Europe, Central",,1990,Outfish_Q,298444.4903
"Europe, Central",EUROPE,"Europe, Central",,1990,Land_Q,52986.87149
"Europe, Central",EUROPE,"Europe, Central",,1990,Labor_Q,13660.161
"Europe, Central",EUROPE,"Europe, Central",,1990,Capital_Q,117460.7263
"Europe, Central",EUROPE,"Europe, Central",,1990,Machinery_Q,110990.3379
"Europe, Central",EUROPE,"Europe, Central",,1990,Livestock_Q,49250.0387
"Europe, Central",EUROPE,"Europe, Central",,1990,Fertilizer_Q,8256309.301
"Europe, Central",EUROPE,"Europe, Central",,1990,Feed_Q,220492092.8
"Europe, Central",EUROPE,"Europe, Central",,1990,Cropland_Q,47755
"Europe, Central",EUROPE,"Europe, Central",,1990,Pasture_Q,20381
"Europe, Central",EUROPE,"Europe, Central",,1990,IrrigArea_Q,5813
"Europe, Central",EUROPE,"Europe, Central",,1991,TFP_Index,83.91372342
"Europe, Central",EUROPE,"Europe, Central",,1991,Outall_Index,109.2394566
"Europe, Central",EUROPE,"Europe, Central",,1991,Input_Index,130.180681
"Europe, Central",EUROPE,"Europe, Central",,1991,Land_Index,123.2421663
"Europe, Central",EUROPE,"Europe, Central",,1991,Labor_Index,210.2759777
"Europe, Central",EUROPE,"Europe, Central",,1991,Capital_Index,90.01448586
"Europe, Central",EUROPE,"Europe, Central",,1991,Materials_Index,141.3995255
"Europe, Central",EUROPE,"Europe, Central",,1991,Outall_Q,87592568.82
"Europe, Central",EUROPE,"Europe, Central",,1991,Outcrop_Q,53605906
"Europe, Central",EUROPE,"Europe, Central",,1991,Outanim_Q,33724251
"Europe, Central",EUROPE,"Europe, Central",,1991,Outfish_Q,262411.8165
"Europe, Central",EUROPE,"Europe, Central",,1991,Land_Q,52668.08235
"Europe, Central",EUROPE,"Europe, Central",,1991,Labor_Q,13191.93892
"Europe, Central",EUROPE,"Europe, Central",,1991,Capital_Q,116707.3357
"Europe, Central",EUROPE,"Europe, Central",,1991,Machinery_Q,100355.1756
"Europe, Central",EUROPE,"Europe, Central",,1991,Livestock_Q,47059.9079
"Europe, Central",EUROPE,"Europe, Central",,1991,Fertilizer_Q,5124615.299
"Europe, Central",EUROPE,"Europe, Central",,1991,Feed_Q,221561284.7
"Europe, Central",EUROPE,"Europe, Central",,1991,Cropland_Q,47562
"Europe, Central",EUROPE,"Europe, Central",,1991,Pasture_Q,20431
"Europe, Central",EUROPE,"Europe, Central",,1991,IrrigArea_Q,5584
"Europe, Central",EUROPE,"Europe, Central",,1992,TFP_Index,80.64292056
"Europe, Central",EUROPE,"Europe, Central",,1992,Outall_Index,94.33455173
"Europe, Central",EUROPE,"Europe, Central",,1992,Input_Index,116.9780944
"Europe, Central",EUROPE,"Europe, Central",,1992,Land_Index,121.5381429
"Europe, Central",EUROPE,"Europe, Central",,1992,Labor_Index,201.3466954
"Europe, Central",EUROPE,"Europe, Central",,1992,Capital_Index,80.68171412
"Europe, Central",EUROPE,"Europe, Central",,1992,Materials_Index,113.9148969
"Europe, Central",EUROPE,"Europe, Central",,1992,Outall_Q,75641219.5
"Europe, Central",EUROPE,"Europe, Central",,1992,Outcrop_Q,43500629
"Europe, Central",EUROPE,"Europe, Central",,1992,Outanim_Q,31870778
"Europe, Central",EUROPE,"Europe, Central",,1992,Outfish_Q,269812.5014
"Europe, Central",EUROPE,"Europe, Central",,1992,Land_Q,51939.86044
"Europe, Central",EUROPE,"Europe, Central",,1992,Labor_Q,12631.7487
"Europe, Central",EUROPE,"Europe, Central",,1992,Capital_Q,104607.0286
"Europe, Central",EUROPE,"Europe, Central",,1992,Machinery_Q,89747.86348
"Europe, Central",EUROPE,"Europe, Central",,1992,Livestock_Q,42209.065
"Europe, Central",EUROPE,"Europe, Central",,1992,Fertilizer_Q,4554024.812
"Europe, Central",EUROPE,"Europe, Central",,1992,Feed_Q,173245017.7
"Europe, Central",EUROPE,"Europe, Central",,1992,Cropland_Q,46990
"Europe, Central",EUROPE,"Europe, Central",,1992,Pasture_Q,19353
"Europe, Central",EUROPE,"Europe, Central",,1992,IrrigArea_Q,5488
"Europe, Central",EUROPE,"Europe, Central",,1993,TFP_Index,90.69540094
"Europe, Central",EUROPE,"Europe, Central",,1993,Outall_Index,102.2994885
"Europe, Central",EUROPE,"Europe, Central",,1993,Input_Index,112.7945711
"Europe, Central",EUROPE,"Europe, Central",,1993,Land_Index,120.8471023
"Europe, Central",EUROPE,"Europe, Central",,1993,Labor_Index,195.7897682
"Europe, Central",EUROPE,"Europe, Central",,1993,Capital_Index,76.07061399
"Europe, Central",EUROPE,"Europe, Central",,1993,Materials_Index,108.970786
"Europe, Central",EUROPE,"Europe, Central",,1993,Outall_Q,82027824.6
"Europe, Central",EUROPE,"Europe, Central",,1993,Outcrop_Q,48366569
"Europe, Central",EUROPE,"Europe, Central",,1993,Outanim_Q,33449989
"Europe, Central",EUROPE,"Europe, Central",,1993,Outfish_Q,211266.5961
"Europe, Central",EUROPE,"Europe, Central",,1993,Land_Q,51644.54123
"Europe, Central",EUROPE,"Europe, Central",,1993,Labor_Q,12283.12759
"Europe, Central",EUROPE,"Europe, Central",,1993,Capital_Q,98628.55519
"Europe, Central",EUROPE,"Europe, Central",,1993,Machinery_Q,90021.74472
"Europe, Central",EUROPE,"Europe, Central",,1993,Livestock_Q,38248.9433
"Europe, Central",EUROPE,"Europe, Central",,1993,Fertilizer_Q,4537931.628
"Europe, Central",EUROPE,"Europe, Central",,1993,Feed_Q,163679133.6
"Europe, Central",EUROPE,"Europe, Central",,1993,Cropland_Q,46759
"Europe, Central",EUROPE,"Europe, Central",,1993,Pasture_Q,19378
"Europe, Central",EUROPE,"Europe, Central",,1993,IrrigArea_Q,5371
"Europe, Central",EUROPE,"Europe, Central",,1994,TFP_Index,84.15556904
"Europe, Central",EUROPE,"Europe, Central",,1994,Outall_Index,95.07722744
"Europe, Central",EUROPE,"Europe, Central",,1994,Input_Index,112.977939
"Europe, Central",EUROPE,"Europe, Central",,1994,Land_Index,120.3134218
"Europe, Central",EUROPE,"Europe, Central",,1994,Labor_Index,191.6004703
"Europe, Central",EUROPE,"Europe, Central",,1994,Capital_Index,73.81712628
"Europe, Central",EUROPE,"Europe, Central",,1994,Materials_Index,114.6234684
"Europe, Central",EUROPE,"Europe, Central",,1994,Outall_Q,76236726.61
"Europe, Central",EUROPE,"Europe, Central",,1994,Outcrop_Q,44510892
"Europe, Central",EUROPE,"Europe, Central",,1994,Outanim_Q,31508323
"Europe, Central",EUROPE,"Europe, Central",,1994,Outfish_Q,217511.6089
"Europe, Central",EUROPE,"Europe, Central",,1994,Land_Q,51416.47053
"Europe, Central",EUROPE,"Europe, Central",,1994,Labor_Q,12020.3065
"Europe, Central",EUROPE,"Europe, Central",,1994,Capital_Q,95706.81938
"Europe, Central",EUROPE,"Europe, Central",,1994,Machinery_Q,97898.0307
"Europe, Central",EUROPE,"Europe, Central",,1994,Livestock_Q,36572.2947
"Europe, Central",EUROPE,"Europe, Central",,1994,Fertilizer_Q,4618040.231
"Europe, Central",EUROPE,"Europe, Central",,1994,Feed_Q,173911515.7
"Europe, Central",EUROPE,"Europe, Central",,1994,Cropland_Q,46653
"Europe, Central",EUROPE,"Europe, Central",,1994,Pasture_Q,19528
"Europe, Central",EUROPE,"Europe, Central",,1994,IrrigArea_Q,5132
"Europe, Central",EUROPE,"Europe, Central",,1995,TFP_Index,87.30709717
"Europe, Central",EUROPE,"Europe, Central",,1995,Outall_Index,99.55124691
"Europe, Central",EUROPE,"Europe, Central",,1995,Input_Index,114.0242319
"Europe, Central",EUROPE,"Europe, Central",,1995,Land_Index,120.0243825
"Europe, Central",EUROPE,"Europe, Central",,1995,Labor_Index,190.5568123
"Europe, Central",EUROPE,"Europe, Central",,1995,Capital_Index,71.41471605
"Europe, Central",EUROPE,"Europe, Central",,1995,Materials_Index,122.5556148
"Europe, Central",EUROPE,"Europe, Central",,1995,Outall_Q,79824174.5
"Europe, Central",EUROPE,"Europe, Central",,1995,Outcrop_Q,48097138
"Europe, Central",EUROPE,"Europe, Central",,1995,Outanim_Q,31514907
"Europe, Central",EUROPE,"Europe, Central",,1995,Outfish_Q,212129.5031
"Europe, Central",EUROPE,"Europe, Central",,1995,Land_Q,51292.94829
"Europe, Central",EUROPE,"Europe, Central",,1995,Labor_Q,11954.83125
"Europe, Central",EUROPE,"Europe, Central",,1995,Capital_Q,92591.99964
"Europe, Central",EUROPE,"Europe, Central",,1995,Machinery_Q,97699.32703
"Europe, Central",EUROPE,"Europe, Central",,1995,Livestock_Q,35118.7199
"Europe, Central",EUROPE,"Europe, Central",,1995,Fertilizer_Q,4628217.1
"Europe, Central",EUROPE,"Europe, Central",,1995,Feed_Q,189644955.2
"Europe, Central",EUROPE,"Europe, Central",,1995,Cropland_Q,46579
"Europe, Central",EUROPE,"Europe, Central",,1995,Pasture_Q,19577
"Europe, Central",EUROPE,"Europe, Central",,1995,IrrigArea_Q,5037
"Europe, Central",EUROPE,"Europe, Central",,1996,TFP_Index,86.92117377
"Europe, Central",EUROPE,"Europe, Central",,1996,Outall_Index,99.08896076
"Europe, Central",EUROPE,"Europe, Central",,1996,Input_Index,113.9986455
"Europe, Central",EUROPE,"Europe, Central",,1996,Land_Index,119.3882328
"Europe, Central",EUROPE,"Europe, Central",,1996,Labor_Index,183.4855604
"Europe, Central",EUROPE,"Europe, Central",,1996,Capital_Index,74.55716496
"Europe, Central",EUROPE,"Europe, Central",,1996,Materials_Index,120.9828592
"Europe, Central",EUROPE,"Europe, Central",,1996,Outall_Q,79453494.96
"Europe, Central",EUROPE,"Europe, Central",,1996,Outcrop_Q,47445647
"Europe, Central",EUROPE,"Europe, Central",,1996,Outanim_Q,31809971
"Europe, Central",EUROPE,"Europe, Central",,1996,Outfish_Q,197876.963
"Europe, Central",EUROPE,"Europe, Central",,1996,Land_Q,51021.08692
"Europe, Central",EUROPE,"Europe, Central",,1996,Labor_Q,11511.207
"Europe, Central",EUROPE,"Europe, Central",,1996,Capital_Q,96666.30875
"Europe, Central",EUROPE,"Europe, Central",,1996,Machinery_Q,97542.78318
"Europe, Central",EUROPE,"Europe, Central",,1996,Livestock_Q,34635.3157
"Europe, Central",EUROPE,"Europe, Central",,1996,Fertilizer_Q,4994936.66
"Europe, Central",EUROPE,"Europe, Central",,1996,Feed_Q,182198947.3
"Europe, Central",EUROPE,"Europe, Central",,1996,Cropland_Q,46381
"Europe, Central",EUROPE,"Europe, Central",,1996,Pasture_Q,19186
"Europe, Central",EUROPE,"Europe, Central",,1996,IrrigArea_Q,4972
"Europe, Central",EUROPE,"Europe, Central",,1997,TFP_Index,85.81005911
"Europe, Central",EUROPE,"Europe, Central",,1997,Outall_Index,99.47663255
"Europe, Central",EUROPE,"Europe, Central",,1997,Input_Index,115.9265401
"Europe, Central",EUROPE,"Europe, Central",,1997,Land_Index,119.3158536
"Europe, Central",EUROPE,"Europe, Central",,1997,Labor_Index,185.878449
"Europe, Central",EUROPE,"Europe, Central",,1997,Capital_Index,76.08454121
"Europe, Central",EUROPE,"Europe, Central",,1997,Materials_Index,124.5716663
"Europe, Central",EUROPE,"Europe, Central",,1997,Outall_Q,79764345.72
"Europe, Central",EUROPE,"Europe, Central",,1997,Outcrop_Q,48259637
"Europe, Central",EUROPE,"Europe, Central",,1997,Outanim_Q,31300388
"Europe, Central",EUROPE,"Europe, Central",,1997,Outfish_Q,204320.7249
"Europe, Central",EUROPE,"Europe, Central",,1997,Land_Q,50990.15534
"Europe, Central",EUROPE,"Europe, Central",,1997,Labor_Q,11661.328
"Europe, Central",EUROPE,"Europe, Central",,1997,Capital_Q,98646.61238
"Europe, Central",EUROPE,"Europe, Central",,1997,Machinery_Q,97371.52748
"Europe, Central",EUROPE,"Europe, Central",,1997,Livestock_Q,34219.7822
"Europe, Central",EUROPE,"Europe, Central",,1997,Fertilizer_Q,5029479.483
"Europe, Central",EUROPE,"Europe, Central",,1997,Feed_Q,188883573.1
"Europe, Central",EUROPE,"Europe, Central",,1997,Cropland_Q,46422
"Europe, Central",EUROPE,"Europe, Central",,1997,Pasture_Q,19158
"Europe, Central",EUROPE,"Europe, Central",,1997,IrrigArea_Q,4850.4
"Europe, Central",EUROPE,"Europe, Central",,1998,TFP_Index,87.06222705
"Europe, Central",EUROPE,"Europe, Central",,1998,Outall_Index,100.3895606
"Europe, Central",EUROPE,"Europe, Central",,1998,Input_Index,115.3078253
"Europe, Central",EUROPE,"Europe, Central",,1998,Land_Index,118.0256205
"Europe, Central",EUROPE,"Europe, Central",,1998,Labor_Index,184.9811218
"Europe, Central",EUROPE,"Europe, Central",,1998,Capital_Index,76.94941032
"Europe, Central",EUROPE,"Europe, Central",,1998,Materials_Index,122.4734105
"Europe, Central",EUROPE,"Europe, Central",,1998,Outall_Q,80496368
"Europe, Central",EUROPE,"Europe, Central",,1998,Outcrop_Q,48405718
"Europe, Central",EUROPE,"Europe, Central",,1998,Outanim_Q,31877491
"Europe, Central",EUROPE,"Europe, Central",,1998,Outfish_Q,213159.0032
"Europe, Central",EUROPE,"Europe, Central",,1998,Land_Q,50438.76854
"Europe, Central",EUROPE,"Europe, Central",,1998,Labor_Q,11605.033
"Europe, Central",EUROPE,"Europe, Central",,1998,Capital_Q,99767.94934
"Europe, Central",EUROPE,"Europe, Central",,1998,Machinery_Q,97653.131
"Europe, Central",EUROPE,"Europe, Central",,1998,Livestock_Q,32933.1479
"Europe, Central",EUROPE,"Europe, Central",,1998,Fertilizer_Q,4710471.744
"Europe, Central",EUROPE,"Europe, Central",,1998,Feed_Q,188465880.4
"Europe, Central",EUROPE,"Europe, Central",,1998,Cropland_Q,45877
"Europe, Central",EUROPE,"Europe, Central",,1998,Pasture_Q,19187
"Europe, Central",EUROPE,"Europe, Central",,1998,IrrigArea_Q,4834.4
"Europe, Central",EUROPE,"Europe, Central",,1999,TFP_Index,85.11479514
"Europe, Central",EUROPE,"Europe, Central",,1999,Outall_Index,97.35368634
"Europe, Central",EUROPE,"Europe, Central",,1999,Input_Index,114.3792759
"Europe, Central",EUROPE,"Europe, Central",,1999,Land_Index,117.1395617
"Europe, Central",EUROPE,"Europe, Central",,1999,Labor_Index,180.5017541
"Europe, Central",EUROPE,"Europe, Central",,1999,Capital_Index,77.91828936
"Europe, Central",EUROPE,"Europe, Central",,1999,Materials_Index,120.3695677
"Europe, Central",EUROPE,"Europe, Central",,1999,Outall_Q,78062082.48
"Europe, Central",EUROPE,"Europe, Central",,1999,Outcrop_Q,46295556
"Europe, Central",EUROPE,"Europe, Central",,1999,Outanim_Q,31518734
"Europe, Central",EUROPE,"Europe, Central",,1999,Outfish_Q,247792.4782
"Europe, Central",EUROPE,"Europe, Central",,1999,Land_Q,50060.10741
"Europe, Central",EUROPE,"Europe, Central",,1999,Labor_Q,11324.014
"Europe, Central",EUROPE,"Europe, Central",,1999,Capital_Q,101024.1393
"Europe, Central",EUROPE,"Europe, Central",,1999,Machinery_Q,96482.91888
"Europe, Central",EUROPE,"Europe, Central",,1999,Livestock_Q,32452.6518
"Europe, Central",EUROPE,"Europe, Central",,1999,Fertilizer_Q,4481106.664
"Europe, Central",EUROPE,"Europe, Central",,1999,Feed_Q,187074834.4
"Europe, Central",EUROPE,"Europe, Central",,1999,Cropland_Q,45582
"Europe, Central",EUROPE,"Europe, Central",,1999,Pasture_Q,18888
"Europe, Central",EUROPE,"Europe, Central",,1999,IrrigArea_Q,4737
"Europe, Central",EUROPE,"Europe, Central",,2000,TFP_Index,82.68044972
"Europe, Central",EUROPE,"Europe, Central",,2000,Outall_Index,90.64972013
"Europe, Central",EUROPE,"Europe, Central",,2000,Input_Index,109.6386394
"Europe, Central",EUROPE,"Europe, Central",,2000,Land_Index,115.5288584
"Europe, Central",EUROPE,"Europe, Central",,2000,Labor_Index,174.0532237
"Europe, Central",EUROPE,"Europe, Central",,2000,Capital_Index,78.00293486
"Europe, Central",EUROPE,"Europe, Central",,2000,Materials_Index,107.9975482
"Europe, Central",EUROPE,"Europe, Central",,2000,Outall_Q,72686574.03
"Europe, Central",EUROPE,"Europe, Central",,2000,Outcrop_Q,41950401
"Europe, Central",EUROPE,"Europe, Central",,2000,Outanim_Q,30484454
"Europe, Central",EUROPE,"Europe, Central",,2000,Outfish_Q,251719.0333
"Europe, Central",EUROPE,"Europe, Central",,2000,Land_Q,49371.76629
"Europe, Central",EUROPE,"Europe, Central",,2000,Labor_Q,10919.457
"Europe, Central",EUROPE,"Europe, Central",,2000,Capital_Q,101133.8855
"Europe, Central",EUROPE,"Europe, Central",,2000,Machinery_Q,97951.25778
"Europe, Central",EUROPE,"Europe, Central",,2000,Livestock_Q,30583.7575
"Europe, Central",EUROPE,"Europe, Central",,2000,Fertilizer_Q,4696571.264
"Europe, Central",EUROPE,"Europe, Central",,2000,Feed_Q,160091974.5
"Europe, Central",EUROPE,"Europe, Central",,2000,Cropland_Q,44962
"Europe, Central",EUROPE,"Europe, Central",,2000,Pasture_Q,18247
"Europe, Central",EUROPE,"Europe, Central",,2000,IrrigArea_Q,4723
"Europe, Central",EUROPE,"Europe, Central",,2001,TFP_Index,85.80101336
"Europe, Central",EUROPE,"Europe, Central",,2001,Outall_Index,96.32250875
"Europe, Central",EUROPE,"Europe, Central",,2001,Input_Index,112.2626703
"Europe, Central",EUROPE,"Europe, Central",,2001,Land_Index,114.1820322
"Europe, Central",EUROPE,"Europe, Central",,2001,Labor_Index,167.9203957
"Europe, Central",EUROPE,"Europe, Central",,2001,Capital_Index,78.97732759
"Europe, Central",EUROPE,"Europe, Central",,2001,Materials_Index,119.2317218
"Europe, Central",EUROPE,"Europe, Central",,2001,Outall_Q,77235243.01
"Europe, Central",EUROPE,"Europe, Central",,2001,Outcrop_Q,47504378
"Europe, Central",EUROPE,"Europe, Central",,2001,Outanim_Q,29468291
"Europe, Central",EUROPE,"Europe, Central",,2001,Outfish_Q,262574.0118
"Europe, Central",EUROPE,"Europe, Central",,2001,Land_Q,48796.19416
"Europe, Central",EUROPE,"Europe, Central",,2001,Labor_Q,10534.706
"Europe, Central",EUROPE,"Europe, Central",,2001,Capital_Q,102397.2242
"Europe, Central",EUROPE,"Europe, Central",,2001,Machinery_Q,97758.39512
"Europe, Central",EUROPE,"Europe, Central",,2001,Livestock_Q,29443.727
"Europe, Central",EUROPE,"Europe, Central",,2001,Fertilizer_Q,4807316.361
"Europe, Central",EUROPE,"Europe, Central",,2001,Feed_Q,180861935.2
"Europe, Central",EUROPE,"Europe, Central",,2001,Cropland_Q,44357
"Europe, Central",EUROPE,"Europe, Central",,2001,Pasture_Q,17912
"Europe, Central",EUROPE,"Europe, Central",,2001,IrrigArea_Q,4830
"Europe, Central",EUROPE,"Europe, Central",,2002,TFP_Index,85.90635438
"Europe, Central",EUROPE,"Europe, Central",,2002,Outall_Index,92.60342388
"Europe, Central",EUROPE,"Europe, Central",,2002,Input_Index,107.795779
"Europe, Central",EUROPE,"Europe, Central",,2002,Land_Index,110.9779751
"Europe, Central",EUROPE,"Europe, Central",,2002,Labor_Index,144.0211259
"Europe, Central",EUROPE,"Europe, Central",,2002,Capital_Index,79.6695237
"Europe, Central",EUROPE,"Europe, Central",,2002,Materials_Index,116.3540861
"Europe, Central",EUROPE,"Europe, Central",,2002,Outall_Q,74253131.9
"Europe, Central",EUROPE,"Europe, Central",,2002,Outcrop_Q,43539469
"Europe, Central",EUROPE,"Europe, Central",,2002,Outanim_Q,30454292
"Europe, Central",EUROPE,"Europe, Central",,2002,Outfish_Q,259370.899
"Europe, Central",EUROPE,"Europe, Central",,2002,Land_Q,47426.92627
"Europe, Central",EUROPE,"Europe, Central",,2002,Labor_Q,9035.354
"Europe, Central",EUROPE,"Europe, Central",,2002,Capital_Q,103294.6838
"Europe, Central",EUROPE,"Europe, Central",,2002,Machinery_Q,97431.20234
"Europe, Central",EUROPE,"Europe, Central",,2002,Livestock_Q,30218.1297
"Europe, Central",EUROPE,"Europe, Central",,2002,Fertilizer_Q,4939563.843
"Europe, Central",EUROPE,"Europe, Central",,2002,Feed_Q,173748394.5
"Europe, Central",EUROPE,"Europe, Central",,2002,Cropland_Q,43001.21
"Europe, Central",EUROPE,"Europe, Central",,2002,Pasture_Q,17648
"Europe, Central",EUROPE,"Europe, Central",,2002,IrrigArea_Q,4850
"Europe, Central",EUROPE,"Europe, Central",,2003,TFP_Index,84.9705831
"Europe, Central",EUROPE,"Europe, Central",,2003,Outall_Index,89.66694881
"Europe, Central",EUROPE,"Europe, Central",,2003,Input_Index,105.5270489
"Europe, Central",EUROPE,"Europe, Central",,2003,Land_Index,109.228036
"Europe, Central",EUROPE,"Europe, Central",,2003,Labor_Index,137.3685829
"Europe, Central",EUROPE,"Europe, Central",,2003,Capital_Index,79.69036981
"Europe, Central",EUROPE,"Europe, Central",,2003,Materials_Index,113.027034
"Europe, Central",EUROPE,"Europe, Central",,2003,Outall_Q,71898548.65
"Europe, Central",EUROPE,"Europe, Central",,2003,Outcrop_Q,40618525
"Europe, Central",EUROPE,"Europe, Central",,2003,Outanim_Q,30994560
"Europe, Central",EUROPE,"Europe, Central",,2003,Outfish_Q,285463.6516
"Europe, Central",EUROPE,"Europe, Central",,2003,Land_Q,46679.08209
"Europe, Central",EUROPE,"Europe, Central",,2003,Labor_Q,8617.998
"Europe, Central",EUROPE,"Europe, Central",,2003,Capital_Q,103321.7116
"Europe, Central",EUROPE,"Europe, Central",,2003,Machinery_Q,97452.82158
"Europe, Central",EUROPE,"Europe, Central",,2003,Livestock_Q,29999.497
"Europe, Central",EUROPE,"Europe, Central",,2003,Fertilizer_Q,5228208.123
"Europe, Central",EUROPE,"Europe, Central",,2003,Feed_Q,164429753
"Europe, Central",EUROPE,"Europe, Central",,2003,Cropland_Q,42497.38
"Europe, Central",EUROPE,"Europe, Central",,2003,Pasture_Q,17459
"Europe, Central",EUROPE,"Europe, Central",,2003,IrrigArea_Q,4453
"Europe, Central",EUROPE,"Europe, Central",,2004,TFP_Index,96.11640016
"Europe, Central",EUROPE,"Europe, Central",,2004,Outall_Index,103.4133735
"Europe, Central",EUROPE,"Europe, Central",,2004,Input_Index,107.5918088
"Europe, Central",EUROPE,"Europe, Central",,2004,Land_Index,107.9031128
"Europe, Central",EUROPE,"Europe, Central",,2004,Labor_Index,127.7692456
"Europe, Central",EUROPE,"Europe, Central",,2004,Capital_Index,81.09477074
"Europe, Central",EUROPE,"Europe, Central",,2004,Materials_Index,125.3548996
"Europe, Central",EUROPE,"Europe, Central",,2004,Outall_Q,82920982.18
"Europe, Central",EUROPE,"Europe, Central",,2004,Outcrop_Q,52359918
"Europe, Central",EUROPE,"Europe, Central",,2004,Outanim_Q,30251766
"Europe, Central",EUROPE,"Europe, Central",,2004,Outfish_Q,309298.1825
"Europe, Central",EUROPE,"Europe, Central",,2004,Land_Q,46112.87033
"Europe, Central",EUROPE,"Europe, Central",,2004,Labor_Q,8015.771
"Europe, Central",EUROPE,"Europe, Central",,2004,Capital_Q,105142.5728
"Europe, Central",EUROPE,"Europe, Central",,2004,Machinery_Q,97466.46924
"Europe, Central",EUROPE,"Europe, Central",,2004,Livestock_Q,29282.4927
"Europe, Central",EUROPE,"Europe, Central",,2004,Fertilizer_Q,5239160.979
"Europe, Central",EUROPE,"Europe, Central",,2004,Feed_Q,188081439.8
"Europe, Central",EUROPE,"Europe, Central",,2004,Cropland_Q,41997.68
"Europe, Central",EUROPE,"Europe, Central",,2004,Pasture_Q,17031
"Europe, Central",EUROPE,"Europe, Central",,2004,IrrigArea_Q,4407
"Europe, Central",EUROPE,"Europe, Central",,2005,TFP_Index,90.32370398
"Europe, Central",EUROPE,"Europe, Central",,2005,Outall_Index,94.84420775
"Europe, Central",EUROPE,"Europe, Central",,2005,Input_Index,105.0047812
"Europe, Central",EUROPE,"Europe, Central",,2005,Land_Index,106.9433079
"Europe, Central",EUROPE,"Europe, Central",,2005,Labor_Index,123.6790943
"Europe, Central",EUROPE,"Europe, Central",,2005,Capital_Index,81.75366317
"Europe, Central",EUROPE,"Europe, Central",,2005,Materials_Index,117.9102111
"Europe, Central",EUROPE,"Europe, Central",,2005,Outall_Q,76049882.1
"Europe, Central",EUROPE,"Europe, Central",,2005,Outcrop_Q,45355177
"Europe, Central",EUROPE,"Europe, Central",,2005,Outanim_Q,30368218
"Europe, Central",EUROPE,"Europe, Central",,2005,Outfish_Q,326487.1003
"Europe, Central",EUROPE,"Europe, Central",,2005,Land_Q,45702.69345
"Europe, Central",EUROPE,"Europe, Central",,2005,Labor_Q,7759.17
"Europe, Central",EUROPE,"Europe, Central",,2005,Capital_Q,105996.8529
"Europe, Central",EUROPE,"Europe, Central",,2005,Machinery_Q,102979.8169
"Europe, Central",EUROPE,"Europe, Central",,2005,Livestock_Q,29050.4279
"Europe, Central",EUROPE,"Europe, Central",,2005,Fertilizer_Q,5497199.015
"Europe, Central",EUROPE,"Europe, Central",,2005,Feed_Q,171123151.9
"Europe, Central",EUROPE,"Europe, Central",,2005,Cropland_Q,41588.75
"Europe, Central",EUROPE,"Europe, Central",,2005,Pasture_Q,16944
"Europe, Central",EUROPE,"Europe, Central",,2005,IrrigArea_Q,4419.25
"Europe, Central",EUROPE,"Europe, Central",,2006,TFP_Index,93.74634
"Europe, Central",EUROPE,"Europe, Central",,2006,Outall_Index,94.82202634
"Europe, Central",EUROPE,"Europe, Central",,2006,Input_Index,101.1474436
"Europe, Central",EUROPE,"Europe, Central",,2006,Land_Index,104.7911554
"Europe, Central",EUROPE,"Europe, Central",,2006,Labor_Index,119.4134944
"Europe, Central",EUROPE,"Europe, Central",,2006,Capital_Index,83.79257188
"Europe, Central",EUROPE,"Europe, Central",,2006,Materials_Index,105.6351638
"Europe, Central",EUROPE,"Europe, Central",,2006,Outall_Q,76032096.15
"Europe, Central",EUROPE,"Europe, Central",,2006,Outcrop_Q,43680100
"Europe, Central",EUROPE,"Europe, Central",,2006,Outanim_Q,31988797
"Europe, Central",EUROPE,"Europe, Central",,2006,Outfish_Q,363199.1547
"Europe, Central",EUROPE,"Europe, Central",,2006,Land_Q,44782.96161
"Europe, Central",EUROPE,"Europe, Central",,2006,Labor_Q,7491.562
"Europe, Central",EUROPE,"Europe, Central",,2006,Capital_Q,108640.3785
"Europe, Central",EUROPE,"Europe, Central",,2006,Machinery_Q,104243.7208
"Europe, Central",EUROPE,"Europe, Central",,2006,Livestock_Q,29368.0034
"Europe, Central",EUROPE,"Europe, Central",,2006,Fertilizer_Q,5488594.453
"Europe, Central",EUROPE,"Europe, Central",,2006,Feed_Q,148334600.7
"Europe, Central",EUROPE,"Europe, Central",,2006,Cropland_Q,40781.46
"Europe, Central",EUROPE,"Europe, Central",,2006,Pasture_Q,15994
"Europe, Central",EUROPE,"Europe, Central",,2006,IrrigArea_Q,4378.8
"Europe, Central",EUROPE,"Europe, Central",,2007,TFP_Index,87.60267328
"Europe, Central",EUROPE,"Europe, Central",,2007,Outall_Index,90.63308066
"Europe, Central",EUROPE,"Europe, Central",,2007,Input_Index,103.4592636
"Europe, Central",EUROPE,"Europe, Central",,2007,Land_Index,102.5561857
"Europe, Central",EUROPE,"Europe, Central",,2007,Labor_Index,117.3550054
"Europe, Central",EUROPE,"Europe, Central",,2007,Capital_Index,87.44986667
"Europe, Central",EUROPE,"Europe, Central",,2007,Materials_Index,112.5039102
"Europe, Central",EUROPE,"Europe, Central",,2007,Outall_Q,72673231.84
"Europe, Central",EUROPE,"Europe, Central",,2007,Outcrop_Q,39609994
"Europe, Central",EUROPE,"Europe, Central",,2007,Outanim_Q,32695918
"Europe, Central",EUROPE,"Europe, Central",,2007,Outfish_Q,367319.8363
"Europe, Central",EUROPE,"Europe, Central",,2007,Land_Q,43827.83749
"Europe, Central",EUROPE,"Europe, Central",,2007,Labor_Q,7362.42
"Europe, Central",EUROPE,"Europe, Central",,2007,Capital_Q,113382.2057
"Europe, Central",EUROPE,"Europe, Central",,2007,Machinery_Q,105701.0105
"Europe, Central",EUROPE,"Europe, Central",,2007,Livestock_Q,29378.9842
"Europe, Central",EUROPE,"Europe, Central",,2007,Fertilizer_Q,5969461.905
"Europe, Central",EUROPE,"Europe, Central",,2007,Feed_Q,156973905.4
"Europe, Central",EUROPE,"Europe, Central",,2007,Cropland_Q,39876.26
"Europe, Central",EUROPE,"Europe, Central",,2007,Pasture_Q,15803
"Europe, Central",EUROPE,"Europe, Central",,2007,IrrigArea_Q,4322.78
"Europe, Central",EUROPE,"Europe, Central",,2008,TFP_Index,95.5940953
"Europe, Central",EUROPE,"Europe, Central",,2008,Outall_Index,99.90848408
"Europe, Central",EUROPE,"Europe, Central",,2008,Input_Index,104.5132377
"Europe, Central",EUROPE,"Europe, Central",,2008,Land_Index,103.2538843
"Europe, Central",EUROPE,"Europe, Central",,2008,Labor_Index,118.5769134
"Europe, Central",EUROPE,"Europe, Central",,2008,Capital_Index,90.90940379
"Europe, Central",EUROPE,"Europe, Central",,2008,Materials_Index,110.919471
"Europe, Central",EUROPE,"Europe, Central",,2008,Outall_Q,80110621.57
"Europe, Central",EUROPE,"Europe, Central",,2008,Outcrop_Q,48301977
"Europe, Central",EUROPE,"Europe, Central",,2008,Outanim_Q,31426536
"Europe, Central",EUROPE,"Europe, Central",,2008,Outfish_Q,382108.5699
"Europe, Central",EUROPE,"Europe, Central",,2008,Land_Q,44126.00206
"Europe, Central",EUROPE,"Europe, Central",,2008,Labor_Q,7439.078
"Europe, Central",EUROPE,"Europe, Central",,2008,Capital_Q,117867.6322
"Europe, Central",EUROPE,"Europe, Central",,2008,Machinery_Q,107662.3522
"Europe, Central",EUROPE,"Europe, Central",,2008,Livestock_Q,28389.6882
"Europe, Central",EUROPE,"Europe, Central",,2008,Fertilizer_Q,5544502.454
"Europe, Central",EUROPE,"Europe, Central",,2008,Feed_Q,157599245.3
"Europe, Central",EUROPE,"Europe, Central",,2008,Cropland_Q,40171.64
"Europe, Central",EUROPE,"Europe, Central",,2008,Pasture_Q,15861
"Europe, Central",EUROPE,"Europe, Central",,2008,IrrigArea_Q,4318.1
"Europe, Central",EUROPE,"Europe, Central",,2009,TFP_Index,95.88998297
"Europe, Central",EUROPE,"Europe, Central",,2009,Outall_Index,98.48137752
"Europe, Central",EUROPE,"Europe, Central",,2009,Input_Index,102.7024664
"Europe, Central",EUROPE,"Europe, Central",,2009,Land_Index,103.2998205
"Europe, Central",EUROPE,"Europe, Central",,2009,Labor_Index,116.7827053
"Europe, Central",EUROPE,"Europe, Central",,2009,Capital_Index,90.98306128
"Europe, Central",EUROPE,"Europe, Central",,2009,Materials_Index,105.5415976
"Europe, Central",EUROPE,"Europe, Central",,2009,Outall_Q,78966310.4
"Europe, Central",EUROPE,"Europe, Central",,2009,Outcrop_Q,47298613
"Europe, Central",EUROPE,"Europe, Central",,2009,Outanim_Q,31282440
"Europe, Central",EUROPE,"Europe, Central",,2009,Outfish_Q,385257.4038
"Europe, Central",EUROPE,"Europe, Central",,2009,Land_Q,44145.63308
"Europe, Central",EUROPE,"Europe, Central",,2009,Labor_Q,7326.516
"Europe, Central",EUROPE,"Europe, Central",,2009,Capital_Q,117963.132
"Europe, Central",EUROPE,"Europe, Central",,2009,Machinery_Q,110101.7683
"Europe, Central",EUROPE,"Europe, Central",,2009,Livestock_Q,27463.9224
"Europe, Central",EUROPE,"Europe, Central",,2009,Fertilizer_Q,5127436.561
"Europe, Central",EUROPE,"Europe, Central",,2009,Feed_Q,151264589.6
"Europe, Central",EUROPE,"Europe, Central",,2009,Cropland_Q,40238.15
"Europe, Central",EUROPE,"Europe, Central",,2009,Pasture_Q,15590
"Europe, Central",EUROPE,"Europe, Central",,2009,IrrigArea_Q,4280.7
"Europe, Central",EUROPE,"Europe, Central",,2010,TFP_Index,92.48655208
"Europe, Central",EUROPE,"Europe, Central",,2010,Outall_Index,94.43341292
"Europe, Central",EUROPE,"Europe, Central",,2010,Input_Index,102.1050205
"Europe, Central",EUROPE,"Europe, Central",,2010,Land_Index,101.0385465
"Europe, Central",EUROPE,"Europe, Central",,2010,Labor_Index,115.173398
"Europe, Central",EUROPE,"Europe, Central",,2010,Capital_Index,92.15145448
"Europe, Central",EUROPE,"Europe, Central",,2010,Materials_Index,104.9522591
"Europe, Central",EUROPE,"Europe, Central",,2010,Outall_Q,75720490.36
"Europe, Central",EUROPE,"Europe, Central",,2010,Outcrop_Q,44433204
"Europe, Central",EUROPE,"Europe, Central",,2010,Outanim_Q,30924130
"Europe, Central",EUROPE,"Europe, Central",,2010,Outfish_Q,363156.3601
"Europe, Central",EUROPE,"Europe, Central",,2010,Land_Q,43179.26769
"Europe, Central",EUROPE,"Europe, Central",,2010,Labor_Q,7225.554
"Europe, Central",EUROPE,"Europe, Central",,2010,Capital_Q,119477.9999
"Europe, Central",EUROPE,"Europe, Central",,2010,Machinery_Q,113274.5134
"Europe, Central",EUROPE,"Europe, Central",,2010,Livestock_Q,27659.068
"Europe, Central",EUROPE,"Europe, Central",,2010,Fertilizer_Q,5448102.67
"Europe, Central",EUROPE,"Europe, Central",,2010,Feed_Q,147416883.5
"Europe, Central",EUROPE,"Europe, Central",,2010,Cropland_Q,39274.33
"Europe, Central",EUROPE,"Europe, Central",,2010,Pasture_Q,15650
"Europe, Central",EUROPE,"Europe, Central",,2010,IrrigArea_Q,4266.3
"Europe, Central",EUROPE,"Europe, Central",,2011,TFP_Index,97.08846608
"Europe, Central",EUROPE,"Europe, Central",,2011,Outall_Index,99.0982709
"Europe, Central",EUROPE,"Europe, Central",,2011,Input_Index,102.0700758
"Europe, Central",EUROPE,"Europe, Central",,2011,Land_Index,101.2840737
"Europe, Central",EUROPE,"Europe, Central",,2011,Labor_Index,107.620292
"Europe, Central",EUROPE,"Europe, Central",,2011,Capital_Index,93.53910001
"Europe, Central",EUROPE,"Europe, Central",,2011,Materials_Index,107.7175882
"Europe, Central",EUROPE,"Europe, Central",,2011,Outall_Q,79460960.21
"Europe, Central",EUROPE,"Europe, Central",,2011,Outcrop_Q,48177310
"Europe, Central",EUROPE,"Europe, Central",,2011,Outanim_Q,30945416
"Europe, Central",EUROPE,"Europe, Central",,2011,Outfish_Q,338234.2064
"Europe, Central",EUROPE,"Europe, Central",,2011,Land_Q,43284.19482
"Europe, Central",EUROPE,"Europe, Central",,2011,Labor_Q,6751.7
"Europe, Central",EUROPE,"Europe, Central",,2011,Capital_Q,121277.1372
"Europe, Central",EUROPE,"Europe, Central",,2011,Machinery_Q,117372.6918
"Europe, Central",EUROPE,"Europe, Central",,2011,Livestock_Q,25963.5135
"Europe, Central",EUROPE,"Europe, Central",,2011,Fertilizer_Q,5588054.486
"Europe, Central",EUROPE,"Europe, Central",,2011,Feed_Q,151330725.8
"Europe, Central",EUROPE,"Europe, Central",,2011,Cropland_Q,39374.5
"Europe, Central",EUROPE,"Europe, Central",,2011,Pasture_Q,15703
"Europe, Central",EUROPE,"Europe, Central",,2011,IrrigArea_Q,4265.84
"Europe, Central",EUROPE,"Europe, Central",,2012,TFP_Index,93.94987785
"Europe, Central",EUROPE,"Europe, Central",,2012,Outall_Index,91.42811098
"Europe, Central",EUROPE,"Europe, Central",,2012,Input_Index,97.31583805
"Europe, Central",EUROPE,"Europe, Central",,2012,Land_Index,100.3922359
"Europe, Central",EUROPE,"Europe, Central",,2012,Labor_Index,107.4792732
"Europe, Central",EUROPE,"Europe, Central",,2012,Capital_Index,94.75911205
"Europe, Central",EUROPE,"Europe, Central",,2012,Materials_Index,91.47233233
"Europe, Central",EUROPE,"Europe, Central",,2012,Outall_Q,73310718.97
"Europe, Central",EUROPE,"Europe, Central",,2012,Outcrop_Q,42130546
"Europe, Central",EUROPE,"Europe, Central",,2012,Outanim_Q,30843978
"Europe, Central",EUROPE,"Europe, Central",,2012,Outfish_Q,336194.9716
"Europe, Central",EUROPE,"Europe, Central",,2012,Land_Q,42903.064
"Europe, Central",EUROPE,"Europe, Central",,2012,Labor_Q,6742.853
"Europe, Central",EUROPE,"Europe, Central",,2012,Capital_Q,122858.931
"Europe, Central",EUROPE,"Europe, Central",,2012,Machinery_Q,122666.395
"Europe, Central",EUROPE,"Europe, Central",,2012,Livestock_Q,25041.779
"Europe, Central",EUROPE,"Europe, Central",,2012,Fertilizer_Q,5631771.928
"Europe, Central",EUROPE,"Europe, Central",,2012,Feed_Q,121981076.4
"Europe, Central",EUROPE,"Europe, Central",,2012,Cropland_Q,39006.12
"Europe, Central",EUROPE,"Europe, Central",,2012,Pasture_Q,15713
"Europe, Central",EUROPE,"Europe, Central",,2012,IrrigArea_Q,4241.86
"Europe, Central",EUROPE,"Europe, Central",,2013,TFP_Index,99.23604052
"Europe, Central",EUROPE,"Europe, Central",,2013,Outall_Index,99.46986043
"Europe, Central",EUROPE,"Europe, Central",,2013,Input_Index,100.23562
"Europe, Central",EUROPE,"Europe, Central",,2013,Land_Index,99.62295932
"Europe, Central",EUROPE,"Europe, Central",,2013,Labor_Index,105.3085845
"Europe, Central",EUROPE,"Europe, Central",,2013,Capital_Index,96.50787899
"Europe, Central",EUROPE,"Europe, Central",,2013,Materials_Index,101.1220168
"Europe, Central",EUROPE,"Europe, Central",,2013,Outall_Q,79758915.56
"Europe, Central",EUROPE,"Europe, Central",,2013,Outcrop_Q,49157999
"Europe, Central",EUROPE,"Europe, Central",,2013,Outanim_Q,30239664
"Europe, Central",EUROPE,"Europe, Central",,2013,Outfish_Q,361252.5643
"Europe, Central",EUROPE,"Europe, Central",,2013,Land_Q,42574.31027
"Europe, Central",EUROPE,"Europe, Central",,2013,Labor_Q,6606.672
"Europe, Central",EUROPE,"Europe, Central",,2013,Capital_Q,125126.2764
"Europe, Central",EUROPE,"Europe, Central",,2013,Machinery_Q,129274.7913
"Europe, Central",EUROPE,"Europe, Central",,2013,Livestock_Q,25041.8338
"Europe, Central",EUROPE,"Europe, Central",,2013,Fertilizer_Q,5691523.22
"Europe, Central",EUROPE,"Europe, Central",,2013,Feed_Q,138582895.8
"Europe, Central",EUROPE,"Europe, Central",,2013,Cropland_Q,38671.78
"Europe, Central",EUROPE,"Europe, Central",,2013,Pasture_Q,15810
"Europe, Central",EUROPE,"Europe, Central",,2013,IrrigArea_Q,4235.65
"Europe, Central",EUROPE,"Europe, Central",,2014,TFP_Index,103.7059695
"Europe, Central",EUROPE,"Europe, Central",,2014,Outall_Index,104.5419121
"Europe, Central",EUROPE,"Europe, Central",,2014,Input_Index,100.8060699
"Europe, Central",EUROPE,"Europe, Central",,2014,Land_Index,99.79034425
"Europe, Central",EUROPE,"Europe, Central",,2014,Labor_Index,103.9286659
"Europe, Central",EUROPE,"Europe, Central",,2014,Capital_Index,98.39309396
"Europe, Central",EUROPE,"Europe, Central",,2014,Materials_Index,101.9267977
"Europe, Central",EUROPE,"Europe, Central",,2014,Outall_Q,83825889.65
"Europe, Central",EUROPE,"Europe, Central",,2014,Outcrop_Q,52379140
"Europe, Central",EUROPE,"Europe, Central",,2014,Outanim_Q,31055868
"Europe, Central",EUROPE,"Europe, Central",,2014,Outfish_Q,390881.6487
"Europe, Central",EUROPE,"Europe, Central",,2014,Land_Q,42645.84296
"Europe, Central",EUROPE,"Europe, Central",,2014,Labor_Q,6520.101
"Europe, Central",EUROPE,"Europe, Central",,2014,Capital_Q,127570.532
"Europe, Central",EUROPE,"Europe, Central",,2014,Machinery_Q,129650.2806
"Europe, Central",EUROPE,"Europe, Central",,2014,Livestock_Q,25448.8025
"Europe, Central",EUROPE,"Europe, Central",,2014,Fertilizer_Q,5404547.492
"Europe, Central",EUROPE,"Europe, Central",,2014,Feed_Q,142245487.9
"Europe, Central",EUROPE,"Europe, Central",,2014,Cropland_Q,38728.55
"Europe, Central",EUROPE,"Europe, Central",,2014,Pasture_Q,15624
"Europe, Central",EUROPE,"Europe, Central",,2014,IrrigArea_Q,4292.22
"Europe, Central",EUROPE,"Europe, Central",,2015,TFP_Index,100
"Europe, Central",EUROPE,"Europe, Central",,2015,Outall_Index,100
"Europe, Central",EUROPE,"Europe, Central",,2015,Input_Index,100
"Europe, Central",EUROPE,"Europe, Central",,2015,Land_Index,100
"Europe, Central",EUROPE,"Europe, Central",,2015,Labor_Index,100
"Europe, Central",EUROPE,"Europe, Central",,2015,Capital_Index,100
"Europe, Central",EUROPE,"Europe, Central",,2015,Materials_Index,100
"Europe, Central",EUROPE,"Europe, Central",,2015,Outall_Q,80184002.69
"Europe, Central",EUROPE,"Europe, Central",,2015,Outcrop_Q,47969958
"Europe, Central",EUROPE,"Europe, Central",,2015,Outanim_Q,31805329
"Europe, Central",EUROPE,"Europe, Central",,2015,Outfish_Q,408715.6939
"Europe, Central",EUROPE,"Europe, Central",,2015,Land_Q,42735.44027
"Europe, Central",EUROPE,"Europe, Central",,2015,Labor_Q,6273.631
"Europe, Central",EUROPE,"Europe, Central",,2015,Capital_Q,129653.9492
"Europe, Central",EUROPE,"Europe, Central",,2015,Machinery_Q,129881.2685
"Europe, Central",EUROPE,"Europe, Central",,2015,Livestock_Q,25679.9402
"Europe, Central",EUROPE,"Europe, Central",,2015,Fertilizer_Q,5700583.26
"Europe, Central",EUROPE,"Europe, Central",,2015,Feed_Q,136514532.6
"Europe, Central",EUROPE,"Europe, Central",,2015,Cropland_Q,38768.64
"Europe, Central",EUROPE,"Europe, Central",,2015,Pasture_Q,15597
"Europe, Central",EUROPE,"Europe, Central",,2015,IrrigArea_Q,4383.55
"Europe, Central",EUROPE,"Europe, Central",,2016,TFP_Index,107.2490809
"Europe, Central",EUROPE,"Europe, Central",,2016,Outall_Index,106.7531332
"Europe, Central",EUROPE,"Europe, Central",,2016,Input_Index,99.53757388
"Europe, Central",EUROPE,"Europe, Central",,2016,Land_Index,99.57941812
"Europe, Central",EUROPE,"Europe, Central",,2016,Labor_Index,95.96052111
"Europe, Central",EUROPE,"Europe, Central",,2016,Capital_Index,100.2037725
"Europe, Central",EUROPE,"Europe, Central",,2016,Materials_Index,101.2068038
"Europe, Central",EUROPE,"Europe, Central",,2016,Outall_Q,85598935.19
"Europe, Central",EUROPE,"Europe, Central",,2016,Outcrop_Q,53011488
"Europe, Central",EUROPE,"Europe, Central",,2016,Outanim_Q,32151198
"Europe, Central",EUROPE,"Europe, Central",,2016,Outfish_Q,436249.192
"Europe, Central",EUROPE,"Europe, Central",,2016,Land_Q,42555.70275
"Europe, Central",EUROPE,"Europe, Central",,2016,Labor_Q,6020.209
"Europe, Central",EUROPE,"Europe, Central",,2016,Capital_Q,129918.1482
"Europe, Central",EUROPE,"Europe, Central",,2016,Machinery_Q,130088.3464
"Europe, Central",EUROPE,"Europe, Central",,2016,Livestock_Q,25681.7968
"Europe, Central",EUROPE,"Europe, Central",,2016,Fertilizer_Q,6054847.104
"Europe, Central",EUROPE,"Europe, Central",,2016,Feed_Q,136146083
"Europe, Central",EUROPE,"Europe, Central",,2016,Cropland_Q,38528.61
"Europe, Central",EUROPE,"Europe, Central",,2016,Pasture_Q,15574
"Europe, Central",EUROPE,"Europe, Central",,2016,IrrigArea_Q,4493.15
"Europe, Central",EUROPE,"Europe, Central",,2017,TFP_Index,108.6370976
"Europe, Central",EUROPE,"Europe, Central",,2017,Outall_Index,107.4475746
"Europe, Central",EUROPE,"Europe, Central",,2017,Input_Index,98.90504906
"Europe, Central",EUROPE,"Europe, Central",,2017,Land_Index,99.67715839
"Europe, Central",EUROPE,"Europe, Central",,2017,Labor_Index,92.26047882
"Europe, Central",EUROPE,"Europe, Central",,2017,Capital_Index,101.7625815
"Europe, Central",EUROPE,"Europe, Central",,2017,Materials_Index,100.048986
"Europe, Central",EUROPE,"Europe, Central",,2017,Outall_Q,86155766.14
"Europe, Central",EUROPE,"Europe, Central",,2017,Outcrop_Q,52597701
"Europe, Central",EUROPE,"Europe, Central",,2017,Outanim_Q,33116375
"Europe, Central",EUROPE,"Europe, Central",,2017,Outfish_Q,441690.1414
"Europe, Central",EUROPE,"Europe, Central",,2017,Land_Q,42597.47249
"Europe, Central",EUROPE,"Europe, Central",,2017,Labor_Q,5788.082
"Europe, Central",EUROPE,"Europe, Central",,2017,Capital_Q,131939.2056
"Europe, Central",EUROPE,"Europe, Central",,2017,Machinery_Q,109856.7612
"Europe, Central",EUROPE,"Europe, Central",,2017,Livestock_Q,25902.0147
"Europe, Central",EUROPE,"Europe, Central",,2017,Fertilizer_Q,6153409.408
"Europe, Central",EUROPE,"Europe, Central",,2017,Feed_Q,133460584.3
"Europe, Central",EUROPE,"Europe, Central",,2017,Cropland_Q,38554
"Europe, Central",EUROPE,"Europe, Central",,2017,Pasture_Q,15474
"Europe, Central",EUROPE,"Europe, Central",,2017,IrrigArea_Q,4538.44
"Europe, Central",EUROPE,"Europe, Central",,2018,TFP_Index,108.3903899
"Europe, Central",EUROPE,"Europe, Central",,2018,Outall_Index,109.2639578
"Europe, Central",EUROPE,"Europe, Central",,2018,Input_Index,100.8059459
"Europe, Central",EUROPE,"Europe, Central",,2018,Land_Index,100.1614915
"Europe, Central",EUROPE,"Europe, Central",,2018,Labor_Index,90.23559084
"Europe, Central",EUROPE,"Europe, Central",,2018,Capital_Index,103.0016419
"Europe, Central",EUROPE,"Europe, Central",,2018,Materials_Index,106.5015781
"Europe, Central",EUROPE,"Europe, Central",,2018,Outall_Q,87612214.85
"Europe, Central",EUROPE,"Europe, Central",,2018,Outcrop_Q,53753124
"Europe, Central",EUROPE,"Europe, Central",,2018,Outanim_Q,33371433
"Europe, Central",EUROPE,"Europe, Central",,2018,Outfish_Q,487657.8502
"Europe, Central",EUROPE,"Europe, Central",,2018,Land_Q,42804.45435
"Europe, Central",EUROPE,"Europe, Central",,2018,Labor_Q,5661.048
"Europe, Central",EUROPE,"Europe, Central",,2018,Capital_Q,133545.6964
"Europe, Central",EUROPE,"Europe, Central",,2018,Machinery_Q,110125.4487
"Europe, Central",EUROPE,"Europe, Central",,2018,Livestock_Q,25467.4522
"Europe, Central",EUROPE,"Europe, Central",,2018,Fertilizer_Q,5926509.643
"Europe, Central",EUROPE,"Europe, Central",,2018,Feed_Q,146461467.4
"Europe, Central",EUROPE,"Europe, Central",,2018,Cropland_Q,38712.35
"Europe, Central",EUROPE,"Europe, Central",,2018,Pasture_Q,15417
"Europe, Central",EUROPE,"Europe, Central",,2018,IrrigArea_Q,4633.15
"Europe, Central",EUROPE,"Europe, Central",,2019,TFP_Index,106.4819484
"Europe, Central",EUROPE,"Europe, Central",,2019,Outall_Index,107.2494642
"Europe, Central",EUROPE,"Europe, Central",,2019,Input_Index,100.7207943
"Europe, Central",EUROPE,"Europe, Central",,2019,Land_Index,100.9622467
"Europe, Central",EUROPE,"Europe, Central",,2019,Labor_Index,89.21010815
"Europe, Central",EUROPE,"Europe, Central",,2019,Capital_Index,104.3282458
"Europe, Central",EUROPE,"Europe, Central",,2019,Materials_Index,105.0601173
"Europe, Central",EUROPE,"Europe, Central",,2019,Outall_Q,85996913.25
"Europe, Central",EUROPE,"Europe, Central",,2019,Outcrop_Q,52083788
"Europe, Central",EUROPE,"Europe, Central",,2019,Outanim_Q,33415930
"Europe, Central",EUROPE,"Europe, Central",,2019,Outfish_Q,497195.2498
"Europe, Central",EUROPE,"Europe, Central",,2019,Land_Q,43146.66065
"Europe, Central",EUROPE,"Europe, Central",,2019,Labor_Q,5596.713
"Europe, Central",EUROPE,"Europe, Central",,2019,Capital_Q,135265.6907
"Europe, Central",EUROPE,"Europe, Central",,2019,Machinery_Q,135788.0695
"Europe, Central",EUROPE,"Europe, Central",,2019,Livestock_Q,25305.7335
"Europe, Central",EUROPE,"Europe, Central",,2019,Fertilizer_Q,5989457.363
"Europe, Central",EUROPE,"Europe, Central",,2019,Feed_Q,143419282.4
"Europe, Central",EUROPE,"Europe, Central",,2019,Cropland_Q,38997.281
"Europe, Central",EUROPE,"Europe, Central",,2019,Pasture_Q,15565
"Europe, Central",EUROPE,"Europe, Central",,2019,IrrigArea_Q,4709.33
"Europe, Central",EUROPE,"Europe, Central",,2020,TFP_Index,107.8724572
"Europe, Central",EUROPE,"Europe, Central",,2020,Outall_Index,106.4597526
"Europe, Central",EUROPE,"Europe, Central",,2020,Input_Index,98.69039364
"Europe, Central",EUROPE,"Europe, Central",,2020,Land_Index,99.69520935
"Europe, Central",EUROPE,"Europe, Central",,2020,Labor_Index,80.73920828
"Europe, Central",EUROPE,"Europe, Central",,2020,Capital_Index,107.1779903
"Europe, Central",EUROPE,"Europe, Central",,2020,Materials_Index,102.962854
"Europe, Central",EUROPE,"Europe, Central",,2020,Outall_Q,85363690.9
"Europe, Central",EUROPE,"Europe, Central",,2020,Outcrop_Q,51383336
"Europe, Central",EUROPE,"Europe, Central",,2020,Outanim_Q,33457371
"Europe, Central",EUROPE,"Europe, Central",,2020,Outfish_Q,522983.8996
"Europe, Central",EUROPE,"Europe, Central",,2020,Land_Q,42605.18664
"Europe, Central",EUROPE,"Europe, Central",,2020,Labor_Q,5065.28
"Europe, Central",EUROPE,"Europe, Central",,2020,Capital_Q,138960.497
"Europe, Central",EUROPE,"Europe, Central",,2020,Machinery_Q,128104.0031
"Europe, Central",EUROPE,"Europe, Central",,2020,Livestock_Q,23680.0178
"Europe, Central",EUROPE,"Europe, Central",,2020,Fertilizer_Q,5976154.556
"Europe, Central",EUROPE,"Europe, Central",,2020,Feed_Q,139790887.8
"Europe, Central",EUROPE,"Europe, Central",,2020,Cropland_Q,38436.5527
"Europe, Central",EUROPE,"Europe, Central",,2020,Pasture_Q,15242
"Europe, Central",EUROPE,"Europe, Central",,2020,IrrigArea_Q,4796.44
"Europe, Central",EUROPE,"Europe, Central",,2021,TFP_Index,113.3337666
"Europe, Central",EUROPE,"Europe, Central",,2021,Outall_Index,108.1546162
"Europe, Central",EUROPE,"Europe, Central",,2021,Input_Index,95.43017893
"Europe, Central",EUROPE,"Europe, Central",,2021,Land_Index,99.85534898
"Europe, Central",EUROPE,"Europe, Central",,2021,Labor_Index,75.43888061
"Europe, Central",EUROPE,"Europe, Central",,2021,Capital_Index,109.5713016
"Europe, Central",EUROPE,"Europe, Central",,2021,Materials_Index,94.28920701
"Europe, Central",EUROPE,"Europe, Central",,2021,Outall_Q,86722700.4
"Europe, Central",EUROPE,"Europe, Central",,2021,Outcrop_Q,53125915
"Europe, Central",EUROPE,"Europe, Central",,2021,Outanim_Q,33047925
"Europe, Central",EUROPE,"Europe, Central",,2021,Outfish_Q,548860.4017
"Europe, Central",EUROPE,"Europe, Central",,2021,Land_Q,42673.62302
"Europe, Central",EUROPE,"Europe, Central",,2021,Labor_Q,4732.757
"Europe, Central",EUROPE,"Europe, Central",,2021,Capital_Q,142063.5197
"Europe, Central",EUROPE,"Europe, Central",,2021,Machinery_Q,130252.4382
"Europe, Central",EUROPE,"Europe, Central",,2021,Livestock_Q,22754.2993
"Europe, Central",EUROPE,"Europe, Central",,2021,Fertilizer_Q,5865942.121
"Europe, Central",EUROPE,"Europe, Central",,2021,Feed_Q,125339769.7
"Europe, Central",EUROPE,"Europe, Central",,2021,Cropland_Q,38519.0292
"Europe, Central",EUROPE,"Europe, Central",,2021,Pasture_Q,15022
"Europe, Central",EUROPE,"Europe, Central",,2021,IrrigArea_Q,4808.105
Nigeria,SSA,"SSA, Nigeria",MI-L,1961,TFP_Index,89.29920466
Nigeria,SSA,"SSA, Nigeria",MI-L,1961,Outall_Index,19.82715989
Nigeria,SSA,"SSA, Nigeria",MI-L,1961,Input_Index,22.20306437
Nigeria,SSA,"SSA, Nigeria",MI-L,1961,Land_Index,40.45137424
Nigeria,SSA,"SSA, Nigeria",MI-L,1961,Labor_Index,55.67871411
Nigeria,SSA,"SSA, Nigeria",MI-L,1961,Capital_Index,8.662910134
Nigeria,SSA,"SSA, Nigeria",MI-L,1961,Materials_Index,8.082947424
Nigeria,SSA,"SSA, Nigeria",MI-L,1961,Outall_Q,10743047
Nigeria,SSA,"SSA, Nigeria",MI-L,1961,Outcrop_Q,9748096
Nigeria,SSA,"SSA, Nigeria",MI-L,1961,Outanim_Q,994950
Nigeria,SSA,"SSA, Nigeria",MI-L,1961,Outfish_Q,4840.197477
Nigeria,SSA,"SSA, Nigeria",MI-L,1961,Land_Q,21999.99362
Nigeria,SSA,"SSA, Nigeria",MI-L,1961,Labor_Q,11420.14747
Nigeria,SSA,"SSA, Nigeria",MI-L,1961,Capital_Q,14228.57136
Nigeria,SSA,"SSA, Nigeria",MI-L,1961,Machinery_Q,20.612
Nigeria,SSA,"SSA, Nigeria",MI-L,1961,Livestock_Q,7024.06
Nigeria,SSA,"SSA, Nigeria",MI-L,1961,Fertilizer_Q,21610.64885
Nigeria,SSA,"SSA, Nigeria",MI-L,1961,Feed_Q,7758363.595
Nigeria,SSA,"SSA, Nigeria",MI-L,1961,Cropland_Q,20954.984
Nigeria,SSA,"SSA, Nigeria",MI-L,1961,Pasture_Q,27000
Nigeria,SSA,"SSA, Nigeria",MI-L,1961,IrrigArea_Q,200
Nigeria,SSA,"SSA, Nigeria",MI-L,1962,TFP_Index,90.61295612
Nigeria,SSA,"SSA, Nigeria",MI-L,1962,Outall_Index,20.67747981
Nigeria,SSA,"SSA, Nigeria",MI-L,1962,Input_Index,22.81956212
Nigeria,SSA,"SSA, Nigeria",MI-L,1962,Land_Index,41.05685794
Nigeria,SSA,"SSA, Nigeria",MI-L,1962,Labor_Index,56.68866992
Nigeria,SSA,"SSA, Nigeria",MI-L,1962,Capital_Index,8.998940128
Nigeria,SSA,"SSA, Nigeria",MI-L,1962,Materials_Index,8.52968017
Nigeria,SSA,"SSA, Nigeria",MI-L,1962,Outall_Q,11203780
Nigeria,SSA,"SSA, Nigeria",MI-L,1962,Outcrop_Q,10294425
Nigeria,SSA,"SSA, Nigeria",MI-L,1962,Outanim_Q,909355
Nigeria,SSA,"SSA, Nigeria",MI-L,1962,Outfish_Q,5258.953632
Nigeria,SSA,"SSA, Nigeria",MI-L,1962,Land_Q,22329.29362
Nigeria,SSA,"SSA, Nigeria",MI-L,1962,Labor_Q,11627.29744
Nigeria,SSA,"SSA, Nigeria",MI-L,1962,Capital_Q,14780.49059
Nigeria,SSA,"SSA, Nigeria",MI-L,1962,Machinery_Q,22.612
Nigeria,SSA,"SSA, Nigeria",MI-L,1962,Livestock_Q,7265.57
Nigeria,SSA,"SSA, Nigeria",MI-L,1962,Fertilizer_Q,22672.23786
Nigeria,SSA,"SSA, Nigeria",MI-L,1962,Feed_Q,8241102.008
Nigeria,SSA,"SSA, Nigeria",MI-L,1962,Cropland_Q,21284.284
Nigeria,SSA,"SSA, Nigeria",MI-L,1962,Pasture_Q,27000
Nigeria,SSA,"SSA, Nigeria",MI-L,1962,IrrigArea_Q,200
Nigeria,SSA,"SSA, Nigeria",MI-L,1963,TFP_Index,90.07162437
Nigeria,SSA,"SSA, Nigeria",MI-L,1963,Outall_Index,21.56458031
Nigeria,SSA,"SSA, Nigeria",MI-L,1963,Input_Index,23.94159144
Nigeria,SSA,"SSA, Nigeria",MI-L,1963,Land_Index,44.45138748
Nigeria,SSA,"SSA, Nigeria",MI-L,1963,Labor_Index,57.72572879
Nigeria,SSA,"SSA, Nigeria",MI-L,1963,Capital_Index,9.370957714
Nigeria,SSA,"SSA, Nigeria",MI-L,1963,Materials_Index,8.948539981
Nigeria,SSA,"SSA, Nigeria",MI-L,1963,Outall_Q,11684442
Nigeria,SSA,"SSA, Nigeria",MI-L,1963,Outcrop_Q,10761153
Nigeria,SSA,"SSA, Nigeria",MI-L,1963,Outanim_Q,923289
Nigeria,SSA,"SSA, Nigeria",MI-L,1963,Outfish_Q,5673.254935
Nigeria,SSA,"SSA, Nigeria",MI-L,1963,Land_Q,24175.45162
Nigeria,SSA,"SSA, Nigeria",MI-L,1963,Labor_Q,11840.00647
Nigeria,SSA,"SSA, Nigeria",MI-L,1963,Capital_Q,15391.51838
Nigeria,SSA,"SSA, Nigeria",MI-L,1963,Machinery_Q,24.612
Nigeria,SSA,"SSA, Nigeria",MI-L,1963,Livestock_Q,7539.89
Nigeria,SSA,"SSA, Nigeria",MI-L,1963,Fertilizer_Q,23906.77594
Nigeria,SSA,"SSA, Nigeria",MI-L,1963,Feed_Q,8596521.765
Nigeria,SSA,"SSA, Nigeria",MI-L,1963,Cropland_Q,23130.442
Nigeria,SSA,"SSA, Nigeria",MI-L,1963,Pasture_Q,27000
Nigeria,SSA,"SSA, Nigeria",MI-L,1963,IrrigArea_Q,200
Nigeria,SSA,"SSA, Nigeria",MI-L,1964,TFP_Index,90.06667321
Nigeria,SSA,"SSA, Nigeria",MI-L,1964,Outall_Index,22.21098202
Nigeria,SSA,"SSA, Nigeria",MI-L,1964,Input_Index,24.66060001
Nigeria,SSA,"SSA, Nigeria",MI-L,1964,Land_Index,45.69975954
Nigeria,SSA,"SSA, Nigeria",MI-L,1964,Labor_Index,58.79297681
Nigeria,SSA,"SSA, Nigeria",MI-L,1964,Capital_Index,9.753280466
Nigeria,SSA,"SSA, Nigeria",MI-L,1964,Materials_Index,9.212435077
Nigeria,SSA,"SSA, Nigeria",MI-L,1964,Outall_Q,12034685
Nigeria,SSA,"SSA, Nigeria",MI-L,1964,Outcrop_Q,11015851
Nigeria,SSA,"SSA, Nigeria",MI-L,1964,Outanim_Q,1018834
Nigeria,SSA,"SSA, Nigeria",MI-L,1964,Outfish_Q,6080.873958
Nigeria,SSA,"SSA, Nigeria",MI-L,1964,Land_Q,24854.39462
Nigeria,SSA,"SSA, Nigeria",MI-L,1964,Labor_Q,12058.90754
Nigeria,SSA,"SSA, Nigeria",MI-L,1964,Capital_Q,16019.47209
Nigeria,SSA,"SSA, Nigeria",MI-L,1964,Machinery_Q,26.612
Nigeria,SSA,"SSA, Nigeria",MI-L,1964,Livestock_Q,7824.22
Nigeria,SSA,"SSA, Nigeria",MI-L,1964,Fertilizer_Q,25466.38901
Nigeria,SSA,"SSA, Nigeria",MI-L,1964,Feed_Q,8516780.905
Nigeria,SSA,"SSA, Nigeria",MI-L,1964,Cropland_Q,23809.385
Nigeria,SSA,"SSA, Nigeria",MI-L,1964,Pasture_Q,27000
Nigeria,SSA,"SSA, Nigeria",MI-L,1964,IrrigArea_Q,200
Nigeria,SSA,"SSA, Nigeria",MI-L,1965,TFP_Index,88.84249294
Nigeria,SSA,"SSA, Nigeria",MI-L,1965,Outall_Index,23.13157427
Nigeria,SSA,"SSA, Nigeria",MI-L,1965,Input_Index,26.03661098
Nigeria,SSA,"SSA, Nigeria",MI-L,1965,Land_Index,48.66357559
Nigeria,SSA,"SSA, Nigeria",MI-L,1965,Labor_Index,59.88932208
Nigeria,SSA,"SSA, Nigeria",MI-L,1965,Capital_Index,10.47849941
Nigeria,SSA,"SSA, Nigeria",MI-L,1965,Materials_Index,9.766037339
Nigeria,SSA,"SSA, Nigeria",MI-L,1965,Outall_Q,12533494
Nigeria,SSA,"SSA, Nigeria",MI-L,1965,Outcrop_Q,11459931
Nigeria,SSA,"SSA, Nigeria",MI-L,1965,Outanim_Q,1073563
Nigeria,SSA,"SSA, Nigeria",MI-L,1965,Outfish_Q,6468.446145
Nigeria,SSA,"SSA, Nigeria",MI-L,1965,Land_Q,26466.30362
Nigeria,SSA,"SSA, Nigeria",MI-L,1965,Labor_Q,12283.77668
Nigeria,SSA,"SSA, Nigeria",MI-L,1965,Capital_Q,17210.62257
Nigeria,SSA,"SSA, Nigeria",MI-L,1965,Machinery_Q,40.612
Nigeria,SSA,"SSA, Nigeria",MI-L,1965,Livestock_Q,8179.22
Nigeria,SSA,"SSA, Nigeria",MI-L,1965,Fertilizer_Q,27226.21644
Nigeria,SSA,"SSA, Nigeria",MI-L,1965,Feed_Q,8943053.095
Nigeria,SSA,"SSA, Nigeria",MI-L,1965,Cropland_Q,25421.294
Nigeria,SSA,"SSA, Nigeria",MI-L,1965,Pasture_Q,27000
Nigeria,SSA,"SSA, Nigeria",MI-L,1965,IrrigArea_Q,200
Nigeria,SSA,"SSA, Nigeria",MI-L,1966,TFP_Index,85.68239573
Nigeria,SSA,"SSA, Nigeria",MI-L,1966,Outall_Index,22.21347725
Nigeria,SSA,"SSA, Nigeria",MI-L,1966,Input_Index,25.92536898
Nigeria,SSA,"SSA, Nigeria",MI-L,1966,Land_Index,45.28163379
Nigeria,SSA,"SSA, Nigeria",MI-L,1966,Labor_Index,61.01817816
Nigeria,SSA,"SSA, Nigeria",MI-L,1966,Capital_Index,10.80171572
Nigeria,SSA,"SSA, Nigeria",MI-L,1966,Materials_Index,10.12036199
Nigeria,SSA,"SSA, Nigeria",MI-L,1966,Outall_Q,12036037
Nigeria,SSA,"SSA, Nigeria",MI-L,1966,Outcrop_Q,10989950
Nigeria,SSA,"SSA, Nigeria",MI-L,1966,Outanim_Q,1046087
Nigeria,SSA,"SSA, Nigeria",MI-L,1966,Outfish_Q,6869.382889
Nigeria,SSA,"SSA, Nigeria",MI-L,1966,Land_Q,24626.99162
Nigeria,SSA,"SSA, Nigeria",MI-L,1966,Labor_Q,12515.31405
Nigeria,SSA,"SSA, Nigeria",MI-L,1966,Capital_Q,17741.49571
Nigeria,SSA,"SSA, Nigeria",MI-L,1966,Machinery_Q,52.84
Nigeria,SSA,"SSA, Nigeria",MI-L,1966,Livestock_Q,8279.9262
Nigeria,SSA,"SSA, Nigeria",MI-L,1966,Fertilizer_Q,31667.12433
Nigeria,SSA,"SSA, Nigeria",MI-L,1966,Feed_Q,8139119.642
Nigeria,SSA,"SSA, Nigeria",MI-L,1966,Cropland_Q,23581.982
Nigeria,SSA,"SSA, Nigeria",MI-L,1966,Pasture_Q,27000
Nigeria,SSA,"SSA, Nigeria",MI-L,1966,IrrigArea_Q,200
Nigeria,SSA,"SSA, Nigeria",MI-L,1967,TFP_Index,86.49275012
Nigeria,SSA,"SSA, Nigeria",MI-L,1967,Outall_Index,23.25369081
Nigeria,SSA,"SSA, Nigeria",MI-L,1967,Input_Index,26.88513289
Nigeria,SSA,"SSA, Nigeria",MI-L,1967,Land_Index,47.06448082
Nigeria,SSA,"SSA, Nigeria",MI-L,1967,Labor_Index,62.18198485
Nigeria,SSA,"SSA, Nigeria",MI-L,1967,Capital_Index,11.28545881
Nigeria,SSA,"SSA, Nigeria",MI-L,1967,Materials_Index,10.61134449
Nigeria,SSA,"SSA, Nigeria",MI-L,1967,Outall_Q,12599661
Nigeria,SSA,"SSA, Nigeria",MI-L,1967,Outcrop_Q,11437188
Nigeria,SSA,"SSA, Nigeria",MI-L,1967,Outanim_Q,1162473
Nigeria,SSA,"SSA, Nigeria",MI-L,1967,Outfish_Q,7272.54706
Nigeria,SSA,"SSA, Nigeria",MI-L,1967,Land_Q,25596.61562
Nigeria,SSA,"SSA, Nigeria",MI-L,1967,Labor_Q,12754.02006
Nigeria,SSA,"SSA, Nigeria",MI-L,1967,Capital_Q,18536.02928
Nigeria,SSA,"SSA, Nigeria",MI-L,1967,Machinery_Q,64.89144854
Nigeria,SSA,"SSA, Nigeria",MI-L,1967,Livestock_Q,8542.46
Nigeria,SSA,"SSA, Nigeria",MI-L,1967,Fertilizer_Q,32627.76599
Nigeria,SSA,"SSA, Nigeria",MI-L,1967,Feed_Q,8703482.028
Nigeria,SSA,"SSA, Nigeria",MI-L,1967,Cropland_Q,24551.606
Nigeria,SSA,"SSA, Nigeria",MI-L,1967,Pasture_Q,27000
Nigeria,SSA,"SSA, Nigeria",MI-L,1967,IrrigArea_Q,200
Nigeria,SSA,"SSA, Nigeria",MI-L,1968,TFP_Index,85.24144624
Nigeria,SSA,"SSA, Nigeria",MI-L,1968,Outall_Index,23.59791375
Nigeria,SSA,"SSA, Nigeria",MI-L,1968,Input_Index,27.68361494
Nigeria,SSA,"SSA, Nigeria",MI-L,1968,Land_Index,47.0118554
Nigeria,SSA,"SSA, Nigeria",MI-L,1968,Labor_Index,63.38355879
Nigeria,SSA,"SSA, Nigeria",MI-L,1968,Capital_Index,11.83157801
Nigeria,SSA,"SSA, Nigeria",MI-L,1968,Materials_Index,11.58901201
Nigeria,SSA,"SSA, Nigeria",MI-L,1968,Outall_Q,12786173
Nigeria,SSA,"SSA, Nigeria",MI-L,1968,Outcrop_Q,11638705
Nigeria,SSA,"SSA, Nigeria",MI-L,1968,Outanim_Q,1147468
Nigeria,SSA,"SSA, Nigeria",MI-L,1968,Outfish_Q,7648.982115
Nigeria,SSA,"SSA, Nigeria",MI-L,1968,Land_Q,25567.99462
Nigeria,SSA,"SSA, Nigeria",MI-L,1968,Labor_Q,13000.47244
Nigeria,SSA,"SSA, Nigeria",MI-L,1968,Capital_Q,19433.01378
Nigeria,SSA,"SSA, Nigeria",MI-L,1968,Machinery_Q,72.94604822
Nigeria,SSA,"SSA, Nigeria",MI-L,1968,Livestock_Q,8907.3
Nigeria,SSA,"SSA, Nigeria",MI-L,1968,Fertilizer_Q,36605.93612
Nigeria,SSA,"SSA, Nigeria",MI-L,1968,Feed_Q,9222014.42
Nigeria,SSA,"SSA, Nigeria",MI-L,1968,Cropland_Q,24522.985
Nigeria,SSA,"SSA, Nigeria",MI-L,1968,Pasture_Q,27000
Nigeria,SSA,"SSA, Nigeria",MI-L,1968,IrrigArea_Q,200
Nigeria,SSA,"SSA, Nigeria",MI-L,1969,TFP_Index,87.57553671
Nigeria,SSA,"SSA, Nigeria",MI-L,1969,Outall_Index,26.24323989
Nigeria,SSA,"SSA, Nigeria",MI-L,1969,Input_Index,29.96640486
Nigeria,SSA,"SSA, Nigeria",MI-L,1969,Land_Index,54.38627545
Nigeria,SSA,"SSA, Nigeria",MI-L,1969,Labor_Index,64.61722
Nigeria,SSA,"SSA, Nigeria",MI-L,1969,Capital_Index,12.56603875
Nigeria,SSA,"SSA, Nigeria",MI-L,1969,Materials_Index,12.57419834
Nigeria,SSA,"SSA, Nigeria",MI-L,1969,Outall_Q,14219503
Nigeria,SSA,"SSA, Nigeria",MI-L,1969,Outcrop_Q,12878978
Nigeria,SSA,"SSA, Nigeria",MI-L,1969,Outanim_Q,1340525
Nigeria,SSA,"SSA, Nigeria",MI-L,1969,Outfish_Q,8047.691433
Nigeria,SSA,"SSA, Nigeria",MI-L,1969,Land_Q,29578.66662
Nigeria,SSA,"SSA, Nigeria",MI-L,1969,Labor_Q,13253.50618
Nigeria,SSA,"SSA, Nigeria",MI-L,1969,Capital_Q,20639.34362
Nigeria,SSA,"SSA, Nigeria",MI-L,1969,Machinery_Q,95.00399203
Nigeria,SSA,"SSA, Nigeria",MI-L,1969,Livestock_Q,9311.06
Nigeria,SSA,"SSA, Nigeria",MI-L,1969,Fertilizer_Q,38078.08569
Nigeria,SSA,"SSA, Nigeria",MI-L,1969,Feed_Q,10491786.4
Nigeria,SSA,"SSA, Nigeria",MI-L,1969,Cropland_Q,28533.657
Nigeria,SSA,"SSA, Nigeria",MI-L,1969,Pasture_Q,27000
Nigeria,SSA,"SSA, Nigeria",MI-L,1969,IrrigArea_Q,200
Nigeria,SSA,"SSA, Nigeria",MI-L,1970,TFP_Index,93.48325765
Nigeria,SSA,"SSA, Nigeria",MI-L,1970,Outall_Index,28.14241438
Nigeria,SSA,"SSA, Nigeria",MI-L,1970,Input_Index,30.10422945
Nigeria,SSA,"SSA, Nigeria",MI-L,1970,Land_Index,51.43372695
Nigeria,SSA,"SSA, Nigeria",MI-L,1970,Labor_Index,65.88381053
Nigeria,SSA,"SSA, Nigeria",MI-L,1970,Capital_Index,13.1806219
Nigeria,SSA,"SSA, Nigeria",MI-L,1970,Materials_Index,12.75876213
Nigeria,SSA,"SSA, Nigeria",MI-L,1970,Outall_Q,15248542
Nigeria,SSA,"SSA, Nigeria",MI-L,1970,Outcrop_Q,13867631
Nigeria,SSA,"SSA, Nigeria",MI-L,1970,Outanim_Q,1380911
Nigeria,SSA,"SSA, Nigeria",MI-L,1970,Outfish_Q,8484.266999
Nigeria,SSA,"SSA, Nigeria",MI-L,1970,Land_Q,27972.88562
Nigeria,SSA,"SSA, Nigeria",MI-L,1970,Labor_Q,13513.29397
Nigeria,SSA,"SSA, Nigeria",MI-L,1970,Capital_Q,21648.7781
Nigeria,SSA,"SSA, Nigeria",MI-L,1970,Machinery_Q,117.0654848
Nigeria,SSA,"SSA, Nigeria",MI-L,1970,Livestock_Q,9644.64
Nigeria,SSA,"SSA, Nigeria",MI-L,1970,Fertilizer_Q,35470.25784
Nigeria,SSA,"SSA, Nigeria",MI-L,1970,Feed_Q,11720336.92
Nigeria,SSA,"SSA, Nigeria",MI-L,1970,Cropland_Q,26927.876
Nigeria,SSA,"SSA, Nigeria",MI-L,1970,Pasture_Q,27000
Nigeria,SSA,"SSA, Nigeria",MI-L,1970,IrrigArea_Q,200
Nigeria,SSA,"SSA, Nigeria",MI-L,1971,TFP_Index,84.43357386
Nigeria,SSA,"SSA, Nigeria",MI-L,1971,Outall_Index,25.47337991
Nigeria,SSA,"SSA, Nigeria",MI-L,1971,Input_Index,30.1697284
Nigeria,SSA,"SSA, Nigeria",MI-L,1971,Land_Index,49.412305
Nigeria,SSA,"SSA, Nigeria",MI-L,1971,Labor_Index,66.20637472
Nigeria,SSA,"SSA, Nigeria",MI-L,1971,Capital_Index,13.76139455
Nigeria,SSA,"SSA, Nigeria",MI-L,1971,Materials_Index,12.67202512
Nigeria,SSA,"SSA, Nigeria",MI-L,1971,Outall_Q,13802366
Nigeria,SSA,"SSA, Nigeria",MI-L,1971,Outcrop_Q,12444839
Nigeria,SSA,"SSA, Nigeria",MI-L,1971,Outanim_Q,1357527
Nigeria,SSA,"SSA, Nigeria",MI-L,1971,Outfish_Q,8894.113449
Nigeria,SSA,"SSA, Nigeria",MI-L,1971,Land_Q,26873.50962
Nigeria,SSA,"SSA, Nigeria",MI-L,1971,Labor_Q,13579.45446
Nigeria,SSA,"SSA, Nigeria",MI-L,1971,Capital_Q,22602.67984
Nigeria,SSA,"SSA, Nigeria",MI-L,1971,Machinery_Q,139.1307439
Nigeria,SSA,"SSA, Nigeria",MI-L,1971,Livestock_Q,9968.46
Nigeria,SSA,"SSA, Nigeria",MI-L,1971,Fertilizer_Q,38938.53789
Nigeria,SSA,"SSA, Nigeria",MI-L,1971,Feed_Q,10401290.52
Nigeria,SSA,"SSA, Nigeria",MI-L,1971,Cropland_Q,25828.5
Nigeria,SSA,"SSA, Nigeria",MI-L,1971,Pasture_Q,27000
Nigeria,SSA,"SSA, Nigeria",MI-L,1971,IrrigArea_Q,200
Nigeria,SSA,"SSA, Nigeria",MI-L,1972,TFP_Index,78.09862589
Nigeria,SSA,"SSA, Nigeria",MI-L,1972,Outall_Index,22.75978204
Nigeria,SSA,"SSA, Nigeria",MI-L,1972,Input_Index,29.14235914
Nigeria,SSA,"SSA, Nigeria",MI-L,1972,Land_Index,41.47226793
Nigeria,SSA,"SSA, Nigeria",MI-L,1972,Labor_Index,66.54102683
Nigeria,SSA,"SSA, Nigeria",MI-L,1972,Capital_Index,14.32630239
Nigeria,SSA,"SSA, Nigeria",MI-L,1972,Materials_Index,13.42314608
Nigeria,SSA,"SSA, Nigeria",MI-L,1972,Outall_Q,12332044
Nigeria,SSA,"SSA, Nigeria",MI-L,1972,Outcrop_Q,11071229
Nigeria,SSA,"SSA, Nigeria",MI-L,1972,Outanim_Q,1260815
Nigeria,SSA,"SSA, Nigeria",MI-L,1972,Outfish_Q,9335.785135
Nigeria,SSA,"SSA, Nigeria",MI-L,1972,Land_Q,22555.21962
Nigeria,SSA,"SSA, Nigeria",MI-L,1972,Labor_Q,13648.09427
Nigeria,SSA,"SSA, Nigeria",MI-L,1972,Capital_Q,23530.52412
Nigeria,SSA,"SSA, Nigeria",MI-L,1972,Machinery_Q,161.2
Nigeria,SSA,"SSA, Nigeria",MI-L,1972,Livestock_Q,10291.5
Nigeria,SSA,"SSA, Nigeria",MI-L,1972,Fertilizer_Q,50231.26799
Nigeria,SSA,"SSA, Nigeria",MI-L,1972,Feed_Q,8827844.989
Nigeria,SSA,"SSA, Nigeria",MI-L,1972,Cropland_Q,21510.21
Nigeria,SSA,"SSA, Nigeria",MI-L,1972,Pasture_Q,27000
Nigeria,SSA,"SSA, Nigeria",MI-L,1972,IrrigArea_Q,200
Nigeria,SSA,"SSA, Nigeria",MI-L,1973,TFP_Index,75.88516727
Nigeria,SSA,"SSA, Nigeria",MI-L,1973,Outall_Index,23.84035845
Nigeria,SSA,"SSA, Nigeria",MI-L,1973,Input_Index,31.41636147
Nigeria,SSA,"SSA, Nigeria",MI-L,1973,Land_Index,49.95630259
Nigeria,SSA,"SSA, Nigeria",MI-L,1973,Labor_Index,66.91448976
Nigeria,SSA,"SSA, Nigeria",MI-L,1973,Capital_Index,15.04048699
Nigeria,SSA,"SSA, Nigeria",MI-L,1973,Materials_Index,13.28084489
Nigeria,SSA,"SSA, Nigeria",MI-L,1973,Outall_Q,12917538
Nigeria,SSA,"SSA, Nigeria",MI-L,1973,Outcrop_Q,11424710
Nigeria,SSA,"SSA, Nigeria",MI-L,1973,Outanim_Q,1492828
Nigeria,SSA,"SSA, Nigeria",MI-L,1973,Outfish_Q,9937.58099
Nigeria,SSA,"SSA, Nigeria",MI-L,1973,Land_Q,27169.36962
Nigeria,SSA,"SSA, Nigeria",MI-L,1973,Labor_Q,13724.69449
Nigeria,SSA,"SSA, Nigeria",MI-L,1973,Capital_Q,24703.55102
Nigeria,SSA,"SSA, Nigeria",MI-L,1973,Machinery_Q,183.2
Nigeria,SSA,"SSA, Nigeria",MI-L,1973,Livestock_Q,10738
Nigeria,SSA,"SSA, Nigeria",MI-L,1973,Fertilizer_Q,46735.038
Nigeria,SSA,"SSA, Nigeria",MI-L,1973,Feed_Q,9359513.128
Nigeria,SSA,"SSA, Nigeria",MI-L,1973,Cropland_Q,26124.36
Nigeria,SSA,"SSA, Nigeria",MI-L,1973,Pasture_Q,27000
Nigeria,SSA,"SSA, Nigeria",MI-L,1973,IrrigArea_Q,200
Nigeria,SSA,"SSA, Nigeria",MI-L,1974,TFP_Index,84.33063992
Nigeria,SSA,"SSA, Nigeria",MI-L,1974,Outall_Index,26.39375253
Nigeria,SSA,"SSA, Nigeria",MI-L,1974,Input_Index,31.29793935
Nigeria,SSA,"SSA, Nigeria",MI-L,1974,Land_Index,43.77533082
Nigeria,SSA,"SSA, Nigeria",MI-L,1974,Labor_Index,67.36328993
Nigeria,SSA,"SSA, Nigeria",MI-L,1974,Capital_Index,15.62233804
Nigeria,SSA,"SSA, Nigeria",MI-L,1974,Materials_Index,16.66322225
Nigeria,SSA,"SSA, Nigeria",MI-L,1974,Outall_Q,14301056
Nigeria,SSA,"SSA, Nigeria",MI-L,1974,Outcrop_Q,12692279
Nigeria,SSA,"SSA, Nigeria",MI-L,1974,Outanim_Q,1608777
Nigeria,SSA,"SSA, Nigeria",MI-L,1974,Outfish_Q,10529.2377
Nigeria,SSA,"SSA, Nigeria",MI-L,1974,Land_Q,23807.76962
Nigeria,SSA,"SSA, Nigeria",MI-L,1974,Labor_Q,13816.74698
Nigeria,SSA,"SSA, Nigeria",MI-L,1974,Capital_Q,25659.22399
Nigeria,SSA,"SSA, Nigeria",MI-L,1974,Machinery_Q,205.32
Nigeria,SSA,"SSA, Nigeria",MI-L,1974,Livestock_Q,11087.52
Nigeria,SSA,"SSA, Nigeria",MI-L,1974,Fertilizer_Q,61165.2904
Nigeria,SSA,"SSA, Nigeria",MI-L,1974,Feed_Q,11198905.7
Nigeria,SSA,"SSA, Nigeria",MI-L,1974,Cropland_Q,22762.76
Nigeria,SSA,"SSA, Nigeria",MI-L,1974,Pasture_Q,27000
Nigeria,SSA,"SSA, Nigeria",MI-L,1974,IrrigArea_Q,200
Nigeria,SSA,"SSA, Nigeria",MI-L,1975,TFP_Index,78.66372604
Nigeria,SSA,"SSA, Nigeria",MI-L,1975,Outall_Index,24.90663161
Nigeria,SSA,"SSA, Nigeria",MI-L,1975,Input_Index,31.66215595
Nigeria,SSA,"SSA, Nigeria",MI-L,1975,Land_Index,40.76535054
Nigeria,SSA,"SSA, Nigeria",MI-L,1975,Labor_Index,67.90944641
Nigeria,SSA,"SSA, Nigeria",MI-L,1975,Capital_Index,16.24955819
Nigeria,SSA,"SSA, Nigeria",MI-L,1975,Materials_Index,19.99264599
Nigeria,SSA,"SSA, Nigeria",MI-L,1975,Outall_Q,13495282
Nigeria,SSA,"SSA, Nigeria",MI-L,1975,Outcrop_Q,11875606
Nigeria,SSA,"SSA, Nigeria",MI-L,1975,Outanim_Q,1619677
Nigeria,SSA,"SSA, Nigeria",MI-L,1975,Outfish_Q,11131.21191
Nigeria,SSA,"SSA, Nigeria",MI-L,1975,Land_Q,22170.75362
Nigeria,SSA,"SSA, Nigeria",MI-L,1975,Labor_Q,13928.76802
Nigeria,SSA,"SSA, Nigeria",MI-L,1975,Capital_Q,26689.41437
Nigeria,SSA,"SSA, Nigeria",MI-L,1975,Machinery_Q,227.32
Nigeria,SSA,"SSA, Nigeria",MI-L,1975,Livestock_Q,11476.71
Nigeria,SSA,"SSA, Nigeria",MI-L,1975,Fertilizer_Q,87671.23057
Nigeria,SSA,"SSA, Nigeria",MI-L,1975,Feed_Q,11000955.75
Nigeria,SSA,"SSA, Nigeria",MI-L,1975,Cropland_Q,21125.744
Nigeria,SSA,"SSA, Nigeria",MI-L,1975,Pasture_Q,27000
Nigeria,SSA,"SSA, Nigeria",MI-L,1975,IrrigArea_Q,200
Nigeria,SSA,"SSA, Nigeria",MI-L,1976,TFP_Index,72.97812574
Nigeria,SSA,"SSA, Nigeria",MI-L,1976,Outall_Index,23.77183389
Nigeria,SSA,"SSA, Nigeria",MI-L,1976,Input_Index,32.5739167
Nigeria,SSA,"SSA, Nigeria",MI-L,1976,Land_Index,40.93711816
Nigeria,SSA,"SSA, Nigeria",MI-L,1976,Labor_Index,68.56359728
Nigeria,SSA,"SSA, Nigeria",MI-L,1976,Capital_Index,17.02994686
Nigeria,SSA,"SSA, Nigeria",MI-L,1976,Materials_Index,21.8206491
Nigeria,SSA,"SSA, Nigeria",MI-L,1976,Outall_Q,12880409
Nigeria,SSA,"SSA, Nigeria",MI-L,1976,Outcrop_Q,10936581
Nigeria,SSA,"SSA, Nigeria",MI-L,1976,Outanim_Q,1943827
Nigeria,SSA,"SSA, Nigeria",MI-L,1976,Outfish_Q,11718.59213
Nigeria,SSA,"SSA, Nigeria",MI-L,1976,Land_Q,22264.17162
Nigeria,SSA,"SSA, Nigeria",MI-L,1976,Labor_Q,14062.93957
Nigeria,SSA,"SSA, Nigeria",MI-L,1976,Capital_Q,27971.17947
Nigeria,SSA,"SSA, Nigeria",MI-L,1976,Machinery_Q,249.32
Nigeria,SSA,"SSA, Nigeria",MI-L,1976,Livestock_Q,11985.34
Nigeria,SSA,"SSA, Nigeria",MI-L,1976,Fertilizer_Q,113749.2209
Nigeria,SSA,"SSA, Nigeria",MI-L,1976,Feed_Q,9885199.504
Nigeria,SSA,"SSA, Nigeria",MI-L,1976,Cropland_Q,21219.162
Nigeria,SSA,"SSA, Nigeria",MI-L,1976,Pasture_Q,27000
Nigeria,SSA,"SSA, Nigeria",MI-L,1976,IrrigArea_Q,200
Nigeria,SSA,"SSA, Nigeria",MI-L,1977,TFP_Index,75.22015214
Nigeria,SSA,"SSA, Nigeria",MI-L,1977,Outall_Index,23.49604877
Nigeria,SSA,"SSA, Nigeria",MI-L,1977,Input_Index,31.23637496
Nigeria,SSA,"SSA, Nigeria",MI-L,1977,Land_Index,34.57690676
Nigeria,SSA,"SSA, Nigeria",MI-L,1977,Labor_Index,69.3040875
Nigeria,SSA,"SSA, Nigeria",MI-L,1977,Capital_Index,17.66492963
Nigeria,SSA,"SSA, Nigeria",MI-L,1977,Materials_Index,21.09997519
Nigeria,SSA,"SSA, Nigeria",MI-L,1977,Outall_Q,12730979
Nigeria,SSA,"SSA, Nigeria",MI-L,1977,Outcrop_Q,10883256
Nigeria,SSA,"SSA, Nigeria",MI-L,1977,Outanim_Q,1847722
Nigeria,SSA,"SSA, Nigeria",MI-L,1977,Outfish_Q,12331.47202
Nigeria,SSA,"SSA, Nigeria",MI-L,1977,Land_Q,18805.08987
Nigeria,SSA,"SSA, Nigeria",MI-L,1977,Labor_Q,14214.82001
Nigeria,SSA,"SSA, Nigeria",MI-L,1977,Capital_Q,29014.11972
Nigeria,SSA,"SSA, Nigeria",MI-L,1977,Machinery_Q,271.32
Nigeria,SSA,"SSA, Nigeria",MI-L,1977,Livestock_Q,12385.86
Nigeria,SSA,"SSA, Nigeria",MI-L,1977,Fertilizer_Q,110417.7497
Nigeria,SSA,"SSA, Nigeria",MI-L,1977,Feed_Q,9517324.308
Nigeria,SSA,"SSA, Nigeria",MI-L,1977,Cropland_Q,17765.01
Nigeria,SSA,"SSA, Nigeria",MI-L,1977,Pasture_Q,26682
Nigeria,SSA,"SSA, Nigeria",MI-L,1977,IrrigArea_Q,200
Nigeria,SSA,"SSA, Nigeria",MI-L,1978,TFP_Index,74.25402869
Nigeria,SSA,"SSA, Nigeria",MI-L,1978,Outall_Index,23.00637377
Nigeria,SSA,"SSA, Nigeria",MI-L,1978,Input_Index,30.98333407
Nigeria,SSA,"SSA, Nigeria",MI-L,1978,Land_Index,31.89852012
Nigeria,SSA,"SSA, Nigeria",MI-L,1978,Labor_Index,70.08343068
Nigeria,SSA,"SSA, Nigeria",MI-L,1978,Capital_Index,18.39243631
Nigeria,SSA,"SSA, Nigeria",MI-L,1978,Materials_Index,21.32779447
Nigeria,SSA,"SSA, Nigeria",MI-L,1978,Outall_Q,12465656
Nigeria,SSA,"SSA, Nigeria",MI-L,1978,Outcrop_Q,10492994
Nigeria,SSA,"SSA, Nigeria",MI-L,1978,Outanim_Q,1972661
Nigeria,SSA,"SSA, Nigeria",MI-L,1978,Outfish_Q,12916.39336
Nigeria,SSA,"SSA, Nigeria",MI-L,1978,Land_Q,17348.41528
Nigeria,SSA,"SSA, Nigeria",MI-L,1978,Labor_Q,14374.6695
Nigeria,SSA,"SSA, Nigeria",MI-L,1978,Capital_Q,30209.02774
Nigeria,SSA,"SSA, Nigeria",MI-L,1978,Machinery_Q,293.32
Nigeria,SSA,"SSA, Nigeria",MI-L,1978,Livestock_Q,12858.22
Nigeria,SSA,"SSA, Nigeria",MI-L,1978,Fertilizer_Q,109584.1625
Nigeria,SSA,"SSA, Nigeria",MI-L,1978,Feed_Q,9820289.738
Nigeria,SSA,"SSA, Nigeria",MI-L,1978,Cropland_Q,16308.94
Nigeria,SSA,"SSA, Nigeria",MI-L,1978,Pasture_Q,26643
Nigeria,SSA,"SSA, Nigeria",MI-L,1978,IrrigArea_Q,200
Nigeria,SSA,"SSA, Nigeria",MI-L,1979,TFP_Index,73.97881895
Nigeria,SSA,"SSA, Nigeria",MI-L,1979,Outall_Index,23.48719552
Nigeria,SSA,"SSA, Nigeria",MI-L,1979,Input_Index,31.7485408
Nigeria,SSA,"SSA, Nigeria",MI-L,1979,Land_Index,31.29558377
Nigeria,SSA,"SSA, Nigeria",MI-L,1979,Labor_Index,70.8367843
Nigeria,SSA,"SSA, Nigeria",MI-L,1979,Capital_Index,19.06658146
Nigeria,SSA,"SSA, Nigeria",MI-L,1979,Materials_Index,24.82529636
Nigeria,SSA,"SSA, Nigeria",MI-L,1979,Outall_Q,12726182
Nigeria,SSA,"SSA, Nigeria",MI-L,1979,Outcrop_Q,10591104
Nigeria,SSA,"SSA, Nigeria",MI-L,1979,Outanim_Q,2135077
Nigeria,SSA,"SSA, Nigeria",MI-L,1979,Outfish_Q,13464.44643
Nigeria,SSA,"SSA, Nigeria",MI-L,1979,Land_Q,17020.50069
Nigeria,SSA,"SSA, Nigeria",MI-L,1979,Labor_Q,14529.18832
Nigeria,SSA,"SSA, Nigeria",MI-L,1979,Capital_Q,31316.29102
Nigeria,SSA,"SSA, Nigeria",MI-L,1979,Machinery_Q,315.32
Nigeria,SSA,"SSA, Nigeria",MI-L,1979,Livestock_Q,13291.84
Nigeria,SSA,"SSA, Nigeria",MI-L,1979,Fertilizer_Q,147535.4321
Nigeria,SSA,"SSA, Nigeria",MI-L,1979,Feed_Q,9705211.188
Nigeria,SSA,"SSA, Nigeria",MI-L,1979,Cropland_Q,15981.63
Nigeria,SSA,"SSA, Nigeria",MI-L,1979,Pasture_Q,26604
Nigeria,SSA,"SSA, Nigeria",MI-L,1979,IrrigArea_Q,200
Nigeria,SSA,"SSA, Nigeria",MI-L,1980,TFP_Index,74.18427927
Nigeria,SSA,"SSA, Nigeria",MI-L,1980,Outall_Index,24.90389277
Nigeria,SSA,"SSA, Nigeria",MI-L,1980,Input_Index,33.57031033
Nigeria,SSA,"SSA, Nigeria",MI-L,1980,Land_Index,33.58926084
Nigeria,SSA,"SSA, Nigeria",MI-L,1980,Labor_Index,71.52630522
Nigeria,SSA,"SSA, Nigeria",MI-L,1980,Capital_Index,19.66198994
Nigeria,SSA,"SSA, Nigeria",MI-L,1980,Materials_Index,30.33654037
Nigeria,SSA,"SSA, Nigeria",MI-L,1980,Outall_Q,13493798
Nigeria,SSA,"SSA, Nigeria",MI-L,1980,Outcrop_Q,10898309
Nigeria,SSA,"SSA, Nigeria",MI-L,1980,Outanim_Q,2595489
Nigeria,SSA,"SSA, Nigeria",MI-L,1980,Outfish_Q,14065.13811
Nigeria,SSA,"SSA, Nigeria",MI-L,1980,Land_Q,18267.9461
Nigeria,SSA,"SSA, Nigeria",MI-L,1980,Labor_Q,14670.61455
Nigeria,SSA,"SSA, Nigeria",MI-L,1980,Capital_Q,32294.23168
Nigeria,SSA,"SSA, Nigeria",MI-L,1980,Machinery_Q,337.32
Nigeria,SSA,"SSA, Nigeria",MI-L,1980,Livestock_Q,13667.78
Nigeria,SSA,"SSA, Nigeria",MI-L,1980,Fertilizer_Q,214115.113
Nigeria,SSA,"SSA, Nigeria",MI-L,1980,Feed_Q,9774631.633
Nigeria,SSA,"SSA, Nigeria",MI-L,1980,Cropland_Q,17229.68
Nigeria,SSA,"SSA, Nigeria",MI-L,1980,Pasture_Q,26565
Nigeria,SSA,"SSA, Nigeria",MI-L,1980,IrrigArea_Q,200
Nigeria,SSA,"SSA, Nigeria",MI-L,1981,TFP_Index,75.67139614
Nigeria,SSA,"SSA, Nigeria",MI-L,1981,Outall_Index,24.86107899
Nigeria,SSA,"SSA, Nigeria",MI-L,1981,Input_Index,32.85399802
Nigeria,SSA,"SSA, Nigeria",MI-L,1981,Land_Index,29.31241194
Nigeria,SSA,"SSA, Nigeria",MI-L,1981,Labor_Index,72.18136251
Nigeria,SSA,"SSA, Nigeria",MI-L,1981,Capital_Index,20.10949482
Nigeria,SSA,"SSA, Nigeria",MI-L,1981,Materials_Index,33.92892655
Nigeria,SSA,"SSA, Nigeria",MI-L,1981,Outall_Q,13470600
Nigeria,SSA,"SSA, Nigeria",MI-L,1981,Outcrop_Q,11009029
Nigeria,SSA,"SSA, Nigeria",MI-L,1981,Outanim_Q,2461571
Nigeria,SSA,"SSA, Nigeria",MI-L,1981,Outfish_Q,14677.96491
Nigeria,SSA,"SSA, Nigeria",MI-L,1981,Land_Q,15941.92751
Nigeria,SSA,"SSA, Nigeria",MI-L,1981,Labor_Q,14804.97201
Nigeria,SSA,"SSA, Nigeria",MI-L,1981,Capital_Q,33029.24509
Nigeria,SSA,"SSA, Nigeria",MI-L,1981,Machinery_Q,359.32
Nigeria,SSA,"SSA, Nigeria",MI-L,1981,Livestock_Q,13934.62
Nigeria,SSA,"SSA, Nigeria",MI-L,1981,Fertilizer_Q,254218.0988
Nigeria,SSA,"SSA, Nigeria",MI-L,1981,Feed_Q,10221585.12
Nigeria,SSA,"SSA, Nigeria",MI-L,1981,Cropland_Q,14904.266
Nigeria,SSA,"SSA, Nigeria",MI-L,1981,Pasture_Q,26526
Nigeria,SSA,"SSA, Nigeria",MI-L,1981,IrrigArea_Q,200
Nigeria,SSA,"SSA, Nigeria",MI-L,1982,TFP_Index,75.99550874
Nigeria,SSA,"SSA, Nigeria",MI-L,1982,Outall_Index,25.60793381
Nigeria,SSA,"SSA, Nigeria",MI-L,1982,Input_Index,33.69664107
Nigeria,SSA,"SSA, Nigeria",MI-L,1982,Land_Index,30.51379863
Nigeria,SSA,"SSA, Nigeria",MI-L,1982,Labor_Index,72.68469365
Nigeria,SSA,"SSA, Nigeria",MI-L,1982,Capital_Index,20.67868607
Nigeria,SSA,"SSA, Nigeria",MI-L,1982,Materials_Index,34.47507532
Nigeria,SSA,"SSA, Nigeria",MI-L,1982,Outall_Q,13875272
Nigeria,SSA,"SSA, Nigeria",MI-L,1982,Outcrop_Q,11219486
Nigeria,SSA,"SSA, Nigeria",MI-L,1982,Outanim_Q,2655786
Nigeria,SSA,"SSA, Nigeria",MI-L,1982,Outfish_Q,15329.65594
Nigeria,SSA,"SSA, Nigeria",MI-L,1982,Land_Q,16595.31692
Nigeria,SSA,"SSA, Nigeria",MI-L,1982,Labor_Q,14908.20924
Nigeria,SSA,"SSA, Nigeria",MI-L,1982,Capital_Q,33964.12474
Nigeria,SSA,"SSA, Nigeria",MI-L,1982,Machinery_Q,381.32
Nigeria,SSA,"SSA, Nigeria",MI-L,1982,Livestock_Q,14293.89
Nigeria,SSA,"SSA, Nigeria",MI-L,1982,Fertilizer_Q,255079.1876
Nigeria,SSA,"SSA, Nigeria",MI-L,1982,Feed_Q,10534172.56
Nigeria,SSA,"SSA, Nigeria",MI-L,1982,Cropland_Q,15558.26
Nigeria,SSA,"SSA, Nigeria",MI-L,1982,Pasture_Q,26487
Nigeria,SSA,"SSA, Nigeria",MI-L,1982,IrrigArea_Q,200
Nigeria,SSA,"SSA, Nigeria",MI-L,1983,TFP_Index,75.90000349
Nigeria,SSA,"SSA, Nigeria",MI-L,1983,Outall_Index,25.98786874
Nigeria,SSA,"SSA, Nigeria",MI-L,1983,Input_Index,34.23961468
Nigeria,SSA,"SSA, Nigeria",MI-L,1983,Land_Index,30.48858162
Nigeria,SSA,"SSA, Nigeria",MI-L,1983,Labor_Index,73.10667787
Nigeria,SSA,"SSA, Nigeria",MI-L,1983,Capital_Index,21.24949772
Nigeria,SSA,"SSA, Nigeria",MI-L,1983,Materials_Index,36.43886864
Nigeria,SSA,"SSA, Nigeria",MI-L,1983,Outall_Q,14081134
Nigeria,SSA,"SSA, Nigeria",MI-L,1983,Outcrop_Q,11184263
Nigeria,SSA,"SSA, Nigeria",MI-L,1983,Outanim_Q,2896871
Nigeria,SSA,"SSA, Nigeria",MI-L,1983,Outfish_Q,15989.02724
Nigeria,SSA,"SSA, Nigeria",MI-L,1983,Land_Q,16581.60232
Nigeria,SSA,"SSA, Nigeria",MI-L,1983,Labor_Q,14994.76156
Nigeria,SSA,"SSA, Nigeria",MI-L,1983,Capital_Q,34901.66583
Nigeria,SSA,"SSA, Nigeria",MI-L,1983,Machinery_Q,403.32
Nigeria,SSA,"SSA, Nigeria",MI-L,1983,Livestock_Q,14655.46
Nigeria,SSA,"SSA, Nigeria",MI-L,1983,Fertilizer_Q,302586.9105
Nigeria,SSA,"SSA, Nigeria",MI-L,1983,Feed_Q,9779255.101
Nigeria,SSA,"SSA, Nigeria",MI-L,1983,Cropland_Q,15545.15
Nigeria,SSA,"SSA, Nigeria",MI-L,1983,Pasture_Q,26448
Nigeria,SSA,"SSA, Nigeria",MI-L,1983,IrrigArea_Q,200
Nigeria,SSA,"SSA, Nigeria",MI-L,1984,TFP_Index,75.15484839
Nigeria,SSA,"SSA, Nigeria",MI-L,1984,Outall_Index,27.55544959
Nigeria,SSA,"SSA, Nigeria",MI-L,1984,Input_Index,36.66489945
Nigeria,SSA,"SSA, Nigeria",MI-L,1984,Land_Index,35.81976154
Nigeria,SSA,"SSA, Nigeria",MI-L,1984,Labor_Index,73.18672088
Nigeria,SSA,"SSA, Nigeria",MI-L,1984,Capital_Index,21.81066417
Nigeria,SSA,"SSA, Nigeria",MI-L,1984,Materials_Index,39.60931845
Nigeria,SSA,"SSA, Nigeria",MI-L,1984,Outall_Q,14930504
Nigeria,SSA,"SSA, Nigeria",MI-L,1984,Outcrop_Q,11937792
Nigeria,SSA,"SSA, Nigeria",MI-L,1984,Outanim_Q,2992712
Nigeria,SSA,"SSA, Nigeria",MI-L,1984,Outfish_Q,15259.01956
Nigeria,SSA,"SSA, Nigeria",MI-L,1984,Land_Q,19481.03223
Nigeria,SSA,"SSA, Nigeria",MI-L,1984,Labor_Q,15011.17902
Nigeria,SSA,"SSA, Nigeria",MI-L,1984,Capital_Q,35823.36499
Nigeria,SSA,"SSA, Nigeria",MI-L,1984,Machinery_Q,425.32
Nigeria,SSA,"SSA, Nigeria",MI-L,1984,Livestock_Q,15010.82
Nigeria,SSA,"SSA, Nigeria",MI-L,1984,Fertilizer_Q,314329.9326
Nigeria,SSA,"SSA, Nigeria",MI-L,1984,Feed_Q,11186319.11
Nigeria,SSA,"SSA, Nigeria",MI-L,1984,Cropland_Q,18445.2
Nigeria,SSA,"SSA, Nigeria",MI-L,1984,Pasture_Q,26408
Nigeria,SSA,"SSA, Nigeria",MI-L,1984,IrrigArea_Q,200
Nigeria,SSA,"SSA, Nigeria",MI-L,1985,TFP_Index,78.24731809
Nigeria,SSA,"SSA, Nigeria",MI-L,1985,Outall_Index,29.52974475
Nigeria,SSA,"SSA, Nigeria",MI-L,1985,Input_Index,37.73898643
Nigeria,SSA,"SSA, Nigeria",MI-L,1985,Land_Index,38.27735867
Nigeria,SSA,"SSA, Nigeria",MI-L,1985,Labor_Index,73.24713108
Nigeria,SSA,"SSA, Nigeria",MI-L,1985,Capital_Index,22.51571537
Nigeria,SSA,"SSA, Nigeria",MI-L,1985,Materials_Index,38.5495406
Nigeria,SSA,"SSA, Nigeria",MI-L,1985,Outall_Q,16000246
Nigeria,SSA,"SSA, Nigeria",MI-L,1985,Outcrop_Q,12644246
Nigeria,SSA,"SSA, Nigeria",MI-L,1985,Outanim_Q,3356000
Nigeria,SSA,"SSA, Nigeria",MI-L,1985,Outfish_Q,18290.90356
Nigeria,SSA,"SSA, Nigeria",MI-L,1985,Land_Q,20817.62764
Nigeria,SSA,"SSA, Nigeria",MI-L,1985,Labor_Q,15023.56963
Nigeria,SSA,"SSA, Nigeria",MI-L,1985,Capital_Q,36981.39054
Nigeria,SSA,"SSA, Nigeria",MI-L,1985,Machinery_Q,447.32
Nigeria,SSA,"SSA, Nigeria",MI-L,1985,Livestock_Q,15473.595
Nigeria,SSA,"SSA, Nigeria",MI-L,1985,Fertilizer_Q,276196.1969
Nigeria,SSA,"SSA, Nigeria",MI-L,1985,Feed_Q,12213074.65
Nigeria,SSA,"SSA, Nigeria",MI-L,1985,Cropland_Q,19782.4
Nigeria,SSA,"SSA, Nigeria",MI-L,1985,Pasture_Q,26369
Nigeria,SSA,"SSA, Nigeria",MI-L,1985,IrrigArea_Q,200
Nigeria,SSA,"SSA, Nigeria",MI-L,1986,TFP_Index,76.04972631
Nigeria,SSA,"SSA, Nigeria",MI-L,1986,Outall_Index,31.06161362
Nigeria,SSA,"SSA, Nigeria",MI-L,1986,Input_Index,40.84382039
Nigeria,SSA,"SSA, Nigeria",MI-L,1986,Land_Index,44.85456171
Nigeria,SSA,"SSA, Nigeria",MI-L,1986,Labor_Index,73.31770614
Nigeria,SSA,"SSA, Nigeria",MI-L,1986,Capital_Index,23.43091875
Nigeria,SSA,"SSA, Nigeria",MI-L,1986,Materials_Index,44.77429455
Nigeria,SSA,"SSA, Nigeria",MI-L,1986,Outall_Q,16830266
Nigeria,SSA,"SSA, Nigeria",MI-L,1986,Outcrop_Q,13878122
Nigeria,SSA,"SSA, Nigeria",MI-L,1986,Outanim_Q,2952144
Nigeria,SSA,"SSA, Nigeria",MI-L,1986,Outfish_Q,12870.16743
Nigeria,SSA,"SSA, Nigeria",MI-L,1986,Land_Q,24394.72305
Nigeria,SSA,"SSA, Nigeria",MI-L,1986,Labor_Q,15038.04514
Nigeria,SSA,"SSA, Nigeria",MI-L,1986,Capital_Q,38484.58477
Nigeria,SSA,"SSA, Nigeria",MI-L,1986,Machinery_Q,469.32
Nigeria,SSA,"SSA, Nigeria",MI-L,1986,Livestock_Q,16092.31
Nigeria,SSA,"SSA, Nigeria",MI-L,1986,Fertilizer_Q,317421.9185
Nigeria,SSA,"SSA, Nigeria",MI-L,1986,Feed_Q,14354773.11
Nigeria,SSA,"SSA, Nigeria",MI-L,1986,Cropland_Q,23360.1
Nigeria,SSA,"SSA, Nigeria",MI-L,1986,Pasture_Q,26330
Nigeria,SSA,"SSA, Nigeria",MI-L,1986,IrrigArea_Q,200
Nigeria,SSA,"SSA, Nigeria",MI-L,1987,TFP_Index,76.12925793
Nigeria,SSA,"SSA, Nigeria",MI-L,1987,Outall_Index,31.78523996
Nigeria,SSA,"SSA, Nigeria",MI-L,1987,Input_Index,41.75167449
Nigeria,SSA,"SSA, Nigeria",MI-L,1987,Land_Index,45.89488937
Nigeria,SSA,"SSA, Nigeria",MI-L,1987,Labor_Index,73.89875167
Nigeria,SSA,"SSA, Nigeria",MI-L,1987,Capital_Index,24.21944529
Nigeria,SSA,"SSA, Nigeria",MI-L,1987,Materials_Index,45.55600216
Nigeria,SSA,"SSA, Nigeria",MI-L,1987,Outall_Q,17222352
Nigeria,SSA,"SSA, Nigeria",MI-L,1987,Outcrop_Q,14208550
Nigeria,SSA,"SSA, Nigeria",MI-L,1987,Outanim_Q,3013802
Nigeria,SSA,"SSA, Nigeria",MI-L,1987,Outfish_Q,14157.54769
Nigeria,SSA,"SSA, Nigeria",MI-L,1987,Land_Q,24960.51846
Nigeria,SSA,"SSA, Nigeria",MI-L,1987,Labor_Q,15157.2222
Nigeria,SSA,"SSA, Nigeria",MI-L,1987,Capital_Q,39779.71609
Nigeria,SSA,"SSA, Nigeria",MI-L,1987,Machinery_Q,491.32
Nigeria,SSA,"SSA, Nigeria",MI-L,1987,Livestock_Q,16617.4008
Nigeria,SSA,"SSA, Nigeria",MI-L,1987,Fertilizer_Q,302676.0011
Nigeria,SSA,"SSA, Nigeria",MI-L,1987,Feed_Q,15710737.05
Nigeria,SSA,"SSA, Nigeria",MI-L,1987,Cropland_Q,23926.5
Nigeria,SSA,"SSA, Nigeria",MI-L,1987,Pasture_Q,26291
Nigeria,SSA,"SSA, Nigeria",MI-L,1987,IrrigArea_Q,200
Nigeria,SSA,"SSA, Nigeria",MI-L,1988,TFP_Index,82.77798432
Nigeria,SSA,"SSA, Nigeria",MI-L,1988,Outall_Index,35.8750375
Nigeria,SSA,"SSA, Nigeria",MI-L,1988,Input_Index,43.33886335
Nigeria,SSA,"SSA, Nigeria",MI-L,1988,Land_Index,46.37864273
Nigeria,SSA,"SSA, Nigeria",MI-L,1988,Labor_Index,74.50881685
Nigeria,SSA,"SSA, Nigeria",MI-L,1988,Capital_Index,25.05977469
Nigeria,SSA,"SSA, Nigeria",MI-L,1988,Materials_Index,55.54407131
Nigeria,SSA,"SSA, Nigeria",MI-L,1988,Outall_Q,19438347
Nigeria,SSA,"SSA, Nigeria",MI-L,1988,Outcrop_Q,16523952
Nigeria,SSA,"SSA, Nigeria",MI-L,1988,Outanim_Q,2914395
Nigeria,SSA,"SSA, Nigeria",MI-L,1988,Outfish_Q,24547.4215
Nigeria,SSA,"SSA, Nigeria",MI-L,1988,Land_Q,25223.61386
Nigeria,SSA,"SSA, Nigeria",MI-L,1988,Labor_Q,15282.35143
Nigeria,SSA,"SSA, Nigeria",MI-L,1988,Capital_Q,41159.93203
Nigeria,SSA,"SSA, Nigeria",MI-L,1988,Machinery_Q,513.32
Nigeria,SSA,"SSA, Nigeria",MI-L,1988,Livestock_Q,17180.9808
Nigeria,SSA,"SSA, Nigeria",MI-L,1988,Fertilizer_Q,396688.1788
Nigeria,SSA,"SSA, Nigeria",MI-L,1988,Feed_Q,17660504.78
Nigeria,SSA,"SSA, Nigeria",MI-L,1988,Cropland_Q,24190.2
Nigeria,SSA,"SSA, Nigeria",MI-L,1988,Pasture_Q,26252
Nigeria,SSA,"SSA, Nigeria",MI-L,1988,IrrigArea_Q,200
Nigeria,SSA,"SSA, Nigeria",MI-L,1989,TFP_Index,86.25630631
Nigeria,SSA,"SSA, Nigeria",MI-L,1989,Outall_Index,39.43072769
Nigeria,SSA,"SSA, Nigeria",MI-L,1989,Input_Index,45.71344331
Nigeria,SSA,"SSA, Nigeria",MI-L,1989,Land_Index,51.38835089
Nigeria,SSA,"SSA, Nigeria",MI-L,1989,Labor_Index,75.12245251
Nigeria,SSA,"SSA, Nigeria",MI-L,1989,Capital_Index,25.90127605
Nigeria,SSA,"SSA, Nigeria",MI-L,1989,Materials_Index,59.97380751
Nigeria,SSA,"SSA, Nigeria",MI-L,1989,Outall_Q,21364944
Nigeria,SSA,"SSA, Nigeria",MI-L,1989,Outcrop_Q,18497060
Nigeria,SSA,"SSA, Nigeria",MI-L,1989,Outanim_Q,2867883
Nigeria,SSA,"SSA, Nigeria",MI-L,1989,Outfish_Q,58426.98622
Nigeria,SSA,"SSA, Nigeria",MI-L,1989,Land_Q,27948.20727
Nigeria,SSA,"SSA, Nigeria",MI-L,1989,Labor_Q,15408.21298
Nigeria,SSA,"SSA, Nigeria",MI-L,1989,Capital_Q,42542.0729
Nigeria,SSA,"SSA, Nigeria",MI-L,1989,Machinery_Q,535.32
Nigeria,SSA,"SSA, Nigeria",MI-L,1989,Livestock_Q,17745.552
Nigeria,SSA,"SSA, Nigeria",MI-L,1989,Fertilizer_Q,442361.9406
Nigeria,SSA,"SSA, Nigeria",MI-L,1989,Feed_Q,18389884.94
Nigeria,SSA,"SSA, Nigeria",MI-L,1989,Cropland_Q,26915.398
Nigeria,SSA,"SSA, Nigeria",MI-L,1989,Pasture_Q,26213
Nigeria,SSA,"SSA, Nigeria",MI-L,1989,IrrigArea_Q,200
Nigeria,SSA,"SSA, Nigeria",MI-L,1990,TFP_Index,87.48717449
Nigeria,SSA,"SSA, Nigeria",MI-L,1990,Outall_Index,41.53991634
Nigeria,SSA,"SSA, Nigeria",MI-L,1990,Input_Index,47.48114976
Nigeria,SSA,"SSA, Nigeria",MI-L,1990,Land_Index,54.89499226
Nigeria,SSA,"SSA, Nigeria",MI-L,1990,Labor_Index,75.71783683
Nigeria,SSA,"SSA, Nigeria",MI-L,1990,Capital_Index,26.25161408
Nigeria,SSA,"SSA, Nigeria",MI-L,1990,Materials_Index,66.46518258
Nigeria,SSA,"SSA, Nigeria",MI-L,1990,Outall_Q,22507776
Nigeria,SSA,"SSA, Nigeria",MI-L,1990,Outcrop_Q,19592953
Nigeria,SSA,"SSA, Nigeria",MI-L,1990,Outanim_Q,2914823
Nigeria,SSA,"SSA, Nigeria",MI-L,1990,Outfish_Q,17124.42651
Nigeria,SSA,"SSA, Nigeria",MI-L,1990,Land_Q,29855.33872
Nigeria,SSA,"SSA, Nigeria",MI-L,1990,Labor_Q,15530.33105
Nigeria,SSA,"SSA, Nigeria",MI-L,1990,Capital_Q,43117.49267
Nigeria,SSA,"SSA, Nigeria",MI-L,1990,Machinery_Q,557.32
Nigeria,SSA,"SSA, Nigeria",MI-L,1990,Livestock_Q,17948.0008
Nigeria,SSA,"SSA, Nigeria",MI-L,1990,Fertilizer_Q,486012.3728
Nigeria,SSA,"SSA, Nigeria",MI-L,1990,Feed_Q,20579890.45
Nigeria,SSA,"SSA, Nigeria",MI-L,1990,Cropland_Q,28721.943
Nigeria,SSA,"SSA, Nigeria",MI-L,1990,Pasture_Q,26640
Nigeria,SSA,"SSA, Nigeria",MI-L,1990,IrrigArea_Q,230
Nigeria,SSA,"SSA, Nigeria",MI-L,1991,TFP_Index,92.08576711
Nigeria,SSA,"SSA, Nigeria",MI-L,1991,Outall_Index,46.45301634
Nigeria,SSA,"SSA, Nigeria",MI-L,1991,Input_Index,50.4453813
Nigeria,SSA,"SSA, Nigeria",MI-L,1991,Land_Index,61.42473223
Nigeria,SSA,"SSA, Nigeria",MI-L,1991,Labor_Index,79.4270393
Nigeria,SSA,"SSA, Nigeria",MI-L,1991,Capital_Index,26.49016318
Nigeria,SSA,"SSA, Nigeria",MI-L,1991,Materials_Index,73.32331511
Nigeria,SSA,"SSA, Nigeria",MI-L,1991,Outall_Q,25169865
Nigeria,SSA,"SSA, Nigeria",MI-L,1991,Outcrop_Q,22273066
Nigeria,SSA,"SSA, Nigeria",MI-L,1991,Outanim_Q,2896799
Nigeria,SSA,"SSA, Nigeria",MI-L,1991,Outfish_Q,38757.82114
Nigeria,SSA,"SSA, Nigeria",MI-L,1991,Land_Q,33406.62073
Nigeria,SSA,"SSA, Nigeria",MI-L,1991,Labor_Q,16291.118
Nigeria,SSA,"SSA, Nigeria",MI-L,1991,Capital_Q,43509.30244
Nigeria,SSA,"SSA, Nigeria",MI-L,1991,Machinery_Q,579.32
Nigeria,SSA,"SSA, Nigeria",MI-L,1991,Livestock_Q,18069.272
Nigeria,SSA,"SSA, Nigeria",MI-L,1991,Fertilizer_Q,516973.0276
Nigeria,SSA,"SSA, Nigeria",MI-L,1991,Feed_Q,23653130.1
Nigeria,SSA,"SSA, Nigeria",MI-L,1991,Cropland_Q,32271.657
Nigeria,SSA,"SSA, Nigeria",MI-L,1991,Pasture_Q,26135
Nigeria,SSA,"SSA, Nigeria",MI-L,1991,IrrigArea_Q,233
Nigeria,SSA,"SSA, Nigeria",MI-L,1992,TFP_Index,96.08216267
Nigeria,SSA,"SSA, Nigeria",MI-L,1992,Outall_Index,49.8186191
Nigeria,SSA,"SSA, Nigeria",MI-L,1992,Input_Index,51.85001848
Nigeria,SSA,"SSA, Nigeria",MI-L,1992,Land_Index,63.65384338
Nigeria,SSA,"SSA, Nigeria",MI-L,1992,Labor_Index,81.36126458
Nigeria,SSA,"SSA, Nigeria",MI-L,1992,Capital_Index,26.84331151
Nigeria,SSA,"SSA, Nigeria",MI-L,1992,Materials_Index,77.55820476
Nigeria,SSA,"SSA, Nigeria",MI-L,1992,Outall_Q,26993466
Nigeria,SSA,"SSA, Nigeria",MI-L,1992,Outcrop_Q,24054470
Nigeria,SSA,"SSA, Nigeria",MI-L,1992,Outanim_Q,2938996
Nigeria,SSA,"SSA, Nigeria",MI-L,1992,Outfish_Q,40731.14825
Nigeria,SSA,"SSA, Nigeria",MI-L,1992,Land_Q,34618.95113
Nigeria,SSA,"SSA, Nigeria",MI-L,1992,Labor_Q,16687.843
Nigeria,SSA,"SSA, Nigeria",MI-L,1992,Capital_Q,44089.33804
Nigeria,SSA,"SSA, Nigeria",MI-L,1992,Machinery_Q,601.32
Nigeria,SSA,"SSA, Nigeria",MI-L,1992,Livestock_Q,18275.9072
Nigeria,SSA,"SSA, Nigeria",MI-L,1992,Fertilizer_Q,530326.7504
Nigeria,SSA,"SSA, Nigeria",MI-L,1992,Feed_Q,25896510.22
Nigeria,SSA,"SSA, Nigeria",MI-L,1992,Cropland_Q,33484.592
Nigeria,SSA,"SSA, Nigeria",MI-L,1992,Pasture_Q,26096
Nigeria,SSA,"SSA, Nigeria",MI-L,1992,IrrigArea_Q,233
Nigeria,SSA,"SSA, Nigeria",MI-L,1993,TFP_Index,97.63102507
Nigeria,SSA,"SSA, Nigeria",MI-L,1993,Outall_Index,52.59377815
Nigeria,SSA,"SSA, Nigeria",MI-L,1993,Input_Index,53.86994361
Nigeria,SSA,"SSA, Nigeria",MI-L,1993,Land_Index,66.21980057
Nigeria,SSA,"SSA, Nigeria",MI-L,1993,Labor_Index,83.56477243
Nigeria,SSA,"SSA, Nigeria",MI-L,1993,Capital_Index,27.98651155
Nigeria,SSA,"SSA, Nigeria",MI-L,1993,Materials_Index,81.5823803
Nigeria,SSA,"SSA, Nigeria",MI-L,1993,Outall_Q,28497144
Nigeria,SSA,"SSA, Nigeria",MI-L,1993,Outcrop_Q,25299646
Nigeria,SSA,"SSA, Nigeria",MI-L,1993,Outanim_Q,3197497
Nigeria,SSA,"SSA, Nigeria",MI-L,1993,Outfish_Q,40440.23225
Nigeria,SSA,"SSA, Nigeria",MI-L,1993,Land_Q,36014.47954
Nigeria,SSA,"SSA, Nigeria",MI-L,1993,Labor_Q,17139.8
Nigeria,SSA,"SSA, Nigeria",MI-L,1993,Capital_Q,45967.00999
Nigeria,SSA,"SSA, Nigeria",MI-L,1993,Machinery_Q,623.32
Nigeria,SSA,"SSA, Nigeria",MI-L,1993,Livestock_Q,19062.8132
Nigeria,SSA,"SSA, Nigeria",MI-L,1993,Fertilizer_Q,554867.6094
Nigeria,SSA,"SSA, Nigeria",MI-L,1993,Feed_Q,27404495.77
Nigeria,SSA,"SSA, Nigeria",MI-L,1993,Cropland_Q,34880.725
Nigeria,SSA,"SSA, Nigeria",MI-L,1993,Pasture_Q,26057
Nigeria,SSA,"SSA, Nigeria",MI-L,1993,IrrigArea_Q,233
Nigeria,SSA,"SSA, Nigeria",MI-L,1994,TFP_Index,99.90160018
Nigeria,SSA,"SSA, Nigeria",MI-L,1994,Outall_Index,54.43649264
Nigeria,SSA,"SSA, Nigeria",MI-L,1994,Input_Index,54.49011081
Nigeria,SSA,"SSA, Nigeria",MI-L,1994,Land_Index,68.88493169
Nigeria,SSA,"SSA, Nigeria",MI-L,1994,Labor_Index,85.84351383
Nigeria,SSA,"SSA, Nigeria",MI-L,1994,Capital_Index,28.69542009
Nigeria,SSA,"SSA, Nigeria",MI-L,1994,Materials_Index,69.96673905
Nigeria,SSA,"SSA, Nigeria",MI-L,1994,Outall_Q,29495591
Nigeria,SSA,"SSA, Nigeria",MI-L,1994,Outcrop_Q,26009575
Nigeria,SSA,"SSA, Nigeria",MI-L,1994,Outanim_Q,3486017
Nigeria,SSA,"SSA, Nigeria",MI-L,1994,Outfish_Q,36458.29909
Nigeria,SSA,"SSA, Nigeria",MI-L,1994,Land_Q,37463.94495
Nigeria,SSA,"SSA, Nigeria",MI-L,1994,Labor_Q,17607.188
Nigeria,SSA,"SSA, Nigeria",MI-L,1994,Capital_Q,47131.37111
Nigeria,SSA,"SSA, Nigeria",MI-L,1994,Machinery_Q,645.32
Nigeria,SSA,"SSA, Nigeria",MI-L,1994,Livestock_Q,19530.9568
Nigeria,SSA,"SSA, Nigeria",MI-L,1994,Fertilizer_Q,393560.7503
Nigeria,SSA,"SSA, Nigeria",MI-L,1994,Feed_Q,29097585.93
Nigeria,SSA,"SSA, Nigeria",MI-L,1994,Cropland_Q,36330.795
Nigeria,SSA,"SSA, Nigeria",MI-L,1994,Pasture_Q,26018
Nigeria,SSA,"SSA, Nigeria",MI-L,1994,IrrigArea_Q,233
Nigeria,SSA,"SSA, Nigeria",MI-L,1995,TFP_Index,102.1858839
Nigeria,SSA,"SSA, Nigeria",MI-L,1995,Outall_Index,56.56169724
Nigeria,SSA,"SSA, Nigeria",MI-L,1995,Input_Index,55.35177179
Nigeria,SSA,"SSA, Nigeria",MI-L,1995,Land_Index,72.72801637
Nigeria,SSA,"SSA, Nigeria",MI-L,1995,Labor_Index,88.07511907
Nigeria,SSA,"SSA, Nigeria",MI-L,1995,Capital_Index,29.44174396
Nigeria,SSA,"SSA, Nigeria",MI-L,1995,Materials_Index,59.80566391
Nigeria,SSA,"SSA, Nigeria",MI-L,1995,Outall_Q,30647101
Nigeria,SSA,"SSA, Nigeria",MI-L,1995,Outcrop_Q,27061633
Nigeria,SSA,"SSA, Nigeria",MI-L,1995,Outanim_Q,3585468
Nigeria,SSA,"SSA, Nigeria",MI-L,1995,Outfish_Q,39997.67958
Nigeria,SSA,"SSA, Nigeria",MI-L,1995,Land_Q,39554.05536
Nigeria,SSA,"SSA, Nigeria",MI-L,1995,Labor_Q,18064.908
Nigeria,SSA,"SSA, Nigeria",MI-L,1995,Capital_Q,48357.18579
Nigeria,SSA,"SSA, Nigeria",MI-L,1995,Machinery_Q,667.32
Nigeria,SSA,"SSA, Nigeria",MI-L,1995,Livestock_Q,20026.6773
Nigeria,SSA,"SSA, Nigeria",MI-L,1995,Fertilizer_Q,283895.2041
Nigeria,SSA,"SSA, Nigeria",MI-L,1995,Feed_Q,30101455.49
Nigeria,SSA,"SSA, Nigeria",MI-L,1995,Cropland_Q,38421.51
Nigeria,SSA,"SSA, Nigeria",MI-L,1995,Pasture_Q,25979
Nigeria,SSA,"SSA, Nigeria",MI-L,1995,IrrigArea_Q,233
Nigeria,SSA,"SSA, Nigeria",MI-L,1996,TFP_Index,104.1280747
Nigeria,SSA,"SSA, Nigeria",MI-L,1996,Outall_Index,59.17702347
Nigeria,SSA,"SSA, Nigeria",MI-L,1996,Input_Index,56.83099745
Nigeria,SSA,"SSA, Nigeria",MI-L,1996,Land_Index,73.2297614
Nigeria,SSA,"SSA, Nigeria",MI-L,1996,Labor_Index,90.13769139
Nigeria,SSA,"SSA, Nigeria",MI-L,1996,Capital_Index,31.26537743
Nigeria,SSA,"SSA, Nigeria",MI-L,1996,Materials_Index,58.95006578
Nigeria,SSA,"SSA, Nigeria",MI-L,1996,Outall_Q,32064176
Nigeria,SSA,"SSA, Nigeria",MI-L,1996,Outcrop_Q,28385499
Nigeria,SSA,"SSA, Nigeria",MI-L,1996,Outanim_Q,3678677
Nigeria,SSA,"SSA, Nigeria",MI-L,1996,Outfish_Q,43414.76715
Nigeria,SSA,"SSA, Nigeria",MI-L,1996,Land_Q,39826.93577
Nigeria,SSA,"SSA, Nigeria",MI-L,1996,Labor_Q,18487.958
Nigeria,SSA,"SSA, Nigeria",MI-L,1996,Capital_Q,51352.44935
Nigeria,SSA,"SSA, Nigeria",MI-L,1996,Machinery_Q,689.32
Nigeria,SSA,"SSA, Nigeria",MI-L,1996,Livestock_Q,20465.5873
Nigeria,SSA,"SSA, Nigeria",MI-L,1996,Fertilizer_Q,277347.6821
Nigeria,SSA,"SSA, Nigeria",MI-L,1996,Feed_Q,29970047.16
Nigeria,SSA,"SSA, Nigeria",MI-L,1996,Cropland_Q,38694.995
Nigeria,SSA,"SSA, Nigeria",MI-L,1996,Pasture_Q,25940
Nigeria,SSA,"SSA, Nigeria",MI-L,1996,IrrigArea_Q,233
Nigeria,SSA,"SSA, Nigeria",MI-L,1997,TFP_Index,105.7872626
Nigeria,SSA,"SSA, Nigeria",MI-L,1997,Outall_Index,61.55548603
Nigeria,SSA,"SSA, Nigeria",MI-L,1997,Input_Index,58.18799403
Nigeria,SSA,"SSA, Nigeria",MI-L,1997,Land_Index,74.38650171
Nigeria,SSA,"SSA, Nigeria",MI-L,1997,Labor_Index,92.13421556
Nigeria,SSA,"SSA, Nigeria",MI-L,1997,Capital_Index,33.1717627
Nigeria,SSA,"SSA, Nigeria",MI-L,1997,Materials_Index,55.4134885
Nigeria,SSA,"SSA, Nigeria",MI-L,1997,Outall_Q,33352910
Nigeria,SSA,"SSA, Nigeria",MI-L,1997,Outcrop_Q,29538115
Nigeria,SSA,"SSA, Nigeria",MI-L,1997,Outanim_Q,3814795
Nigeria,SSA,"SSA, Nigeria",MI-L,1997,Outfish_Q,54119.77823
Nigeria,SSA,"SSA, Nigeria",MI-L,1997,Land_Q,40456.04367
Nigeria,SSA,"SSA, Nigeria",MI-L,1997,Labor_Q,18897.461
Nigeria,SSA,"SSA, Nigeria",MI-L,1997,Capital_Q,54483.63025
Nigeria,SSA,"SSA, Nigeria",MI-L,1997,Machinery_Q,711.32
Nigeria,SSA,"SSA, Nigeria",MI-L,1997,Livestock_Q,20981.8652
Nigeria,SSA,"SSA, Nigeria",MI-L,1997,Fertilizer_Q,243710.1604
Nigeria,SSA,"SSA, Nigeria",MI-L,1997,Feed_Q,30391074.12
Nigeria,SSA,"SSA, Nigeria",MI-L,1997,Cropland_Q,39324.723
Nigeria,SSA,"SSA, Nigeria",MI-L,1997,Pasture_Q,25900
Nigeria,SSA,"SSA, Nigeria",MI-L,1997,IrrigArea_Q,233
Nigeria,SSA,"SSA, Nigeria",MI-L,1998,TFP_Index,106.5383618
Nigeria,SSA,"SSA, Nigeria",MI-L,1998,Outall_Index,65.07453959
Nigeria,SSA,"SSA, Nigeria",MI-L,1998,Input_Index,61.08085244
Nigeria,SSA,"SSA, Nigeria",MI-L,1998,Land_Index,79.18747724
Nigeria,SSA,"SSA, Nigeria",MI-L,1998,Labor_Index,93.97211108
Nigeria,SSA,"SSA, Nigeria",MI-L,1998,Capital_Index,34.87221809
Nigeria,SSA,"SSA, Nigeria",MI-L,1998,Materials_Index,59.43179457
Nigeria,SSA,"SSA, Nigeria",MI-L,1998,Outall_Q,35259656
Nigeria,SSA,"SSA, Nigeria",MI-L,1998,Outcrop_Q,31096694
Nigeria,SSA,"SSA, Nigeria",MI-L,1998,Outanim_Q,4162962
Nigeria,SSA,"SSA, Nigeria",MI-L,1998,Outfish_Q,45568.68844
Nigeria,SSA,"SSA, Nigeria",MI-L,1998,Land_Q,43067.11519
Nigeria,SSA,"SSA, Nigeria",MI-L,1998,Labor_Q,19274.428
Nigeria,SSA,"SSA, Nigeria",MI-L,1998,Capital_Q,57276.57748
Nigeria,SSA,"SSA, Nigeria",MI-L,1998,Machinery_Q,733.32
Nigeria,SSA,"SSA, Nigeria",MI-L,1998,Livestock_Q,21514.8434
Nigeria,SSA,"SSA, Nigeria",MI-L,1998,Fertilizer_Q,274293.3236
Nigeria,SSA,"SSA, Nigeria",MI-L,1998,Feed_Q,30874828.6
Nigeria,SSA,"SSA, Nigeria",MI-L,1998,Cropland_Q,41899.752
Nigeria,SSA,"SSA, Nigeria",MI-L,1998,Pasture_Q,25861
Nigeria,SSA,"SSA, Nigeria",MI-L,1998,IrrigArea_Q,244.7
Nigeria,SSA,"SSA, Nigeria",MI-L,1999,TFP_Index,109.5453239
Nigeria,SSA,"SSA, Nigeria",MI-L,1999,Outall_Index,67.96284012
Nigeria,SSA,"SSA, Nigeria",MI-L,1999,Input_Index,62.04084091
Nigeria,SSA,"SSA, Nigeria",MI-L,1999,Land_Index,77.5693855
Nigeria,SSA,"SSA, Nigeria",MI-L,1999,Labor_Index,95.71172177
Nigeria,SSA,"SSA, Nigeria",MI-L,1999,Capital_Index,36.4881707
Nigeria,SSA,"SSA, Nigeria",MI-L,1999,Materials_Index,60.88161575
Nigeria,SSA,"SSA, Nigeria",MI-L,1999,Outall_Q,36824638
Nigeria,SSA,"SSA, Nigeria",MI-L,1999,Outcrop_Q,32472192
Nigeria,SSA,"SSA, Nigeria",MI-L,1999,Outanim_Q,4352447
Nigeria,SSA,"SSA, Nigeria",MI-L,1999,Outfish_Q,48417.56675
Nigeria,SSA,"SSA, Nigeria",MI-L,1999,Land_Q,42187.09545
Nigeria,SSA,"SSA, Nigeria",MI-L,1999,Labor_Q,19631.236
Nigeria,SSA,"SSA, Nigeria",MI-L,1999,Capital_Q,59930.73141
Nigeria,SSA,"SSA, Nigeria",MI-L,1999,Machinery_Q,755.32
Nigeria,SSA,"SSA, Nigeria",MI-L,1999,Livestock_Q,22100.2574
Nigeria,SSA,"SSA, Nigeria",MI-L,1999,Fertilizer_Q,283273.3874
Nigeria,SSA,"SSA, Nigeria",MI-L,1999,Feed_Q,31340798.93
Nigeria,SSA,"SSA, Nigeria",MI-L,1999,Cropland_Q,40998.603
Nigeria,SSA,"SSA, Nigeria",MI-L,1999,Pasture_Q,24860
Nigeria,SSA,"SSA, Nigeria",MI-L,1999,IrrigArea_Q,256.4
Nigeria,SSA,"SSA, Nigeria",MI-L,2000,TFP_Index,107.8458965
Nigeria,SSA,"SSA, Nigeria",MI-L,2000,Outall_Index,68.56153911
Nigeria,SSA,"SSA, Nigeria",MI-L,2000,Input_Index,63.57361879
Nigeria,SSA,"SSA, Nigeria",MI-L,2000,Land_Index,78.9620045
Nigeria,SSA,"SSA, Nigeria",MI-L,2000,Labor_Index,96.75996485
Nigeria,SSA,"SSA, Nigeria",MI-L,2000,Capital_Index,38.00391536
Nigeria,SSA,"SSA, Nigeria",MI-L,2000,Materials_Index,62.40571019
Nigeria,SSA,"SSA, Nigeria",MI-L,2000,Outall_Q,37149034
Nigeria,SSA,"SSA, Nigeria",MI-L,2000,Outcrop_Q,32824205
Nigeria,SSA,"SSA, Nigeria",MI-L,2000,Outanim_Q,4324830
Nigeria,SSA,"SSA, Nigeria",MI-L,2000,Outfish_Q,57284.95108
Nigeria,SSA,"SSA, Nigeria",MI-L,2000,Land_Q,42944.48898
Nigeria,SSA,"SSA, Nigeria",MI-L,2000,Labor_Q,19846.239
Nigeria,SSA,"SSA, Nigeria",MI-L,2000,Capital_Q,62420.29679
Nigeria,SSA,"SSA, Nigeria",MI-L,2000,Machinery_Q,777.32
Nigeria,SSA,"SSA, Nigeria",MI-L,2000,Livestock_Q,22495.6648
Nigeria,SSA,"SSA, Nigeria",MI-L,2000,Fertilizer_Q,305919.8381
Nigeria,SSA,"SSA, Nigeria",MI-L,2000,Feed_Q,30294453.25
Nigeria,SSA,"SSA, Nigeria",MI-L,2000,Cropland_Q,41722.019
Nigeria,SSA,"SSA, Nigeria",MI-L,2000,Pasture_Q,24708
Nigeria,SSA,"SSA, Nigeria",MI-L,2000,IrrigArea_Q,268
Nigeria,SSA,"SSA, Nigeria",MI-L,2001,TFP_Index,106.5876807
Nigeria,SSA,"SSA, Nigeria",MI-L,2001,Outall_Index,68.39522276
Nigeria,SSA,"SSA, Nigeria",MI-L,2001,Input_Index,64.16803734
Nigeria,SSA,"SSA, Nigeria",MI-L,2001,Land_Index,75.52238543
Nigeria,SSA,"SSA, Nigeria",MI-L,2001,Labor_Index,97.94098191
Nigeria,SSA,"SSA, Nigeria",MI-L,2001,Capital_Index,39.43639452
Nigeria,SSA,"SSA, Nigeria",MI-L,2001,Materials_Index,67.42631411
Nigeria,SSA,"SSA, Nigeria",MI-L,2001,Outall_Q,37058918
Nigeria,SSA,"SSA, Nigeria",MI-L,2001,Outcrop_Q,32363956
Nigeria,SSA,"SSA, Nigeria",MI-L,2001,Outanim_Q,4694963
Nigeria,SSA,"SSA, Nigeria",MI-L,2001,Outfish_Q,54344.74829
Nigeria,SSA,"SSA, Nigeria",MI-L,2001,Land_Q,41073.80846
Nigeria,SSA,"SSA, Nigeria",MI-L,2001,Labor_Q,20088.475
Nigeria,SSA,"SSA, Nigeria",MI-L,2001,Capital_Q,64773.10106
Nigeria,SSA,"SSA, Nigeria",MI-L,2001,Machinery_Q,783.2488184
Nigeria,SSA,"SSA, Nigeria",MI-L,2001,Livestock_Q,23230.928
Nigeria,SSA,"SSA, Nigeria",MI-L,2001,Fertilizer_Q,344846.052
Nigeria,SSA,"SSA, Nigeria",MI-L,2001,Feed_Q,31207825.46
Nigeria,SSA,"SSA, Nigeria",MI-L,2001,Cropland_Q,39825.419
Nigeria,SSA,"SSA, Nigeria",MI-L,2001,Pasture_Q,24016
Nigeria,SSA,"SSA, Nigeria",MI-L,2001,IrrigArea_Q,279.7
Nigeria,SSA,"SSA, Nigeria",MI-L,2002,TFP_Index,106.2194955
Nigeria,SSA,"SSA, Nigeria",MI-L,2002,Outall_Index,71.86880121
Nigeria,SSA,"SSA, Nigeria",MI-L,2002,Input_Index,67.66065016
Nigeria,SSA,"SSA, Nigeria",MI-L,2002,Land_Index,78.37878611
Nigeria,SSA,"SSA, Nigeria",MI-L,2002,Labor_Index,99.27498669
Nigeria,SSA,"SSA, Nigeria",MI-L,2002,Capital_Index,43.99360912
Nigeria,SSA,"SSA, Nigeria",MI-L,2002,Materials_Index,68.48563292
Nigeria,SSA,"SSA, Nigeria",MI-L,2002,Outall_Q,38941024
Nigeria,SSA,"SSA, Nigeria",MI-L,2002,Outcrop_Q,33979186
Nigeria,SSA,"SSA, Nigeria",MI-L,2002,Outanim_Q,4961837
Nigeria,SSA,"SSA, Nigeria",MI-L,2002,Outfish_Q,68299.57443
Nigeria,SSA,"SSA, Nigeria",MI-L,2002,Land_Q,42627.29825
Nigeria,SSA,"SSA, Nigeria",MI-L,2002,Labor_Q,20362.09
Nigeria,SSA,"SSA, Nigeria",MI-L,2002,Capital_Q,72258.19002
Nigeria,SSA,"SSA, Nigeria",MI-L,2002,Machinery_Q,786.59073
Nigeria,SSA,"SSA, Nigeria",MI-L,2002,Livestock_Q,23702.6948
Nigeria,SSA,"SSA, Nigeria",MI-L,2002,Fertilizer_Q,291431.1104
Nigeria,SSA,"SSA, Nigeria",MI-L,2002,Feed_Q,38979354.66
Nigeria,SSA,"SSA, Nigeria",MI-L,2002,Cropland_Q,41341.26
Nigeria,SSA,"SSA, Nigeria",MI-L,2002,Pasture_Q,24020
Nigeria,SSA,"SSA, Nigeria",MI-L,2002,IrrigArea_Q,291.7
Nigeria,SSA,"SSA, Nigeria",MI-L,2003,TFP_Index,105.0801038
Nigeria,SSA,"SSA, Nigeria",MI-L,2003,Outall_Index,74.99000849
Nigeria,SSA,"SSA, Nigeria",MI-L,2003,Input_Index,71.36461212
Nigeria,SSA,"SSA, Nigeria",MI-L,2003,Land_Index,79.91261108
Nigeria,SSA,"SSA, Nigeria",MI-L,2003,Labor_Index,99.53510824
Nigeria,SSA,"SSA, Nigeria",MI-L,2003,Capital_Index,48.69767401
Nigeria,SSA,"SSA, Nigeria",MI-L,2003,Materials_Index,77.45183319
Nigeria,SSA,"SSA, Nigeria",MI-L,2003,Outall_Q,40632203
Nigeria,SSA,"SSA, Nigeria",MI-L,2003,Outcrop_Q,35805474
Nigeria,SSA,"SSA, Nigeria",MI-L,2003,Outanim_Q,4826729
Nigeria,SSA,"SSA, Nigeria",MI-L,2003,Outfish_Q,68330.7584
Nigeria,SSA,"SSA, Nigeria",MI-L,2003,Land_Q,43461.48844
Nigeria,SSA,"SSA, Nigeria",MI-L,2003,Labor_Q,20415.443
Nigeria,SSA,"SSA, Nigeria",MI-L,2003,Capital_Q,79984.47622
Nigeria,SSA,"SSA, Nigeria",MI-L,2003,Machinery_Q,794.5651491
Nigeria,SSA,"SSA, Nigeria",MI-L,2003,Livestock_Q,23899.75
Nigeria,SSA,"SSA, Nigeria",MI-L,2003,Fertilizer_Q,347327.9549
Nigeria,SSA,"SSA, Nigeria",MI-L,2003,Feed_Q,41558555.15
Nigeria,SSA,"SSA, Nigeria",MI-L,2003,Cropland_Q,42162.329
Nigeria,SSA,"SSA, Nigeria",MI-L,2003,Pasture_Q,24038
Nigeria,SSA,"SSA, Nigeria",MI-L,2003,IrrigArea_Q,295.8
Nigeria,SSA,"SSA, Nigeria",MI-L,2004,TFP_Index,109.7227644
Nigeria,SSA,"SSA, Nigeria",MI-L,2004,Outall_Index,79.85274629
Nigeria,SSA,"SSA, Nigeria",MI-L,2004,Input_Index,72.77682687
Nigeria,SSA,"SSA, Nigeria",MI-L,2004,Land_Index,82.1689313
Nigeria,SSA,"SSA, Nigeria",MI-L,2004,Labor_Index,99.22498376
Nigeria,SSA,"SSA, Nigeria",MI-L,2004,Capital_Index,51.03228754
Nigeria,SSA,"SSA, Nigeria",MI-L,2004,Materials_Index,74.56261105
Nigeria,SSA,"SSA, Nigeria",MI-L,2004,Outall_Q,43267004
Nigeria,SSA,"SSA, Nigeria",MI-L,2004,Outcrop_Q,38260314
Nigeria,SSA,"SSA, Nigeria",MI-L,2004,Outanim_Q,5006691
Nigeria,SSA,"SSA, Nigeria",MI-L,2004,Outfish_Q,97895.38845
Nigeria,SSA,"SSA, Nigeria",MI-L,2004,Land_Q,44688.61684
Nigeria,SSA,"SSA, Nigeria",MI-L,2004,Labor_Q,20351.834
Nigeria,SSA,"SSA, Nigeria",MI-L,2004,Capital_Q,83819.00927
Nigeria,SSA,"SSA, Nigeria",MI-L,2004,Machinery_Q,800.9707674
Nigeria,SSA,"SSA, Nigeria",MI-L,2004,Livestock_Q,24692.826
Nigeria,SSA,"SSA, Nigeria",MI-L,2004,Fertilizer_Q,296413.7464
Nigeria,SSA,"SSA, Nigeria",MI-L,2004,Feed_Q,45813693.17
Nigeria,SSA,"SSA, Nigeria",MI-L,2004,Cropland_Q,43376.085
Nigeria,SSA,"SSA, Nigeria",MI-L,2004,Pasture_Q,24052
Nigeria,SSA,"SSA, Nigeria",MI-L,2004,IrrigArea_Q,300
Nigeria,SSA,"SSA, Nigeria",MI-L,2005,TFP_Index,110.0281402
Nigeria,SSA,"SSA, Nigeria",MI-L,2005,Outall_Index,84.16937676
Nigeria,SSA,"SSA, Nigeria",MI-L,2005,Input_Index,76.49804554
Nigeria,SSA,"SSA, Nigeria",MI-L,2005,Land_Index,85.27413041
Nigeria,SSA,"SSA, Nigeria",MI-L,2005,Labor_Index,100.2006456
Nigeria,SSA,"SSA, Nigeria",MI-L,2005,Capital_Index,53.40046925
Nigeria,SSA,"SSA, Nigeria",MI-L,2005,Materials_Index,90.94580234
Nigeria,SSA,"SSA, Nigeria",MI-L,2005,Outall_Q,45605905
Nigeria,SSA,"SSA, Nigeria",MI-L,2005,Outcrop_Q,40550400
Nigeria,SSA,"SSA, Nigeria",MI-L,2005,Outanim_Q,5055505
Nigeria,SSA,"SSA, Nigeria",MI-L,2005,Outfish_Q,125526.6124
Nigeria,SSA,"SSA, Nigeria",MI-L,2005,Land_Q,46377.41882
Nigeria,SSA,"SSA, Nigeria",MI-L,2005,Labor_Q,20551.95
Nigeria,SSA,"SSA, Nigeria",MI-L,2005,Capital_Q,87708.67706
Nigeria,SSA,"SSA, Nigeria",MI-L,2005,Machinery_Q,813.719052
Nigeria,SSA,"SSA, Nigeria",MI-L,2005,Livestock_Q,25192.5018
Nigeria,SSA,"SSA, Nigeria",MI-L,2005,Fertilizer_Q,401533.6487
Nigeria,SSA,"SSA, Nigeria",MI-L,2005,Feed_Q,49661838.03
Nigeria,SSA,"SSA, Nigeria",MI-L,2005,Cropland_Q,45052.017
Nigeria,SSA,"SSA, Nigeria",MI-L,2005,Pasture_Q,24074
Nigeria,SSA,"SSA, Nigeria",MI-L,2005,IrrigArea_Q,304
Nigeria,SSA,"SSA, Nigeria",MI-L,2006,TFP_Index,111.0581143
Nigeria,SSA,"SSA, Nigeria",MI-L,2006,Outall_Index,89.45059629
Nigeria,SSA,"SSA, Nigeria",MI-L,2006,Input_Index,80.54395382
Nigeria,SSA,"SSA, Nigeria",MI-L,2006,Land_Index,87.37320557
Nigeria,SSA,"SSA, Nigeria",MI-L,2006,Labor_Index,101.2074032
Nigeria,SSA,"SSA, Nigeria",MI-L,2006,Capital_Index,57.13973788
Nigeria,SSA,"SSA, Nigeria",MI-L,2006,Materials_Index,109.0660596
Nigeria,SSA,"SSA, Nigeria",MI-L,2006,Outall_Q,48467454
Nigeria,SSA,"SSA, Nigeria",MI-L,2006,Outcrop_Q,43494493
Nigeria,SSA,"SSA, Nigeria",MI-L,2006,Outanim_Q,4972961
Nigeria,SSA,"SSA, Nigeria",MI-L,2006,Outfish_Q,188391.2665
Nigeria,SSA,"SSA, Nigeria",MI-L,2006,Land_Q,47519.0275
Nigeria,SSA,"SSA, Nigeria",MI-L,2006,Labor_Q,20758.444
Nigeria,SSA,"SSA, Nigeria",MI-L,2006,Capital_Q,93850.31418
Nigeria,SSA,"SSA, Nigeria",MI-L,2006,Machinery_Q,825.0421809
Nigeria,SSA,"SSA, Nigeria",MI-L,2006,Livestock_Q,25653.5732
Nigeria,SSA,"SSA, Nigeria",MI-L,2006,Fertilizer_Q,517131.9373
Nigeria,SSA,"SSA, Nigeria",MI-L,2006,Feed_Q,54966938.57
Nigeria,SSA,"SSA, Nigeria",MI-L,2006,Cropland_Q,46179.407
Nigeria,SSA,"SSA, Nigeria",MI-L,2006,Pasture_Q,24183
Nigeria,SSA,"SSA, Nigeria",MI-L,2006,IrrigArea_Q,308
Nigeria,SSA,"SSA, Nigeria",MI-L,2007,TFP_Index,104.123682
Nigeria,SSA,"SSA, Nigeria",MI-L,2007,Outall_Index,83.36551934
Nigeria,SSA,"SSA, Nigeria",MI-L,2007,Input_Index,80.06393718
Nigeria,SSA,"SSA, Nigeria",MI-L,2007,Land_Index,88.69253239
Nigeria,SSA,"SSA, Nigeria",MI-L,2007,Labor_Index,102.2503954
Nigeria,SSA,"SSA, Nigeria",MI-L,2007,Capital_Index,60.79805044
Nigeria,SSA,"SSA, Nigeria",MI-L,2007,Materials_Index,78.78583101
Nigeria,SSA,"SSA, Nigeria",MI-L,2007,Outall_Q,45170347
Nigeria,SSA,"SSA, Nigeria",MI-L,2007,Outcrop_Q,39793806
Nigeria,SSA,"SSA, Nigeria",MI-L,2007,Outanim_Q,5376542
Nigeria,SSA,"SSA, Nigeria",MI-L,2007,Outfish_Q,189525.0266
Nigeria,SSA,"SSA, Nigeria",MI-L,2007,Land_Q,48236.56015
Nigeria,SSA,"SSA, Nigeria",MI-L,2007,Labor_Q,20972.37
Nigeria,SSA,"SSA, Nigeria",MI-L,2007,Capital_Q,99858.98338
Nigeria,SSA,"SSA, Nigeria",MI-L,2007,Machinery_Q,835.0235312
Nigeria,SSA,"SSA, Nigeria",MI-L,2007,Livestock_Q,26096.115
Nigeria,SSA,"SSA, Nigeria",MI-L,2007,Fertilizer_Q,308389.4841
Nigeria,SSA,"SSA, Nigeria",MI-L,2007,Feed_Q,49258978.35
Nigeria,SSA,"SSA, Nigeria",MI-L,2007,Cropland_Q,46881.955
Nigeria,SSA,"SSA, Nigeria",MI-L,2007,Pasture_Q,24301
Nigeria,SSA,"SSA, Nigeria",MI-L,2007,IrrigArea_Q,312.2
Nigeria,SSA,"SSA, Nigeria",MI-L,2008,TFP_Index,107.3235271
Nigeria,SSA,"SSA, Nigeria",MI-L,2008,Outall_Index,88.65291417
Nigeria,SSA,"SSA, Nigeria",MI-L,2008,Input_Index,82.6034296
Nigeria,SSA,"SSA, Nigeria",MI-L,2008,Land_Index,87.38015065
Nigeria,SSA,"SSA, Nigeria",MI-L,2008,Labor_Index,103.3510109
Nigeria,SSA,"SSA, Nigeria",MI-L,2008,Capital_Index,64.80476998
Nigeria,SSA,"SSA, Nigeria",MI-L,2008,Materials_Index,88.47840254
Nigeria,SSA,"SSA, Nigeria",MI-L,2008,Outall_Q,48035242
Nigeria,SSA,"SSA, Nigeria",MI-L,2008,Outcrop_Q,42527704
Nigeria,SSA,"SSA, Nigeria",MI-L,2008,Outanim_Q,5507538
Nigeria,SSA,"SSA, Nigeria",MI-L,2008,Outfish_Q,318983.0465
Nigeria,SSA,"SSA, Nigeria",MI-L,2008,Land_Q,47522.80467
Nigeria,SSA,"SSA, Nigeria",MI-L,2008,Labor_Q,21198.115
Nigeria,SSA,"SSA, Nigeria",MI-L,2008,Capital_Q,106439.9007
Nigeria,SSA,"SSA, Nigeria",MI-L,2008,Machinery_Q,841.4138606
Nigeria,SSA,"SSA, Nigeria",MI-L,2008,Livestock_Q,26491.029
Nigeria,SSA,"SSA, Nigeria",MI-L,2008,Fertilizer_Q,368476.8262
Nigeria,SSA,"SSA, Nigeria",MI-L,2008,Feed_Q,51594289.73
Nigeria,SSA,"SSA, Nigeria",MI-L,2008,Cropland_Q,46156.018
Nigeria,SSA,"SSA, Nigeria",MI-L,2008,Pasture_Q,24319
Nigeria,SSA,"SSA, Nigeria",MI-L,2008,IrrigArea_Q,316
Nigeria,SSA,"SSA, Nigeria",MI-L,2009,TFP_Index,99.26079334
Nigeria,SSA,"SSA, Nigeria",MI-L,2009,Outall_Index,78.17344321
Nigeria,SSA,"SSA, Nigeria",MI-L,2009,Input_Index,78.75560992
Nigeria,SSA,"SSA, Nigeria",MI-L,2009,Land_Index,72.83491145
Nigeria,SSA,"SSA, Nigeria",MI-L,2009,Labor_Index,104.3639262
Nigeria,SSA,"SSA, Nigeria",MI-L,2009,Capital_Index,68.98709442
Nigeria,SSA,"SSA, Nigeria",MI-L,2009,Materials_Index,77.74479782
Nigeria,SSA,"SSA, Nigeria",MI-L,2009,Outall_Q,42357099
Nigeria,SSA,"SSA, Nigeria",MI-L,2009,Outcrop_Q,36643698
Nigeria,SSA,"SSA, Nigeria",MI-L,2009,Outanim_Q,5713401
Nigeria,SSA,"SSA, Nigeria",MI-L,2009,Outfish_Q,340341.8379
Nigeria,SSA,"SSA, Nigeria",MI-L,2009,Land_Q,39612.19161
Nigeria,SSA,"SSA, Nigeria",MI-L,2009,Labor_Q,21405.872
Nigeria,SSA,"SSA, Nigeria",MI-L,2009,Capital_Q,113309.2437
Nigeria,SSA,"SSA, Nigeria",MI-L,2009,Machinery_Q,829.375639
Nigeria,SSA,"SSA, Nigeria",MI-L,2009,Livestock_Q,27033.776
Nigeria,SSA,"SSA, Nigeria",MI-L,2009,Fertilizer_Q,331890.9715
Nigeria,SSA,"SSA, Nigeria",MI-L,2009,Feed_Q,44090608.97
Nigeria,SSA,"SSA, Nigeria",MI-L,2009,Cropland_Q,38246.022
Nigeria,SSA,"SSA, Nigeria",MI-L,2009,Pasture_Q,23471
Nigeria,SSA,"SSA, Nigeria",MI-L,2009,IrrigArea_Q,320
Nigeria,SSA,"SSA, Nigeria",MI-L,2010,TFP_Index,103.5866747
Nigeria,SSA,"SSA, Nigeria",MI-L,2010,Outall_Index,88.15774303
Nigeria,SSA,"SSA, Nigeria",MI-L,2010,Input_Index,85.10529302
Nigeria,SSA,"SSA, Nigeria",MI-L,2010,Land_Index,78.97062726
Nigeria,SSA,"SSA, Nigeria",MI-L,2010,Labor_Index,105.05936
Nigeria,SSA,"SSA, Nigeria",MI-L,2010,Capital_Index,74.42074579
Nigeria,SSA,"SSA, Nigeria",MI-L,2010,Materials_Index,99.04676674
Nigeria,SSA,"SSA, Nigeria",MI-L,2010,Outall_Q,47766941
Nigeria,SSA,"SSA, Nigeria",MI-L,2010,Outcrop_Q,42072943
Nigeria,SSA,"SSA, Nigeria",MI-L,2010,Outanim_Q,5693998
Nigeria,SSA,"SSA, Nigeria",MI-L,2010,Outfish_Q,446676.9448
Nigeria,SSA,"SSA, Nigeria",MI-L,2010,Land_Q,42949.17858
Nigeria,SSA,"SSA, Nigeria",MI-L,2010,Labor_Q,21548.511
Nigeria,SSA,"SSA, Nigeria",MI-L,2010,Capital_Q,122233.8539
Nigeria,SSA,"SSA, Nigeria",MI-L,2010,Machinery_Q,840.2127358
Nigeria,SSA,"SSA, Nigeria",MI-L,2010,Livestock_Q,27618.8325
Nigeria,SSA,"SSA, Nigeria",MI-L,2010,Fertilizer_Q,571495.7993
Nigeria,SSA,"SSA, Nigeria",MI-L,2010,Feed_Q,40029217.62
Nigeria,SSA,"SSA, Nigeria",MI-L,2010,Cropland_Q,41553.691
Nigeria,SSA,"SSA, Nigeria",MI-L,2010,Pasture_Q,24554
Nigeria,SSA,"SSA, Nigeria",MI-L,2010,IrrigArea_Q,324
Nigeria,SSA,"SSA, Nigeria",MI-L,2011,TFP_Index,94.99095516
Nigeria,SSA,"SSA, Nigeria",MI-L,2011,Outall_Index,82.14032692
Nigeria,SSA,"SSA, Nigeria",MI-L,2011,Input_Index,86.47173489
Nigeria,SSA,"SSA, Nigeria",MI-L,2011,Land_Index,82.67930999
Nigeria,SSA,"SSA, Nigeria",MI-L,2011,Labor_Index,105.9542887
Nigeria,SSA,"SSA, Nigeria",MI-L,2011,Capital_Index,78.80229841
Nigeria,SSA,"SSA, Nigeria",MI-L,2011,Materials_Index,82.01146184
Nigeria,SSA,"SSA, Nigeria",MI-L,2011,Outall_Q,44506495
Nigeria,SSA,"SSA, Nigeria",MI-L,2011,Outcrop_Q,39004894
Nigeria,SSA,"SSA, Nigeria",MI-L,2011,Outanim_Q,5501601
Nigeria,SSA,"SSA, Nigeria",MI-L,2011,Outfish_Q,492546.3358
Nigeria,SSA,"SSA, Nigeria",MI-L,2011,Land_Q,44966.19278
Nigeria,SSA,"SSA, Nigeria",MI-L,2011,Labor_Q,21732.068
Nigeria,SSA,"SSA, Nigeria",MI-L,2011,Capital_Q,129430.4233
Nigeria,SSA,"SSA, Nigeria",MI-L,2011,Machinery_Q,849.2721872
Nigeria,SSA,"SSA, Nigeria",MI-L,2011,Livestock_Q,30388.7091
Nigeria,SSA,"SSA, Nigeria",MI-L,2011,Fertilizer_Q,379377.9721
Nigeria,SSA,"SSA, Nigeria",MI-L,2011,Feed_Q,42494670.35
Nigeria,SSA,"SSA, Nigeria",MI-L,2011,Cropland_Q,43556.347
Nigeria,SSA,"SSA, Nigeria",MI-L,2011,Pasture_Q,24672
Nigeria,SSA,"SSA, Nigeria",MI-L,2011,IrrigArea_Q,328
Nigeria,SSA,"SSA, Nigeria",MI-L,2012,TFP_Index,97.9047119
Nigeria,SSA,"SSA, Nigeria",MI-L,2012,Outall_Index,89.4529088
Nigeria,SSA,"SSA, Nigeria",MI-L,2012,Input_Index,91.36731732
Nigeria,SSA,"SSA, Nigeria",MI-L,2012,Land_Index,90.63019247
Nigeria,SSA,"SSA, Nigeria",MI-L,2012,Labor_Index,101.3928908
Nigeria,SSA,"SSA, Nigeria",MI-L,2012,Capital_Index,83.92729115
Nigeria,SSA,"SSA, Nigeria",MI-L,2012,Materials_Index,95.75365006
Nigeria,SSA,"SSA, Nigeria",MI-L,2012,Outall_Q,48468707
Nigeria,SSA,"SSA, Nigeria",MI-L,2012,Outcrop_Q,43242797
Nigeria,SSA,"SSA, Nigeria",MI-L,2012,Outanim_Q,5225910
Nigeria,SSA,"SSA, Nigeria",MI-L,2012,Outfish_Q,565539.0975
Nigeria,SSA,"SSA, Nigeria",MI-L,2012,Land_Q,49290.38119
Nigeria,SSA,"SSA, Nigeria",MI-L,2012,Labor_Q,20796.489
Nigeria,SSA,"SSA, Nigeria",MI-L,2012,Capital_Q,137848.071
Nigeria,SSA,"SSA, Nigeria",MI-L,2012,Machinery_Q,825.5663346
Nigeria,SSA,"SSA, Nigeria",MI-L,2012,Livestock_Q,30973.6841
Nigeria,SSA,"SSA, Nigeria",MI-L,2012,Fertilizer_Q,465073.7047
Nigeria,SSA,"SSA, Nigeria",MI-L,2012,Feed_Q,46968971.35
Nigeria,SSA,"SSA, Nigeria",MI-L,2012,Cropland_Q,47868.683
Nigeria,SSA,"SSA, Nigeria",MI-L,2012,Pasture_Q,24790
Nigeria,SSA,"SSA, Nigeria",MI-L,2012,IrrigArea_Q,331.2
Nigeria,SSA,"SSA, Nigeria",MI-L,2013,TFP_Index,93.65717237
Nigeria,SSA,"SSA, Nigeria",MI-L,2013,Outall_Index,86.86541024
Nigeria,SSA,"SSA, Nigeria",MI-L,2013,Input_Index,92.74827335
Nigeria,SSA,"SSA, Nigeria",MI-L,2013,Land_Index,93.90872633
Nigeria,SSA,"SSA, Nigeria",MI-L,2013,Labor_Index,96.5100038
Nigeria,SSA,"SSA, Nigeria",MI-L,2013,Capital_Index,89.15279349
Nigeria,SSA,"SSA, Nigeria",MI-L,2013,Materials_Index,92.14873974
Nigeria,SSA,"SSA, Nigeria",MI-L,2013,Outall_Q,47066710
Nigeria,SSA,"SSA, Nigeria",MI-L,2013,Outcrop_Q,41366173
Nigeria,SSA,"SSA, Nigeria",MI-L,2013,Outanim_Q,5700537
Nigeria,SSA,"SSA, Nigeria",MI-L,2013,Outfish_Q,620797.0906
Nigeria,SSA,"SSA, Nigeria",MI-L,2013,Land_Q,51073.45347
Nigeria,SSA,"SSA, Nigeria",MI-L,2013,Labor_Q,19794.97
Nigeria,SSA,"SSA, Nigeria",MI-L,2013,Capital_Q,146430.8026
Nigeria,SSA,"SSA, Nigeria",MI-L,2013,Machinery_Q,794.2189941
Nigeria,SSA,"SSA, Nigeria",MI-L,2013,Livestock_Q,31201.5682
Nigeria,SSA,"SSA, Nigeria",MI-L,2013,Fertilizer_Q,471062.689
Nigeria,SSA,"SSA, Nigeria",MI-L,2013,Feed_Q,42673251.18
Nigeria,SSA,"SSA, Nigeria",MI-L,2013,Cropland_Q,49649.926
Nigeria,SSA,"SSA, Nigeria",MI-L,2013,Pasture_Q,24908
Nigeria,SSA,"SSA, Nigeria",MI-L,2013,IrrigArea_Q,331.2
Nigeria,SSA,"SSA, Nigeria",MI-L,2014,TFP_Index,100.7477457
Nigeria,SSA,"SSA, Nigeria",MI-L,2014,Outall_Index,97.7659006
Nigeria,SSA,"SSA, Nigeria",MI-L,2014,Input_Index,97.04028605
Nigeria,SSA,"SSA, Nigeria",MI-L,2014,Land_Index,97.83357865
Nigeria,SSA,"SSA, Nigeria",MI-L,2014,Labor_Index,97.98321333
Nigeria,SSA,"SSA, Nigeria",MI-L,2014,Capital_Index,94.4448538
Nigeria,SSA,"SSA, Nigeria",MI-L,2014,Materials_Index,100.8703533
Nigeria,SSA,"SSA, Nigeria",MI-L,2014,Outall_Q,52972976
Nigeria,SSA,"SSA, Nigeria",MI-L,2014,Outcrop_Q,47193105
Nigeria,SSA,"SSA, Nigeria",MI-L,2014,Outanim_Q,5779871
Nigeria,SSA,"SSA, Nigeria",MI-L,2014,Outfish_Q,697698.9857
Nigeria,SSA,"SSA, Nigeria",MI-L,2014,Land_Q,53208.03425
Nigeria,SSA,"SSA, Nigeria",MI-L,2014,Labor_Q,20097.137
Nigeria,SSA,"SSA, Nigeria",MI-L,2014,Capital_Q,155122.8537
Nigeria,SSA,"SSA, Nigeria",MI-L,2014,Machinery_Q,786.6846685
Nigeria,SSA,"SSA, Nigeria",MI-L,2014,Livestock_Q,31798.619
Nigeria,SSA,"SSA, Nigeria",MI-L,2014,Fertilizer_Q,491454.4455
Nigeria,SSA,"SSA, Nigeria",MI-L,2014,Feed_Q,49305742.68
Nigeria,SSA,"SSA, Nigeria",MI-L,2014,Cropland_Q,51782.662
Nigeria,SSA,"SSA, Nigeria",MI-L,2014,Pasture_Q,25027
Nigeria,SSA,"SSA, Nigeria",MI-L,2014,IrrigArea_Q,331.2
Nigeria,SSA,"SSA, Nigeria",MI-L,2015,TFP_Index,100
Nigeria,SSA,"SSA, Nigeria",MI-L,2015,Outall_Index,100
Nigeria,SSA,"SSA, Nigeria",MI-L,2015,Input_Index,100
Nigeria,SSA,"SSA, Nigeria",MI-L,2015,Land_Index,100
Nigeria,SSA,"SSA, Nigeria",MI-L,2015,Labor_Index,100
Nigeria,SSA,"SSA, Nigeria",MI-L,2015,Capital_Index,100
Nigeria,SSA,"SSA, Nigeria",MI-L,2015,Materials_Index,100
Nigeria,SSA,"SSA, Nigeria",MI-L,2015,Outall_Q,54183489
Nigeria,SSA,"SSA, Nigeria",MI-L,2015,Outcrop_Q,48280490
Nigeria,SSA,"SSA, Nigeria",MI-L,2015,Outanim_Q,5902999
Nigeria,SSA,"SSA, Nigeria",MI-L,2015,Outfish_Q,705486.0682
Nigeria,SSA,"SSA, Nigeria",MI-L,2015,Land_Q,54386.27002
Nigeria,SSA,"SSA, Nigeria",MI-L,2015,Labor_Q,20510.796
Nigeria,SSA,"SSA, Nigeria",MI-L,2015,Capital_Q,164247.0156
Nigeria,SSA,"SSA, Nigeria",MI-L,2015,Machinery_Q,791.3211524
Nigeria,SSA,"SSA, Nigeria",MI-L,2015,Livestock_Q,32331.6435
Nigeria,SSA,"SSA, Nigeria",MI-L,2015,Fertilizer_Q,460178.4993
Nigeria,SSA,"SSA, Nigeria",MI-L,2015,Feed_Q,52121138.18
Nigeria,SSA,"SSA, Nigeria",MI-L,2015,Cropland_Q,52959.146
Nigeria,SSA,"SSA, Nigeria",MI-L,2015,Pasture_Q,25140
Nigeria,SSA,"SSA, Nigeria",MI-L,2015,IrrigArea_Q,331.2
Nigeria,SSA,"SSA, Nigeria",MI-L,2016,TFP_Index,101.7952254
Nigeria,SSA,"SSA, Nigeria",MI-L,2016,Outall_Index,106.7332578
Nigeria,SSA,"SSA, Nigeria",MI-L,2016,Input_Index,104.850947
Nigeria,SSA,"SSA, Nigeria",MI-L,2016,Land_Index,103.7537218
Nigeria,SSA,"SSA, Nigeria",MI-L,2016,Labor_Index,102.5768186
Nigeria,SSA,"SSA, Nigeria",MI-L,2016,Capital_Index,104.5382771
Nigeria,SSA,"SSA, Nigeria",MI-L,2016,Materials_Index,115.1552825
Nigeria,SSA,"SSA, Nigeria",MI-L,2016,Outall_Q,57831803
Nigeria,SSA,"SSA, Nigeria",MI-L,2016,Outcrop_Q,52148141
Nigeria,SSA,"SSA, Nigeria",MI-L,2016,Outanim_Q,5683663
Nigeria,SSA,"SSA, Nigeria",MI-L,2016,Outfish_Q,683501.7148
Nigeria,SSA,"SSA, Nigeria",MI-L,2016,Land_Q,56427.7793
Nigeria,SSA,"SSA, Nigeria",MI-L,2016,Labor_Q,21039.322
Nigeria,SSA,"SSA, Nigeria",MI-L,2016,Capital_Q,171701.0003
Nigeria,SSA,"SSA, Nigeria",MI-L,2016,Machinery_Q,775.5011698
Nigeria,SSA,"SSA, Nigeria",MI-L,2016,Livestock_Q,32938.5046
Nigeria,SSA,"SSA, Nigeria",MI-L,2016,Fertilizer_Q,567744.6867
Nigeria,SSA,"SSA, Nigeria",MI-L,2016,Feed_Q,55542737.68
Nigeria,SSA,"SSA, Nigeria",MI-L,2016,Cropland_Q,54998.764
Nigeria,SSA,"SSA, Nigeria",MI-L,2016,Pasture_Q,25262
Nigeria,SSA,"SSA, Nigeria",MI-L,2016,IrrigArea_Q,331.2
Nigeria,SSA,"SSA, Nigeria",MI-L,2017,TFP_Index,98.05493638
Nigeria,SSA,"SSA, Nigeria",MI-L,2017,Outall_Index,108.8207886
Nigeria,SSA,"SSA, Nigeria",MI-L,2017,Input_Index,110.9794087
Nigeria,SSA,"SSA, Nigeria",MI-L,2017,Land_Index,107.3890503
Nigeria,SSA,"SSA, Nigeria",MI-L,2017,Labor_Index,105.2441504
Nigeria,SSA,"SSA, Nigeria",MI-L,2017,Capital_Index,108.3422988
Nigeria,SSA,"SSA, Nigeria",MI-L,2017,Materials_Index,150.2569405
Nigeria,SSA,"SSA, Nigeria",MI-L,2017,Outall_Q,58962900
Nigeria,SSA,"SSA, Nigeria",MI-L,2017,Outcrop_Q,53135253
Nigeria,SSA,"SSA, Nigeria",MI-L,2017,Outanim_Q,5827647
Nigeria,SSA,"SSA, Nigeria",MI-L,2017,Outfish_Q,660346.0798
Nigeria,SSA,"SSA, Nigeria",MI-L,2017,Land_Q,58404.89884
Nigeria,SSA,"SSA, Nigeria",MI-L,2017,Labor_Q,21586.413
Nigeria,SSA,"SSA, Nigeria",MI-L,2017,Capital_Q,177948.9925
Nigeria,SSA,"SSA, Nigeria",MI-L,2017,Machinery_Q,773.8744212
Nigeria,SSA,"SSA, Nigeria",MI-L,2017,Livestock_Q,33577.1172
Nigeria,SSA,"SSA, Nigeria",MI-L,2017,Fertilizer_Q,919780.7871
Nigeria,SSA,"SSA, Nigeria",MI-L,2017,Feed_Q,56819545.68
Nigeria,SSA,"SSA, Nigeria",MI-L,2017,Cropland_Q,56975.62
Nigeria,SSA,"SSA, Nigeria",MI-L,2017,Pasture_Q,25279
Nigeria,SSA,"SSA, Nigeria",MI-L,2017,IrrigArea_Q,331.2
Nigeria,SSA,"SSA, Nigeria",MI-L,2018,TFP_Index,101.7488422
Nigeria,SSA,"SSA, Nigeria",MI-L,2018,Outall_Index,113.3690173
Nigeria,SSA,"SSA, Nigeria",MI-L,2018,Input_Index,111.4204494
Nigeria,SSA,"SSA, Nigeria",MI-L,2018,Land_Index,105.8237972
Nigeria,SSA,"SSA, Nigeria",MI-L,2018,Labor_Index,107.9554055
Nigeria,SSA,"SSA, Nigeria",MI-L,2018,Capital_Index,110.5121367
Nigeria,SSA,"SSA, Nigeria",MI-L,2018,Materials_Index,144.1671283
Nigeria,SSA,"SSA, Nigeria",MI-L,2018,Outall_Q,61427289
Nigeria,SSA,"SSA, Nigeria",MI-L,2018,Outcrop_Q,55417236
Nigeria,SSA,"SSA, Nigeria",MI-L,2018,Outanim_Q,6010054
Nigeria,SSA,"SSA, Nigeria",MI-L,2018,Outfish_Q,649352.3584
Nigeria,SSA,"SSA, Nigeria",MI-L,2018,Land_Q,57553.61609
Nigeria,SSA,"SSA, Nigeria",MI-L,2018,Labor_Q,22142.513
Nigeria,SSA,"SSA, Nigeria",MI-L,2018,Capital_Q,181512.8864
Nigeria,SSA,"SSA, Nigeria",MI-L,2018,Machinery_Q,783.8088793
Nigeria,SSA,"SSA, Nigeria",MI-L,2018,Livestock_Q,34148.2588
Nigeria,SSA,"SSA, Nigeria",MI-L,2018,Fertilizer_Q,874545.8352
Nigeria,SSA,"SSA, Nigeria",MI-L,2018,Feed_Q,55074758.68
Nigeria,SSA,"SSA, Nigeria",MI-L,2018,Cropland_Q,56125.996
Nigeria,SSA,"SSA, Nigeria",MI-L,2018,Pasture_Q,25172
Nigeria,SSA,"SSA, Nigeria",MI-L,2018,IrrigArea_Q,331.2
Nigeria,SSA,"SSA, Nigeria",MI-L,2019,TFP_Index,94.18643111
Nigeria,SSA,"SSA, Nigeria",MI-L,2019,Outall_Index,109.1576753
Nigeria,SSA,"SSA, Nigeria",MI-L,2019,Input_Index,115.8953302
Nigeria,SSA,"SSA, Nigeria",MI-L,2019,Land_Index,114.7792032
Nigeria,SSA,"SSA, Nigeria",MI-L,2019,Labor_Index,110.5987305
Nigeria,SSA,"SSA, Nigeria",MI-L,2019,Capital_Index,111.3483568
Nigeria,SSA,"SSA, Nigeria",MI-L,2019,Materials_Index,151.6112644
Nigeria,SSA,"SSA, Nigeria",MI-L,2019,Outall_Q,59145437
Nigeria,SSA,"SSA, Nigeria",MI-L,2019,Outcrop_Q,53162852
Nigeria,SSA,"SSA, Nigeria",MI-L,2019,Outanim_Q,5982584
Nigeria,SSA,"SSA, Nigeria",MI-L,2019,Outfish_Q,645432.7225
Nigeria,SSA,"SSA, Nigeria",MI-L,2019,Land_Q,62424.12738
Nigeria,SSA,"SSA, Nigeria",MI-L,2019,Labor_Q,22684.68
Nigeria,SSA,"SSA, Nigeria",MI-L,2019,Capital_Q,182886.353
Nigeria,SSA,"SSA, Nigeria",MI-L,2019,Machinery_Q,807.9792264
Nigeria,SSA,"SSA, Nigeria",MI-L,2019,Livestock_Q,34719.0766
Nigeria,SSA,"SSA, Nigeria",MI-L,2019,Fertilizer_Q,874426.391
Nigeria,SSA,"SSA, Nigeria",MI-L,2019,Feed_Q,61301591.18
Nigeria,SSA,"SSA, Nigeria",MI-L,2019,Cropland_Q,61001.189
Nigeria,SSA,"SSA, Nigeria",MI-L,2019,Pasture_Q,24870
Nigeria,SSA,"SSA, Nigeria",MI-L,2019,IrrigArea_Q,331.2
Nigeria,SSA,"SSA, Nigeria",MI-L,2020,TFP_Index,94.65585673
Nigeria,SSA,"SSA, Nigeria",MI-L,2020,Outall_Index,108.0059536
Nigeria,SSA,"SSA, Nigeria",MI-L,2020,Input_Index,114.1038255
Nigeria,SSA,"SSA, Nigeria",MI-L,2020,Land_Index,108.8924396
Nigeria,SSA,"SSA, Nigeria",MI-L,2020,Labor_Index,112.4771608
Nigeria,SSA,"SSA, Nigeria",MI-L,2020,Capital_Index,111.0919815
Nigeria,SSA,"SSA, Nigeria",MI-L,2020,Materials_Index,148.1661524
Nigeria,SSA,"SSA, Nigeria",MI-L,2020,Outall_Q,58521394
Nigeria,SSA,"SSA, Nigeria",MI-L,2020,Outcrop_Q,52667251
Nigeria,SSA,"SSA, Nigeria",MI-L,2020,Outanim_Q,5854142
Nigeria,SSA,"SSA, Nigeria",MI-L,2020,Outfish_Q,583390.5905
Nigeria,SSA,"SSA, Nigeria",MI-L,2020,Land_Q,59222.53624
Nigeria,SSA,"SSA, Nigeria",MI-L,2020,Labor_Q,23069.961
Nigeria,SSA,"SSA, Nigeria",MI-L,2020,Capital_Q,182465.2642
Nigeria,SSA,"SSA, Nigeria",MI-L,2020,Machinery_Q,815.6413396
Nigeria,SSA,"SSA, Nigeria",MI-L,2020,Livestock_Q,34443.4626
Nigeria,SSA,"SSA, Nigeria",MI-L,2020,Fertilizer_Q,875104.7263
Nigeria,SSA,"SSA, Nigeria",MI-L,2020,Feed_Q,58329117.01
Nigeria,SSA,"SSA, Nigeria",MI-L,2020,Cropland_Q,57797.257
Nigeria,SSA,"SSA, Nigeria",MI-L,2020,Pasture_Q,25021
Nigeria,SSA,"SSA, Nigeria",MI-L,2020,IrrigArea_Q,331.2
Nigeria,SSA,"SSA, Nigeria",MI-L,2021,TFP_Index,99.78919862
Nigeria,SSA,"SSA, Nigeria",MI-L,2021,Outall_Index,109.7858556
Nigeria,SSA,"SSA, Nigeria",MI-L,2021,Input_Index,110.0177746
Nigeria,SSA,"SSA, Nigeria",MI-L,2021,Land_Index,113.6622535
Nigeria,SSA,"SSA, Nigeria",MI-L,2021,Labor_Index,114.0177202
Nigeria,SSA,"SSA, Nigeria",MI-L,2021,Capital_Index,94.70243753
Nigeria,SSA,"SSA, Nigeria",MI-L,2021,Materials_Index,147.6328571
Nigeria,SSA,"SSA, Nigeria",MI-L,2021,Outall_Q,59485807
Nigeria,SSA,"SSA, Nigeria",MI-L,2021,Outcrop_Q,53614596
Nigeria,SSA,"SSA, Nigeria",MI-L,2021,Outanim_Q,5871211
Nigeria,SSA,"SSA, Nigeria",MI-L,2021,Outfish_Q,614435.7883
Nigeria,SSA,"SSA, Nigeria",MI-L,2021,Land_Q,61816.66009
Nigeria,SSA,"SSA, Nigeria",MI-L,2021,Labor_Q,23385.942
Nigeria,SSA,"SSA, Nigeria",MI-L,2021,Capital_Q,155545.9273
Nigeria,SSA,"SSA, Nigeria",MI-L,2021,Machinery_Q,829.433643
Nigeria,SSA,"SSA, Nigeria",MI-L,2021,Livestock_Q,34702.9621
Nigeria,SSA,"SSA, Nigeria",MI-L,2021,Fertilizer_Q,876527.9479
Nigeria,SSA,"SSA, Nigeria",MI-L,2021,Feed_Q,57778318.77
Nigeria,SSA,"SSA, Nigeria",MI-L,2021,Cropland_Q,60389.04
Nigeria,SSA,"SSA, Nigeria",MI-L,2021,Pasture_Q,25172
Nigeria,SSA,"SSA, Nigeria",MI-L,2021,IrrigArea_Q,331.2
"SSA, Total","SSA, Total","SSA, Total",SSA,1961,TFP_Index,81.49554321
"SSA, Total","SSA, Total","SSA, Total",SSA,1961,Outall_Index,22.88800097
"SSA, Total","SSA, Total","SSA, Total",SSA,1961,Input_Index,28.08497259
"SSA, Total","SSA, Total","SSA, Total",SSA,1961,Land_Index,41.51599011
"SSA, Total","SSA, Total","SSA, Total",SSA,1961,Labor_Index,34.84399806
"SSA, Total","SSA, Total","SSA, Total",SSA,1961,Capital_Index,22.05259666
"SSA, Total","SSA, Total","SSA, Total",SSA,1961,Materials_Index,13.49790186
"SSA, Total","SSA, Total","SSA, Total",SSA,1961,Outall_Q,61600685.68
"SSA, Total","SSA, Total","SSA, Total",SSA,1961,Outcrop_Q,43599078
"SSA, Total","SSA, Total","SSA, Total",SSA,1961,Outanim_Q,17999679
"SSA, Total","SSA, Total","SSA, Total",SSA,1961,Outfish_Q,6768.066002
"SSA, Total","SSA, Total","SSA, Total",SSA,1961,Land_Q,110871.3019
"SSA, Total","SSA, Total","SSA, Total",SSA,1961,Labor_Q,66175.13434
"SSA, Total","SSA, Total","SSA, Total",SSA,1961,Capital_Q,65008.1979
"SSA, Total","SSA, Total","SSA, Total",SSA,1961,Machinery_Q,7214.975923
"SSA, Total","SSA, Total","SSA, Total",SSA,1961,Livestock_Q,137931.8189
"SSA, Total","SSA, Total","SSA, Total",SSA,1961,Fertilizer_Q,680779.3769
"SSA, Total","SSA, Total","SSA, Total",SSA,1961,Feed_Q,20071536.48
"SSA, Total","SSA, Total","SSA, Total",SSA,1961,Cropland_Q,95278.999
"SSA, Total","SSA, Total","SSA, Total",SSA,1961,Pasture_Q,735441
"SSA, Total","SSA, Total","SSA, Total",SSA,1961,IrrigArea_Q,3486.2
"SSA, Total","SSA, Total","SSA, Total",SSA,1962,TFP_Index,81.9171612
"SSA, Total","SSA, Total","SSA, Total",SSA,1962,Outall_Index,23.70829092
"SSA, Total","SSA, Total","SSA, Total",SSA,1962,Input_Index,28.94178774
"SSA, Total","SSA, Total","SSA, Total",SSA,1962,Land_Index,42.47730982
"SSA, Total","SSA, Total","SSA, Total",SSA,1962,Labor_Index,35.491754
"SSA, Total","SSA, Total","SSA, Total",SSA,1962,Capital_Index,22.90762808
"SSA, Total","SSA, Total","SSA, Total",SSA,1962,Materials_Index,14.19584176
"SSA, Total","SSA, Total","SSA, Total",SSA,1962,Outall_Q,63808411.17
"SSA, Total","SSA, Total","SSA, Total",SSA,1962,Outcrop_Q,45601494
"SSA, Total","SSA, Total","SSA, Total",SSA,1962,Outanim_Q,18205224
"SSA, Total","SSA, Total","SSA, Total",SSA,1962,Outfish_Q,6951.71624
"SSA, Total","SSA, Total","SSA, Total",SSA,1962,Land_Q,113438.5722
"SSA, Total","SSA, Total","SSA, Total",SSA,1962,Labor_Q,67405.34151
"SSA, Total","SSA, Total","SSA, Total",SSA,1962,Capital_Q,67528.71975
"SSA, Total","SSA, Total","SSA, Total",SSA,1962,Machinery_Q,7547.3699
"SSA, Total","SSA, Total","SSA, Total",SSA,1962,Livestock_Q,140547.2315
"SSA, Total","SSA, Total","SSA, Total",SSA,1962,Fertilizer_Q,728073.3271
"SSA, Total","SSA, Total","SSA, Total",SSA,1962,Feed_Q,20775718.26
"SSA, Total","SSA, Total","SSA, Total",SSA,1962,Cropland_Q,97807.931
"SSA, Total","SSA, Total","SSA, Total",SSA,1962,Pasture_Q,734194
"SSA, Total","SSA, Total","SSA, Total",SSA,1962,IrrigArea_Q,3538.2
"SSA, Total","SSA, Total","SSA, Total",SSA,1963,TFP_Index,81.92513297
"SSA, Total","SSA, Total","SSA, Total",SSA,1963,Outall_Index,24.47597841
"SSA, Total","SSA, Total","SSA, Total",SSA,1963,Input_Index,29.87603135
"SSA, Total","SSA, Total","SSA, Total",SSA,1963,Land_Index,43.77929935
"SSA, Total","SSA, Total","SSA, Total",SSA,1963,Labor_Index,36.00621036
"SSA, Total","SSA, Total","SSA, Total",SSA,1963,Capital_Index,23.63791523
"SSA, Total","SSA, Total","SSA, Total",SSA,1963,Materials_Index,15.24144526
"SSA, Total","SSA, Total","SSA, Total",SSA,1963,Outall_Q,65874562.6
"SSA, Total","SSA, Total","SSA, Total",SSA,1963,Outcrop_Q,47277711
"SSA, Total","SSA, Total","SSA, Total",SSA,1963,Outanim_Q,18595065
"SSA, Total","SSA, Total","SSA, Total",SSA,1963,Outfish_Q,7460.05991
"SSA, Total","SSA, Total","SSA, Total",SSA,1963,Land_Q,116915.6246
"SSA, Total","SSA, Total","SSA, Total",SSA,1963,Labor_Q,68382.38836
"SSA, Total","SSA, Total","SSA, Total",SSA,1963,Capital_Q,69681.51164
"SSA, Total","SSA, Total","SSA, Total",SSA,1963,Machinery_Q,7736.251856
"SSA, Total","SSA, Total","SSA, Total",SSA,1963,Livestock_Q,143228.2606
"SSA, Total","SSA, Total","SSA, Total",SSA,1963,Fertilizer_Q,804573.4445
"SSA, Total","SSA, Total","SSA, Total",SSA,1963,Feed_Q,21702298.75
"SSA, Total","SSA, Total","SSA, Total",SSA,1963,Cropland_Q,101256.195
"SSA, Total","SSA, Total","SSA, Total",SSA,1963,Pasture_Q,732968
"SSA, Total","SSA, Total","SSA, Total",SSA,1963,IrrigArea_Q,3589.2
"SSA, Total","SSA, Total","SSA, Total",SSA,1964,TFP_Index,82.00812908
"SSA, Total","SSA, Total","SSA, Total",SSA,1964,Outall_Index,25.09243936
"SSA, Total","SSA, Total","SSA, Total",SSA,1964,Input_Index,30.59750252
"SSA, Total","SSA, Total","SSA, Total",SSA,1964,Land_Index,44.12684575
"SSA, Total","SSA, Total","SSA, Total",SSA,1964,Labor_Index,36.63371673
"SSA, Total","SSA, Total","SSA, Total",SSA,1964,Capital_Index,24.589491
"SSA, Total","SSA, Total","SSA, Total",SSA,1964,Materials_Index,15.80484364
"SSA, Total","SSA, Total","SSA, Total",SSA,1964,Outall_Q,67533703.43
"SSA, Total","SSA, Total","SSA, Total",SSA,1964,Outcrop_Q,48454506
"SSA, Total","SSA, Total","SSA, Total",SSA,1964,Outanim_Q,19077176
"SSA, Total","SSA, Total","SSA, Total",SSA,1964,Outfish_Q,8102.784851
"SSA, Total","SSA, Total","SSA, Total",SSA,1964,Land_Q,117843.7712
"SSA, Total","SSA, Total","SSA, Total",SSA,1964,Labor_Q,69574.1379
"SSA, Total","SSA, Total","SSA, Total",SSA,1964,Capital_Q,72486.63373
"SSA, Total","SSA, Total","SSA, Total",SSA,1964,Machinery_Q,7989.270083
"SSA, Total","SSA, Total","SSA, Total",SSA,1964,Livestock_Q,147099.9207
"SSA, Total","SSA, Total","SSA, Total",SSA,1964,Fertilizer_Q,903458.3253
"SSA, Total","SSA, Total","SSA, Total",SSA,1964,Feed_Q,20862969.21
"SSA, Total","SSA, Total","SSA, Total",SSA,1964,Cropland_Q,102151.97
"SSA, Total","SSA, Total","SSA, Total",SSA,1964,Pasture_Q,731642
"SSA, Total","SSA, Total","SSA, Total",SSA,1964,IrrigArea_Q,3642.2
"SSA, Total","SSA, Total","SSA, Total",SSA,1965,TFP_Index,80.28344633
"SSA, Total","SSA, Total","SSA, Total",SSA,1965,Outall_Index,25.33077122
"SSA, Total","SSA, Total","SSA, Total",SSA,1965,Input_Index,31.55167395
"SSA, Total","SSA, Total","SSA, Total",SSA,1965,Land_Index,45.13536743
"SSA, Total","SSA, Total","SSA, Total",SSA,1965,Labor_Index,37.33073365
"SSA, Total","SSA, Total","SSA, Total",SSA,1965,Capital_Index,25.68352984
"SSA, Total","SSA, Total","SSA, Total",SSA,1965,Materials_Index,16.47819598
"SSA, Total","SSA, Total","SSA, Total",SSA,1965,Outall_Q,68175148.98
"SSA, Total","SSA, Total","SSA, Total",SSA,1965,Outcrop_Q,48396425
"SSA, Total","SSA, Total","SSA, Total",SSA,1965,Outanim_Q,19776848
"SSA, Total","SSA, Total","SSA, Total",SSA,1965,Outfish_Q,8344.591368
"SSA, Total","SSA, Total","SSA, Total",SSA,1965,Land_Q,120537.0976
"SSA, Total","SSA, Total","SSA, Total",SSA,1965,Labor_Q,70897.90069
"SSA, Total","SSA, Total","SSA, Total",SSA,1965,Capital_Q,75711.71849
"SSA, Total","SSA, Total","SSA, Total",SSA,1965,Machinery_Q,8333.625766
"SSA, Total","SSA, Total","SSA, Total",SSA,1965,Livestock_Q,151344.9728
"SSA, Total","SSA, Total","SSA, Total",SSA,1965,Fertilizer_Q,961003.1267
"SSA, Total","SSA, Total","SSA, Total",SSA,1965,Feed_Q,21341360.42
"SSA, Total","SSA, Total","SSA, Total",SSA,1965,Cropland_Q,104797.612
"SSA, Total","SSA, Total","SSA, Total",SSA,1965,Pasture_Q,730451
"SSA, Total","SSA, Total","SSA, Total",SSA,1965,IrrigArea_Q,3719.28
"SSA, Total","SSA, Total","SSA, Total",SSA,1966,TFP_Index,80.29071211
"SSA, Total","SSA, Total","SSA, Total",SSA,1966,Outall_Index,25.92175424
"SSA, Total","SSA, Total","SSA, Total",SSA,1966,Input_Index,32.28487275
"SSA, Total","SSA, Total","SSA, Total",SSA,1966,Land_Index,44.80794921
"SSA, Total","SSA, Total","SSA, Total",SSA,1966,Labor_Index,38.03921978
"SSA, Total","SSA, Total","SSA, Total",SSA,1966,Capital_Index,26.23143948
"SSA, Total","SSA, Total","SSA, Total",SSA,1966,Materials_Index,18.36982395
"SSA, Total","SSA, Total","SSA, Total",SSA,1966,Outall_Q,69765718.59
"SSA, Total","SSA, Total","SSA, Total",SSA,1966,Outcrop_Q,49386267
"SSA, Total","SSA, Total","SSA, Total",SSA,1966,Outanim_Q,20377703
"SSA, Total","SSA, Total","SSA, Total",SSA,1966,Outfish_Q,8618.076386
"SSA, Total","SSA, Total","SSA, Total",SSA,1966,Land_Q,119662.7047
"SSA, Total","SSA, Total","SSA, Total",SSA,1966,Labor_Q,72243.44563
"SSA, Total","SSA, Total","SSA, Total",SSA,1966,Capital_Q,77326.88512
"SSA, Total","SSA, Total","SSA, Total",SSA,1966,Machinery_Q,8693.017165
"SSA, Total","SSA, Total","SSA, Total",SSA,1966,Livestock_Q,153328.6119
"SSA, Total","SSA, Total","SSA, Total",SSA,1966,Fertilizer_Q,1064484.712
"SSA, Total","SSA, Total","SSA, Total",SSA,1966,Feed_Q,23936610.57
"SSA, Total","SSA, Total","SSA, Total",SSA,1966,Cropland_Q,103874.816
"SSA, Total","SSA, Total","SSA, Total",SSA,1966,Pasture_Q,730254
"SSA, Total","SSA, Total","SSA, Total",SSA,1966,IrrigArea_Q,3766.29
"SSA, Total","SSA, Total","SSA, Total",SSA,1967,TFP_Index,82.45151402
"SSA, Total","SSA, Total","SSA, Total",SSA,1967,Outall_Index,27.68295762
"SSA, Total","SSA, Total","SSA, Total",SSA,1967,Input_Index,33.57483237
"SSA, Total","SSA, Total","SSA, Total",SSA,1967,Land_Index,46.5210651
"SSA, Total","SSA, Total","SSA, Total",SSA,1967,Labor_Index,38.76922255
"SSA, Total","SSA, Total","SSA, Total",SSA,1967,Capital_Index,27.40637297
"SSA, Total","SSA, Total","SSA, Total",SSA,1967,Materials_Index,19.73420149
"SSA, Total","SSA, Total","SSA, Total",SSA,1967,Outall_Q,74505815.22
"SSA, Total","SSA, Total","SSA, Total",SSA,1967,Outcrop_Q,53717258
"SSA, Total","SSA, Total","SSA, Total",SSA,1967,Outanim_Q,20786842
"SSA, Total","SSA, Total","SSA, Total",SSA,1967,Outfish_Q,8987.583931
"SSA, Total","SSA, Total","SSA, Total",SSA,1967,Land_Q,124237.6983
"SSA, Total","SSA, Total","SSA, Total",SSA,1967,Labor_Q,73629.85459
"SSA, Total","SSA, Total","SSA, Total",SSA,1967,Capital_Q,80790.43682
"SSA, Total","SSA, Total","SSA, Total",SSA,1967,Machinery_Q,9091.188438
"SSA, Total","SSA, Total","SSA, Total",SSA,1967,Livestock_Q,157924.3585
"SSA, Total","SSA, Total","SSA, Total",SSA,1967,Fertilizer_Q,1166566.633
"SSA, Total","SSA, Total","SSA, Total",SSA,1967,Feed_Q,25231517.44
"SSA, Total","SSA, Total","SSA, Total",SSA,1967,Cropland_Q,108384.921
"SSA, Total","SSA, Total","SSA, Total",SSA,1967,Pasture_Q,729956
"SSA, Total","SSA, Total","SSA, Total",SSA,1967,IrrigArea_Q,3831.31
"SSA, Total","SSA, Total","SSA, Total",SSA,1968,TFP_Index,80.38989691
"SSA, Total","SSA, Total","SSA, Total",SSA,1968,Outall_Index,27.6075026
"SSA, Total","SSA, Total","SSA, Total",SSA,1968,Input_Index,34.34200523
"SSA, Total","SSA, Total","SSA, Total",SSA,1968,Land_Index,46.27650696
"SSA, Total","SSA, Total","SSA, Total",SSA,1968,Labor_Index,39.52873942
"SSA, Total","SSA, Total","SSA, Total",SSA,1968,Capital_Index,28.31558365
"SSA, Total","SSA, Total","SSA, Total",SSA,1968,Materials_Index,21.18262375
"SSA, Total","SSA, Total","SSA, Total",SSA,1968,Outall_Q,74302735.84
"SSA, Total","SSA, Total","SSA, Total",SSA,1968,Outcrop_Q,52858180
"SSA, Total","SSA, Total","SSA, Total",SSA,1968,Outanim_Q,21443020
"SSA, Total","SSA, Total","SSA, Total",SSA,1968,Outfish_Q,9184.10216
"SSA, Total","SSA, Total","SSA, Total",SSA,1968,Land_Q,123584.589
"SSA, Total","SSA, Total","SSA, Total",SSA,1968,Labor_Q,75072.31625
"SSA, Total","SSA, Total","SSA, Total",SSA,1968,Capital_Q,83470.67212
"SSA, Total","SSA, Total","SSA, Total",SSA,1968,Machinery_Q,9313.995006
"SSA, Total","SSA, Total","SSA, Total",SSA,1968,Livestock_Q,162040.1079
"SSA, Total","SSA, Total","SSA, Total",SSA,1968,Fertilizer_Q,1213450.744
"SSA, Total","SSA, Total","SSA, Total",SSA,1968,Feed_Q,27905269.95
"SSA, Total","SSA, Total","SSA, Total",SSA,1968,Cropland_Q,107684.27
"SSA, Total","SSA, Total","SSA, Total",SSA,1968,Pasture_Q,729662
"SSA, Total","SSA, Total","SSA, Total",SSA,1968,IrrigArea_Q,3886.33
"SSA, Total","SSA, Total","SSA, Total",SSA,1969,TFP_Index,81.43117659
"SSA, Total","SSA, Total","SSA, Total",SSA,1969,Outall_Index,29.30189459
"SSA, Total","SSA, Total","SSA, Total",SSA,1969,Input_Index,35.9836316
"SSA, Total","SSA, Total","SSA, Total",SSA,1969,Land_Index,49.02746427
"SSA, Total","SSA, Total","SSA, Total",SSA,1969,Labor_Index,40.35714358
"SSA, Total","SSA, Total","SSA, Total",SSA,1969,Capital_Index,29.65314373
"SSA, Total","SSA, Total","SSA, Total",SSA,1969,Materials_Index,22.78765852
"SSA, Total","SSA, Total","SSA, Total",SSA,1969,Outall_Q,78863016.51
"SSA, Total","SSA, Total","SSA, Total",SSA,1969,Outcrop_Q,56693204
"SSA, Total","SSA, Total","SSA, Total",SSA,1969,Outanim_Q,22168333
"SSA, Total","SSA, Total","SSA, Total",SSA,1969,Outfish_Q,9527.873723
"SSA, Total","SSA, Total","SSA, Total",SSA,1969,Land_Q,130931.2094
"SSA, Total","SSA, Total","SSA, Total",SSA,1969,Labor_Q,76645.60748
"SSA, Total","SSA, Total","SSA, Total",SSA,1969,Capital_Q,87413.62596
"SSA, Total","SSA, Total","SSA, Total",SSA,1969,Machinery_Q,9742.469314
"SSA, Total","SSA, Total","SSA, Total",SSA,1969,Livestock_Q,164866.6131
"SSA, Total","SSA, Total","SSA, Total",SSA,1969,Fertilizer_Q,1258844.445
"SSA, Total","SSA, Total","SSA, Total",SSA,1969,Feed_Q,31074766.73
"SSA, Total","SSA, Total","SSA, Total",SSA,1969,Cropland_Q,114975.378
"SSA, Total","SSA, Total","SSA, Total",SSA,1969,Pasture_Q,729383
"SSA, Total","SSA, Total","SSA, Total",SSA,1969,IrrigArea_Q,3945.34
"SSA, Total","SSA, Total","SSA, Total",SSA,1970,TFP_Index,82.0503411
"SSA, Total","SSA, Total","SSA, Total",SSA,1970,Outall_Index,30.46547857
"SSA, Total","SSA, Total","SSA, Total",SSA,1970,Input_Index,37.13022781
"SSA, Total","SSA, Total","SSA, Total",SSA,1970,Land_Index,49.28091213
"SSA, Total","SSA, Total","SSA, Total",SSA,1970,Labor_Index,41.12782577
"SSA, Total","SSA, Total","SSA, Total",SSA,1970,Capital_Index,30.6805733
"SSA, Total","SSA, Total","SSA, Total",SSA,1970,Materials_Index,25.49857761
"SSA, Total","SSA, Total","SSA, Total",SSA,1970,Outall_Q,81994682.36
"SSA, Total","SSA, Total","SSA, Total",SSA,1970,Outcrop_Q,59286818
"SSA, Total","SSA, Total","SSA, Total",SSA,1970,Outanim_Q,22706355
"SSA, Total","SSA, Total","SSA, Total",SSA,1970,Outfish_Q,9994.218641
"SSA, Total","SSA, Total","SSA, Total",SSA,1970,Land_Q,131608.0593
"SSA, Total","SSA, Total","SSA, Total",SSA,1970,Labor_Q,78109.2741
"SSA, Total","SSA, Total","SSA, Total",SSA,1970,Capital_Q,90442.35521
"SSA, Total","SSA, Total","SSA, Total",SSA,1970,Machinery_Q,10126.62358
"SSA, Total","SSA, Total","SSA, Total",SSA,1970,Livestock_Q,167691.355
"SSA, Total","SSA, Total","SSA, Total",SSA,1970,Fertilizer_Q,1378394.879
"SSA, Total","SSA, Total","SSA, Total",SSA,1970,Feed_Q,35496056.2
"SSA, Total","SSA, Total","SSA, Total",SSA,1970,Cropland_Q,115464.29
"SSA, Total","SSA, Total","SSA, Total",SSA,1970,Pasture_Q,729121
"SSA, Total","SSA, Total","SSA, Total",SSA,1970,IrrigArea_Q,4041.35
"SSA, Total","SSA, Total","SSA, Total",SSA,1971,TFP_Index,81.45975973
"SSA, Total","SSA, Total","SSA, Total",SSA,1971,Outall_Index,30.75091614
"SSA, Total","SSA, Total","SSA, Total",SSA,1971,Input_Index,37.74982425
"SSA, Total","SSA, Total","SSA, Total",SSA,1971,Land_Index,49.51327118
"SSA, Total","SSA, Total","SSA, Total",SSA,1971,Labor_Index,41.80592404
"SSA, Total","SSA, Total","SSA, Total",SSA,1971,Capital_Index,31.47717974
"SSA, Total","SSA, Total","SSA, Total",SSA,1971,Materials_Index,26.08346616
"SSA, Total","SSA, Total","SSA, Total",SSA,1971,Outall_Q,82762908.02
"SSA, Total","SSA, Total","SSA, Total",SSA,1971,Outcrop_Q,60147609
"SSA, Total","SSA, Total","SSA, Total",SSA,1971,Outanim_Q,22613821
"SSA, Total","SSA, Total","SSA, Total",SSA,1971,Outfish_Q,10372.39066
"SSA, Total","SSA, Total","SSA, Total",SSA,1971,Land_Q,132228.5901
"SSA, Total","SSA, Total","SSA, Total",SSA,1971,Labor_Q,79397.10693
"SSA, Total","SSA, Total","SSA, Total",SSA,1971,Capital_Q,92790.6478
"SSA, Total","SSA, Total","SSA, Total",SSA,1971,Machinery_Q,10309.99091
"SSA, Total","SSA, Total","SSA, Total",SSA,1971,Livestock_Q,170157.2286
"SSA, Total","SSA, Total","SSA, Total",SSA,1971,Fertilizer_Q,1521884.992
"SSA, Total","SSA, Total","SSA, Total",SSA,1971,Feed_Q,33871595.34
"SSA, Total","SSA, Total","SSA, Total",SSA,1971,Cropland_Q,116002.396
"SSA, Total","SSA, Total","SSA, Total",SSA,1971,Pasture_Q,729648
"SSA, Total","SSA, Total","SSA, Total",SSA,1971,IrrigArea_Q,4113.35
"SSA, Total","SSA, Total","SSA, Total",SSA,1972,TFP_Index,80.64962881
"SSA, Total","SSA, Total","SSA, Total",SSA,1972,Outall_Index,30.60492922
"SSA, Total","SSA, Total","SSA, Total",SSA,1972,Input_Index,37.94801001
"SSA, Total","SSA, Total","SSA, Total",SSA,1972,Land_Index,47.88742526
"SSA, Total","SSA, Total","SSA, Total",SSA,1972,Labor_Index,42.4583882
"SSA, Total","SSA, Total","SSA, Total",SSA,1972,Capital_Index,32.32880019
"SSA, Total","SSA, Total","SSA, Total",SSA,1972,Materials_Index,26.72803799
"SSA, Total","SSA, Total","SSA, Total",SSA,1972,Outall_Q,82369999.33
"SSA, Total","SSA, Total","SSA, Total",SSA,1972,Outcrop_Q,59192951
"SSA, Total","SSA, Total","SSA, Total",SSA,1972,Outanim_Q,23175579
"SSA, Total","SSA, Total","SSA, Total",SSA,1972,Outfish_Q,10804.97435
"SSA, Total","SSA, Total","SSA, Total",SSA,1972,Land_Q,127886.6569
"SSA, Total","SSA, Total","SSA, Total",SSA,1972,Labor_Q,80636.25587
"SSA, Total","SSA, Total","SSA, Total",SSA,1972,Capital_Q,95301.11455
"SSA, Total","SSA, Total","SSA, Total",SSA,1972,Machinery_Q,10648.45732
"SSA, Total","SSA, Total","SSA, Total",SSA,1972,Livestock_Q,171168.6943
"SSA, Total","SSA, Total","SSA, Total",SSA,1972,Fertilizer_Q,1645846.129
"SSA, Total","SSA, Total","SSA, Total",SSA,1972,Feed_Q,33046443.04
"SSA, Total","SSA, Total","SSA, Total",SSA,1972,Cropland_Q,111628.804
"SSA, Total","SSA, Total","SSA, Total",SSA,1972,Pasture_Q,729441
"SSA, Total","SSA, Total","SSA, Total",SSA,1972,IrrigArea_Q,4147.46
"SSA, Total","SSA, Total","SSA, Total",SSA,1973,TFP_Index,77.86851937
"SSA, Total","SSA, Total","SSA, Total",SSA,1973,Outall_Index,30.40274814
"SSA, Total","SSA, Total","SSA, Total",SSA,1973,Input_Index,39.0436962
"SSA, Total","SSA, Total","SSA, Total",SSA,1973,Land_Index,49.4825743
"SSA, Total","SSA, Total","SSA, Total",SSA,1973,Labor_Index,43.17747415
"SSA, Total","SSA, Total","SSA, Total",SSA,1973,Capital_Index,33.0846209
"SSA, Total","SSA, Total","SSA, Total",SSA,1973,Materials_Index,28.18086665
"SSA, Total","SSA, Total","SSA, Total",SSA,1973,Outall_Q,81825849.9
"SSA, Total","SSA, Total","SSA, Total",SSA,1973,Outcrop_Q,58622058
"SSA, Total","SSA, Total","SSA, Total",SSA,1973,Outanim_Q,23202170
"SSA, Total","SSA, Total","SSA, Total",SSA,1973,Outfish_Q,11558.72566
"SSA, Total","SSA, Total","SSA, Total",SSA,1973,Land_Q,132146.612
"SSA, Total","SSA, Total","SSA, Total",SSA,1973,Labor_Q,82001.93179
"SSA, Total","SSA, Total","SSA, Total",SSA,1973,Capital_Q,97529.17608
"SSA, Total","SSA, Total","SSA, Total",SSA,1973,Machinery_Q,10845.91238
"SSA, Total","SSA, Total","SSA, Total",SSA,1973,Livestock_Q,171377.443
"SSA, Total","SSA, Total","SSA, Total",SSA,1973,Fertilizer_Q,1689198.441
"SSA, Total","SSA, Total","SSA, Total",SSA,1973,Feed_Q,35707708.31
"SSA, Total","SSA, Total","SSA, Total",SSA,1973,Cropland_Q,115805.53
"SSA, Total","SSA, Total","SSA, Total",SSA,1973,Pasture_Q,729223
"SSA, Total","SSA, Total","SSA, Total",SSA,1973,IrrigArea_Q,4232.47
"SSA, Total","SSA, Total","SSA, Total",SSA,1974,TFP_Index,81.76714293
"SSA, Total","SSA, Total","SSA, Total",SSA,1974,Outall_Index,32.56245536
"SSA, Total","SSA, Total","SSA, Total",SSA,1974,Input_Index,39.82339873
"SSA, Total","SSA, Total","SSA, Total",SSA,1974,Land_Index,49.14295412
"SSA, Total","SSA, Total","SSA, Total",SSA,1974,Labor_Index,43.93661202
"SSA, Total","SSA, Total","SSA, Total",SSA,1974,Capital_Index,33.99722595
"SSA, Total","SSA, Total","SSA, Total",SSA,1974,Materials_Index,30.16530265
"SSA, Total","SSA, Total","SSA, Total",SSA,1974,Outall_Q,87638478.35
"SSA, Total","SSA, Total","SSA, Total",SSA,1974,Outcrop_Q,64524451
"SSA, Total","SSA, Total","SSA, Total",SSA,1974,Outanim_Q,23112557
"SSA, Total","SSA, Total","SSA, Total",SSA,1974,Outfish_Q,11999.02625
"SSA, Total","SSA, Total","SSA, Total",SSA,1974,Land_Q,131239.6329
"SSA, Total","SSA, Total","SSA, Total",SSA,1974,Labor_Q,83443.67365
"SSA, Total","SSA, Total","SSA, Total",SSA,1974,Capital_Q,100219.4175
"SSA, Total","SSA, Total","SSA, Total",SSA,1974,Machinery_Q,11052.61634
"SSA, Total","SSA, Total","SSA, Total",SSA,1974,Livestock_Q,172294.4438
"SSA, Total","SSA, Total","SSA, Total",SSA,1974,Fertilizer_Q,1764204.788
"SSA, Total","SSA, Total","SSA, Total",SSA,1974,Feed_Q,39088129.87
"SSA, Total","SSA, Total","SSA, Total",SSA,1974,Cropland_Q,114814.333
"SSA, Total","SSA, Total","SSA, Total",SSA,1974,Pasture_Q,728998
"SSA, Total","SSA, Total","SSA, Total",SSA,1974,IrrigArea_Q,4311.48
"SSA, Total","SSA, Total","SSA, Total",SSA,1975,TFP_Index,81.0353301
"SSA, Total","SSA, Total","SSA, Total",SSA,1975,Outall_Index,32.71090289
"SSA, Total","SSA, Total","SSA, Total",SSA,1975,Input_Index,40.36622403
"SSA, Total","SSA, Total","SSA, Total",SSA,1975,Land_Index,48.54091021
"SSA, Total","SSA, Total","SSA, Total",SSA,1975,Labor_Index,44.71660005
"SSA, Total","SSA, Total","SSA, Total",SSA,1975,Capital_Index,34.70308711
"SSA, Total","SSA, Total","SSA, Total",SSA,1975,Materials_Index,31.6834291
"SSA, Total","SSA, Total","SSA, Total",SSA,1975,Outall_Q,88038009.52
"SSA, Total","SSA, Total","SSA, Total",SSA,1975,Outcrop_Q,64281942
"SSA, Total","SSA, Total","SSA, Total",SSA,1975,Outanim_Q,23754564
"SSA, Total","SSA, Total","SSA, Total",SSA,1975,Outfish_Q,12635.28393
"SSA, Total","SSA, Total","SSA, Total",SSA,1975,Land_Q,129631.8334
"SSA, Total","SSA, Total","SSA, Total",SSA,1975,Labor_Q,84925.01379
"SSA, Total","SSA, Total","SSA, Total",SSA,1975,Capital_Q,102300.2048
"SSA, Total","SSA, Total","SSA, Total",SSA,1975,Machinery_Q,11240.74499
"SSA, Total","SSA, Total","SSA, Total",SSA,1975,Livestock_Q,175911.8577
"SSA, Total","SSA, Total","SSA, Total",SSA,1975,Fertilizer_Q,1887084.453
"SSA, Total","SSA, Total","SSA, Total",SSA,1975,Feed_Q,40379370.51
"SSA, Total","SSA, Total","SSA, Total",SSA,1975,Cropland_Q,113139.799
"SSA, Total","SSA, Total","SSA, Total",SSA,1975,Pasture_Q,728600
"SSA, Total","SSA, Total","SSA, Total",SSA,1975,IrrigArea_Q,4391.48
"SSA, Total","SSA, Total","SSA, Total",SSA,1976,TFP_Index,79.61964087
"SSA, Total","SSA, Total","SSA, Total",SSA,1976,Outall_Index,32.59732451
"SSA, Total","SSA, Total","SSA, Total",SSA,1976,Input_Index,40.94131065
"SSA, Total","SSA, Total","SSA, Total",SSA,1976,Land_Index,48.98960863
"SSA, Total","SSA, Total","SSA, Total",SSA,1976,Labor_Index,45.44229572
"SSA, Total","SSA, Total","SSA, Total",SSA,1976,Capital_Index,35.45823036
"SSA, Total","SSA, Total","SSA, Total",SSA,1976,Materials_Index,31.82280421
"SSA, Total","SSA, Total","SSA, Total",SSA,1976,Outall_Q,87732325.05
"SSA, Total","SSA, Total","SSA, Total",SSA,1976,Outcrop_Q,62932546
"SSA, Total","SSA, Total","SSA, Total",SSA,1976,Outanim_Q,24798122
"SSA, Total","SSA, Total","SSA, Total",SSA,1976,Outfish_Q,13375.18996
"SSA, Total","SSA, Total","SSA, Total",SSA,1976,Land_Q,130830.1133
"SSA, Total","SSA, Total","SSA, Total",SSA,1976,Labor_Q,86303.24278
"SSA, Total","SSA, Total","SSA, Total",SSA,1976,Capital_Q,104526.2692
"SSA, Total","SSA, Total","SSA, Total",SSA,1976,Machinery_Q,11577.28713
"SSA, Total","SSA, Total","SSA, Total",SSA,1976,Livestock_Q,178502.41
"SSA, Total","SSA, Total","SSA, Total",SSA,1976,Fertilizer_Q,1952404.034
"SSA, Total","SSA, Total","SSA, Total",SSA,1976,Feed_Q,39477053.64
"SSA, Total","SSA, Total","SSA, Total",SSA,1976,Cropland_Q,114234.959
"SSA, Total","SSA, Total","SSA, Total",SSA,1976,Pasture_Q,728455
"SSA, Total","SSA, Total","SSA, Total",SSA,1976,IrrigArea_Q,4493.53
"SSA, Total","SSA, Total","SSA, Total",SSA,1977,TFP_Index,80.09572601
"SSA, Total","SSA, Total","SSA, Total",SSA,1977,Outall_Index,32.98199696
"SSA, Total","SSA, Total","SSA, Total",SSA,1977,Input_Index,41.17822336
"SSA, Total","SSA, Total","SSA, Total",SSA,1977,Land_Index,47.8287779
"SSA, Total","SSA, Total","SSA, Total",SSA,1977,Labor_Index,46.27170332
"SSA, Total","SSA, Total","SSA, Total",SSA,1977,Capital_Index,36.29000361
"SSA, Total","SSA, Total","SSA, Total",SSA,1977,Materials_Index,32.14957363
"SSA, Total","SSA, Total","SSA, Total",SSA,1977,Outall_Q,88767631.13
"SSA, Total","SSA, Total","SSA, Total",SSA,1977,Outcrop_Q,63009629
"SSA, Total","SSA, Total","SSA, Total",SSA,1977,Outanim_Q,25756161
"SSA, Total","SSA, Total","SSA, Total",SSA,1977,Outfish_Q,14171.97196
"SSA, Total","SSA, Total","SSA, Total",SSA,1977,Land_Q,127730.0351
"SSA, Total","SSA, Total","SSA, Total",SSA,1977,Labor_Q,87878.43974
"SSA, Total","SSA, Total","SSA, Total",SSA,1977,Capital_Q,106978.229
"SSA, Total","SSA, Total","SSA, Total",SSA,1977,Machinery_Q,11690.84335
"SSA, Total","SSA, Total","SSA, Total",SSA,1977,Livestock_Q,183436.0935
"SSA, Total","SSA, Total","SSA, Total",SSA,1977,Fertilizer_Q,2035330.152
"SSA, Total","SSA, Total","SSA, Total",SSA,1977,Feed_Q,38758926.81
"SSA, Total","SSA, Total","SSA, Total",SSA,1977,Cropland_Q,111037.932
"SSA, Total","SSA, Total","SSA, Total",SSA,1977,Pasture_Q,728156
"SSA, Total","SSA, Total","SSA, Total",SSA,1977,IrrigArea_Q,4601.77
"SSA, Total","SSA, Total","SSA, Total",SSA,1978,TFP_Index,80.66508709
"SSA, Total","SSA, Total","SSA, Total",SSA,1978,Outall_Index,33.56752301
"SSA, Total","SSA, Total","SSA, Total",SSA,1978,Input_Index,41.61344668
"SSA, Total","SSA, Total","SSA, Total",SSA,1978,Land_Index,47.72776588
"SSA, Total","SSA, Total","SSA, Total",SSA,1978,Labor_Index,47.12483831
"SSA, Total","SSA, Total","SSA, Total",SSA,1978,Capital_Index,37.05387708
"SSA, Total","SSA, Total","SSA, Total",SSA,1978,Materials_Index,32.17369509
"SSA, Total","SSA, Total","SSA, Total",SSA,1978,Outall_Q,90343513.89
"SSA, Total","SSA, Total","SSA, Total",SSA,1978,Outcrop_Q,63239377
"SSA, Total","SSA, Total","SSA, Total",SSA,1978,Outanim_Q,27102037
"SSA, Total","SSA, Total","SSA, Total",SSA,1978,Outfish_Q,15015.0596
"SSA, Total","SSA, Total","SSA, Total",SSA,1978,Land_Q,127460.2756
"SSA, Total","SSA, Total","SSA, Total",SSA,1978,Labor_Q,89498.69934
"SSA, Total","SSA, Total","SSA, Total",SSA,1978,Capital_Q,109230.029
"SSA, Total","SSA, Total","SSA, Total",SSA,1978,Machinery_Q,11799.33456
"SSA, Total","SSA, Total","SSA, Total",SSA,1978,Livestock_Q,189078.1697
"SSA, Total","SSA, Total","SSA, Total",SSA,1978,Fertilizer_Q,2066198.351
"SSA, Total","SSA, Total","SSA, Total",SSA,1978,Feed_Q,38286129.8
"SSA, Total","SSA, Total","SSA, Total",SSA,1978,Cropland_Q,110549.383
"SSA, Total","SSA, Total","SSA, Total",SSA,1978,Pasture_Q,728057
"SSA, Total","SSA, Total","SSA, Total",SSA,1978,IrrigArea_Q,4732.6
"SSA, Total","SSA, Total","SSA, Total",SSA,1979,TFP_Index,79.76128872
"SSA, Total","SSA, Total","SSA, Total",SSA,1979,Outall_Index,33.38493855
"SSA, Total","SSA, Total","SSA, Total",SSA,1979,Input_Index,41.85606713
"SSA, Total","SSA, Total","SSA, Total",SSA,1979,Land_Index,46.56015423
"SSA, Total","SSA, Total","SSA, Total",SSA,1979,Labor_Index,48.02051244
"SSA, Total","SSA, Total","SSA, Total",SSA,1979,Capital_Index,37.85816948
"SSA, Total","SSA, Total","SSA, Total",SSA,1979,Materials_Index,32.66203797
"SSA, Total","SSA, Total","SSA, Total",SSA,1979,Outall_Q,89852106.73
"SSA, Total","SSA, Total","SSA, Total",SSA,1979,Outcrop_Q,61837924
"SSA, Total","SSA, Total","SSA, Total",SSA,1979,Outanim_Q,28011820
"SSA, Total","SSA, Total","SSA, Total",SSA,1979,Outfish_Q,15826.27581
"SSA, Total","SSA, Total","SSA, Total",SSA,1979,Land_Q,124342.0885
"SSA, Total","SSA, Total","SSA, Total",SSA,1979,Labor_Q,91199.74857
"SSA, Total","SSA, Total","SSA, Total",SSA,1979,Capital_Q,111600.9788
"SSA, Total","SSA, Total","SSA, Total",SSA,1979,Machinery_Q,11894.49092
"SSA, Total","SSA, Total","SSA, Total",SSA,1979,Livestock_Q,194290.1259
"SSA, Total","SSA, Total","SSA, Total",SSA,1979,Fertilizer_Q,2166318.096
"SSA, Total","SSA, Total","SSA, Total",SSA,1979,Feed_Q,37742311.87
"SSA, Total","SSA, Total","SSA, Total",SSA,1979,Cropland_Q,107349.474
"SSA, Total","SSA, Total","SSA, Total",SSA,1979,Pasture_Q,727952
"SSA, Total","SSA, Total","SSA, Total",SSA,1979,IrrigArea_Q,4820.4
"SSA, Total","SSA, Total","SSA, Total",SSA,1980,TFP_Index,79.62781353
"SSA, Total","SSA, Total","SSA, Total",SSA,1980,Outall_Index,34.14181702
"SSA, Total","SSA, Total","SSA, Total",SSA,1980,Input_Index,42.8767481
"SSA, Total","SSA, Total","SSA, Total",SSA,1980,Land_Index,47.60954708
"SSA, Total","SSA, Total","SSA, Total",SSA,1980,Labor_Index,48.89617235
"SSA, Total","SSA, Total","SSA, Total",SSA,1980,Capital_Index,38.21028408
"SSA, Total","SSA, Total","SSA, Total",SSA,1980,Materials_Index,35.1968587
"SSA, Total","SSA, Total","SSA, Total",SSA,1980,Outall_Q,91889166.79
"SSA, Total","SSA, Total","SSA, Total",SSA,1980,Outcrop_Q,63154913
"SSA, Total","SSA, Total","SSA, Total",SSA,1980,Outanim_Q,28731565
"SSA, Total","SSA, Total","SSA, Total",SSA,1980,Outfish_Q,16753.70555
"SSA, Total","SSA, Total","SSA, Total",SSA,1980,Land_Q,127144.5642
"SSA, Total","SSA, Total","SSA, Total",SSA,1980,Labor_Q,92862.78711
"SSA, Total","SSA, Total","SSA, Total",SSA,1980,Capital_Q,112638.9671
"SSA, Total","SSA, Total","SSA, Total",SSA,1980,Machinery_Q,11936.26788
"SSA, Total","SSA, Total","SSA, Total",SSA,1980,Livestock_Q,195085.7756
"SSA, Total","SSA, Total","SSA, Total",SSA,1980,Fertilizer_Q,2496919.572
"SSA, Total","SSA, Total","SSA, Total",SSA,1980,Feed_Q,38254312.72
"SSA, Total","SSA, Total","SSA, Total",SSA,1980,Cropland_Q,110062.094
"SSA, Total","SSA, Total","SSA, Total",SSA,1980,Pasture_Q,728330
"SSA, Total","SSA, Total","SSA, Total",SSA,1980,IrrigArea_Q,4908.6
"SSA, Total","SSA, Total","SSA, Total",SSA,1981,TFP_Index,81.29325314
"SSA, Total","SSA, Total","SSA, Total",SSA,1981,Outall_Index,35.55967434
"SSA, Total","SSA, Total","SSA, Total",SSA,1981,Input_Index,43.74246689
"SSA, Total","SSA, Total","SSA, Total",SSA,1981,Land_Index,47.46904154
"SSA, Total","SSA, Total","SSA, Total",SSA,1981,Labor_Index,49.90841701
"SSA, Total","SSA, Total","SSA, Total",SSA,1981,Capital_Index,39.13223508
"SSA, Total","SSA, Total","SSA, Total",SSA,1981,Materials_Index,37.45460458
"SSA, Total","SSA, Total","SSA, Total",SSA,1981,Outall_Q,95705183.01
"SSA, Total","SSA, Total","SSA, Total",SSA,1981,Outcrop_Q,66854325
"SSA, Total","SSA, Total","SSA, Total",SSA,1981,Outanim_Q,28847838
"SSA, Total","SSA, Total","SSA, Total",SSA,1981,Outfish_Q,17698.04531
"SSA, Total","SSA, Total","SSA, Total",SSA,1981,Land_Q,126769.3345
"SSA, Total","SSA, Total","SSA, Total",SSA,1981,Labor_Q,94785.22513
"SSA, Total","SSA, Total","SSA, Total",SSA,1981,Capital_Q,115356.7592
"SSA, Total","SSA, Total","SSA, Total",SSA,1981,Machinery_Q,12381.54823
"SSA, Total","SSA, Total","SSA, Total",SSA,1981,Livestock_Q,198540.5653
"SSA, Total","SSA, Total","SSA, Total",SSA,1981,Fertilizer_Q,2783042.816
"SSA, Total","SSA, Total","SSA, Total",SSA,1981,Feed_Q,39086026.32
"SSA, Total","SSA, Total","SSA, Total",SSA,1981,Cropland_Q,109589.394
"SSA, Total","SSA, Total","SSA, Total",SSA,1981,Pasture_Q,729311
"SSA, Total","SSA, Total","SSA, Total",SSA,1981,IrrigArea_Q,4986.702
"SSA, Total","SSA, Total","SSA, Total",SSA,1982,TFP_Index,80.31806629
"SSA, Total","SSA, Total","SSA, Total",SSA,1982,Outall_Index,35.53711511
"SSA, Total","SSA, Total","SSA, Total",SSA,1982,Input_Index,44.24548144
"SSA, Total","SSA, Total","SSA, Total",SSA,1982,Land_Index,47.58001196
"SSA, Total","SSA, Total","SSA, Total",SSA,1982,Labor_Index,51.00139123
"SSA, Total","SSA, Total","SSA, Total",SSA,1982,Capital_Index,39.8953216
"SSA, Total","SSA, Total","SSA, Total",SSA,1982,Materials_Index,37.28680695
"SSA, Total","SSA, Total","SSA, Total",SSA,1982,Outall_Q,95644467.19
"SSA, Total","SSA, Total","SSA, Total",SSA,1982,Outcrop_Q,65790035
"SSA, Total","SSA, Total","SSA, Total",SSA,1982,Outanim_Q,29850675
"SSA, Total","SSA, Total","SSA, Total",SSA,1982,Outfish_Q,19087.16693
"SSA, Total","SSA, Total","SSA, Total",SSA,1982,Land_Q,127065.6886
"SSA, Total","SSA, Total","SSA, Total",SSA,1982,Labor_Q,96860.98335
"SSA, Total","SSA, Total","SSA, Total",SSA,1982,Capital_Q,117606.2394
"SSA, Total","SSA, Total","SSA, Total",SSA,1982,Machinery_Q,12359.48111
"SSA, Total","SSA, Total","SSA, Total",SSA,1982,Livestock_Q,204194.7754
"SSA, Total","SSA, Total","SSA, Total",SSA,1982,Fertilizer_Q,2607059.663
"SSA, Total","SSA, Total","SSA, Total",SSA,1982,Feed_Q,41045674.61
"SSA, Total","SSA, Total","SSA, Total",SSA,1982,Cropland_Q,109809.006
"SSA, Total","SSA, Total","SSA, Total",SSA,1982,Pasture_Q,729248
"SSA, Total","SSA, Total","SSA, Total",SSA,1982,IrrigArea_Q,5049.102
"SSA, Total","SSA, Total","SSA, Total",SSA,1983,TFP_Index,78.92866994
"SSA, Total","SSA, Total","SSA, Total",SSA,1983,Outall_Index,35.2501185
"SSA, Total","SSA, Total","SSA, Total",SSA,1983,Input_Index,44.66072787
"SSA, Total","SSA, Total","SSA, Total",SSA,1983,Land_Index,48.33654292
"SSA, Total","SSA, Total","SSA, Total",SSA,1983,Labor_Index,52.12618297
"SSA, Total","SSA, Total","SSA, Total",SSA,1983,Capital_Index,40.27322585
"SSA, Total","SSA, Total","SSA, Total",SSA,1983,Materials_Index,36.26920392
"SSA, Total","SSA, Total","SSA, Total",SSA,1983,Outall_Q,94872045.5
"SSA, Total","SSA, Total","SSA, Total",SSA,1983,Outcrop_Q,64537124
"SSA, Total","SSA, Total","SSA, Total",SSA,1983,Outanim_Q,30330259
"SSA, Total","SSA, Total","SSA, Total",SSA,1983,Outfish_Q,20651.443
"SSA, Total","SSA, Total","SSA, Total",SSA,1983,Land_Q,129086.0565
"SSA, Total","SSA, Total","SSA, Total",SSA,1983,Labor_Q,98997.16889
"SSA, Total","SSA, Total","SSA, Total",SSA,1983,Capital_Q,118720.2521
"SSA, Total","SSA, Total","SSA, Total",SSA,1983,Machinery_Q,12294.84208
"SSA, Total","SSA, Total","SSA, Total",SSA,1983,Livestock_Q,206057.1895
"SSA, Total","SSA, Total","SSA, Total",SSA,1983,Fertilizer_Q,2388976.922
"SSA, Total","SSA, Total","SSA, Total",SSA,1983,Feed_Q,42073603.96
"SSA, Total","SSA, Total","SSA, Total",SSA,1983,Cropland_Q,111766.797
"SSA, Total","SSA, Total","SSA, Total",SSA,1983,Pasture_Q,729715
"SSA, Total","SSA, Total","SSA, Total",SSA,1983,IrrigArea_Q,5105.102
"SSA, Total","SSA, Total","SSA, Total",SSA,1984,TFP_Index,78.1846685
"SSA, Total","SSA, Total","SSA, Total",SSA,1984,Outall_Index,35.58395201
"SSA, Total","SSA, Total","SSA, Total",SSA,1984,Input_Index,45.51269794
"SSA, Total","SSA, Total","SSA, Total",SSA,1984,Land_Index,49.35588278
"SSA, Total","SSA, Total","SSA, Total",SSA,1984,Labor_Index,53.29811321
"SSA, Total","SSA, Total","SSA, Total",SSA,1984,Capital_Index,40.50508519
"SSA, Total","SSA, Total","SSA, Total",SSA,1984,Materials_Index,37.71557561
"SSA, Total","SSA, Total","SSA, Total",SSA,1984,Outall_Q,95770523.84
"SSA, Total","SSA, Total","SSA, Total",SSA,1984,Outcrop_Q,65639503
"SSA, Total","SSA, Total","SSA, Total",SSA,1984,Outanim_Q,30122810
"SSA, Total","SSA, Total","SSA, Total",SSA,1984,Outfish_Q,23469.86263
"SSA, Total","SSA, Total","SSA, Total",SSA,1984,Land_Q,131808.2736
"SSA, Total","SSA, Total","SSA, Total",SSA,1984,Labor_Q,101222.8791
"SSA, Total","SSA, Total","SSA, Total",SSA,1984,Capital_Q,119403.7434
"SSA, Total","SSA, Total","SSA, Total",SSA,1984,Machinery_Q,12249.05821
"SSA, Total","SSA, Total","SSA, Total",SSA,1984,Livestock_Q,201424.4969
"SSA, Total","SSA, Total","SSA, Total",SSA,1984,Fertilizer_Q,2511861.966
"SSA, Total","SSA, Total","SSA, Total",SSA,1984,Feed_Q,43328838.48
"SSA, Total","SSA, Total","SSA, Total",SSA,1984,Cropland_Q,114382.842
"SSA, Total","SSA, Total","SSA, Total",SSA,1984,Pasture_Q,729590
"SSA, Total","SSA, Total","SSA, Total",SSA,1984,IrrigArea_Q,5211.403
"SSA, Total","SSA, Total","SSA, Total",SSA,1985,TFP_Index,80.92907029
"SSA, Total","SSA, Total","SSA, Total",SSA,1985,Outall_Index,37.90998986
"SSA, Total","SSA, Total","SSA, Total",SSA,1985,Input_Index,46.8434763
"SSA, Total","SSA, Total","SSA, Total",SSA,1985,Land_Index,52.03995985
"SSA, Total","SSA, Total","SSA, Total",SSA,1985,Labor_Index,54.42431448
"SSA, Total","SSA, Total","SSA, Total",SSA,1985,Capital_Index,41.21228131
"SSA, Total","SSA, Total","SSA, Total",SSA,1985,Materials_Index,38.28433709
"SSA, Total","SSA, Total","SSA, Total",SSA,1985,Outall_Q,102030814
"SSA, Total","SSA, Total","SSA, Total",SSA,1985,Outcrop_Q,70868919
"SSA, Total","SSA, Total","SSA, Total",SSA,1985,Outanim_Q,31152729
"SSA, Total","SSA, Total","SSA, Total",SSA,1985,Outfish_Q,27456.86976
"SSA, Total","SSA, Total","SSA, Total",SSA,1985,Land_Q,138976.2857
"SSA, Total","SSA, Total","SSA, Total",SSA,1985,Labor_Q,103361.7416
"SSA, Total","SSA, Total","SSA, Total",SSA,1985,Capital_Q,121488.466
"SSA, Total","SSA, Total","SSA, Total",SSA,1985,Machinery_Q,12205.44008
"SSA, Total","SSA, Total","SSA, Total",SSA,1985,Livestock_Q,203840.2837
"SSA, Total","SSA, Total","SSA, Total",SSA,1985,Fertilizer_Q,2467837.327
"SSA, Total","SSA, Total","SSA, Total",SSA,1985,Feed_Q,45261319.9
"SSA, Total","SSA, Total","SSA, Total",SSA,1985,Cropland_Q,121372.792
"SSA, Total","SSA, Total","SSA, Total",SSA,1985,Pasture_Q,730856
"SSA, Total","SSA, Total","SSA, Total",SSA,1985,IrrigArea_Q,5353.684
"SSA, Total","SSA, Total","SSA, Total",SSA,1986,TFP_Index,81.73724
"SSA, Total","SSA, Total","SSA, Total",SSA,1986,Outall_Index,39.15037239
"SSA, Total","SSA, Total","SSA, Total",SSA,1986,Input_Index,47.89783994
"SSA, Total","SSA, Total","SSA, Total",SSA,1986,Land_Index,54.20832426
"SSA, Total","SSA, Total","SSA, Total",SSA,1986,Labor_Index,55.52811361
"SSA, Total","SSA, Total","SSA, Total",SSA,1986,Capital_Index,41.98414516
"SSA, Total","SSA, Total","SSA, Total",SSA,1986,Materials_Index,38.0042457
"SSA, Total","SSA, Total","SSA, Total",SSA,1986,Outall_Q,105369175.2
"SSA, Total","SSA, Total","SSA, Total",SSA,1986,Outcrop_Q,74112267
"SSA, Total","SSA, Total","SSA, Total",SSA,1986,Outanim_Q,31244828
"SSA, Total","SSA, Total","SSA, Total",SSA,1986,Outfish_Q,24950.78876
"SSA, Total","SSA, Total","SSA, Total",SSA,1986,Land_Q,144767.0517
"SSA, Total","SSA, Total","SSA, Total",SSA,1986,Labor_Q,105458.0583
"SSA, Total","SSA, Total","SSA, Total",SSA,1986,Capital_Q,123763.8206
"SSA, Total","SSA, Total","SSA, Total",SSA,1986,Machinery_Q,12197.04692
"SSA, Total","SSA, Total","SSA, Total",SSA,1986,Livestock_Q,206965.0926
"SSA, Total","SSA, Total","SSA, Total",SSA,1986,Fertilizer_Q,2436379.263
"SSA, Total","SSA, Total","SSA, Total",SSA,1986,Feed_Q,45147130.31
"SSA, Total","SSA, Total","SSA, Total",SSA,1986,Cropland_Q,126957.16
"SSA, Total","SSA, Total","SSA, Total",SSA,1986,Pasture_Q,733542
"SSA, Total","SSA, Total","SSA, Total",SSA,1986,IrrigArea_Q,5531.086
"SSA, Total","SSA, Total","SSA, Total",SSA,1987,TFP_Index,81.67637708
"SSA, Total","SSA, Total","SSA, Total",SSA,1987,Outall_Index,39.30563362
"SSA, Total","SSA, Total","SSA, Total",SSA,1987,Input_Index,48.12362524
"SSA, Total","SSA, Total","SSA, Total",SSA,1987,Land_Index,53.70466153
"SSA, Total","SSA, Total","SSA, Total",SSA,1987,Labor_Index,56.69363809
"SSA, Total","SSA, Total","SSA, Total",SSA,1987,Capital_Index,42.12770863
"SSA, Total","SSA, Total","SSA, Total",SSA,1987,Materials_Index,38.42143025
"SSA, Total","SSA, Total","SSA, Total",SSA,1987,Outall_Q,105787044.7
"SSA, Total","SSA, Total","SSA, Total",SSA,1987,Outcrop_Q,74315489
"SSA, Total","SSA, Total","SSA, Total",SSA,1987,Outanim_Q,31457639
"SSA, Total","SSA, Total","SSA, Total",SSA,1987,Outfish_Q,28074.44648
"SSA, Total","SSA, Total","SSA, Total",SSA,1987,Land_Q,143421.9858
"SSA, Total","SSA, Total","SSA, Total",SSA,1987,Labor_Q,107671.6027
"SSA, Total","SSA, Total","SSA, Total",SSA,1987,Capital_Q,124187.0271
"SSA, Total","SSA, Total","SSA, Total",SSA,1987,Machinery_Q,11840.10267
"SSA, Total","SSA, Total","SSA, Total",SSA,1987,Livestock_Q,206569.5666
"SSA, Total","SSA, Total","SSA, Total",SSA,1987,Fertilizer_Q,2338415.522
"SSA, Total","SSA, Total","SSA, Total",SSA,1987,Feed_Q,47773096.39
"SSA, Total","SSA, Total","SSA, Total",SSA,1987,Cropland_Q,125467.085
"SSA, Total","SSA, Total","SSA, Total",SSA,1987,Pasture_Q,735021
"SSA, Total","SSA, Total","SSA, Total",SSA,1987,IrrigArea_Q,5637.191
"SSA, Total","SSA, Total","SSA, Total",SSA,1988,TFP_Index,83.59860809
"SSA, Total","SSA, Total","SSA, Total",SSA,1988,Outall_Index,41.78802051
"SSA, Total","SSA, Total","SSA, Total",SSA,1988,Input_Index,49.98650272
"SSA, Total","SSA, Total","SSA, Total",SSA,1988,Land_Index,57.09619467
"SSA, Total","SSA, Total","SSA, Total",SSA,1988,Labor_Index,57.81452442
"SSA, Total","SSA, Total","SSA, Total",SSA,1988,Capital_Index,42.62195682
"SSA, Total","SSA, Total","SSA, Total",SSA,1988,Materials_Index,41.59082853
"SSA, Total","SSA, Total","SSA, Total",SSA,1988,Outall_Q,112468132.1
"SSA, Total","SSA, Total","SSA, Total",SSA,1988,Outcrop_Q,80369301
"SSA, Total","SSA, Total","SSA, Total",SSA,1988,Outanim_Q,32082586
"SSA, Total","SSA, Total","SSA, Total",SSA,1988,Outfish_Q,40791.76884
"SSA, Total","SSA, Total","SSA, Total",SSA,1988,Land_Q,152479.3079
"SSA, Total","SSA, Total","SSA, Total",SSA,1988,Labor_Q,109800.3712
"SSA, Total","SSA, Total","SSA, Total",SSA,1988,Capital_Q,125644.0067
"SSA, Total","SSA, Total","SSA, Total",SSA,1988,Machinery_Q,11705.58309
"SSA, Total","SSA, Total","SSA, Total",SSA,1988,Livestock_Q,211386.0991
"SSA, Total","SSA, Total","SSA, Total",SSA,1988,Fertilizer_Q,2608230.859
"SSA, Total","SSA, Total","SSA, Total",SSA,1988,Feed_Q,50372455.1
"SSA, Total","SSA, Total","SSA, Total",SSA,1988,Cropland_Q,134383.803
"SSA, Total","SSA, Total","SSA, Total",SSA,1988,Pasture_Q,737352
"SSA, Total","SSA, Total","SSA, Total",SSA,1988,IrrigArea_Q,5725.537
"SSA, Total","SSA, Total","SSA, Total",SSA,1989,TFP_Index,85.10638205
"SSA, Total","SSA, Total","SSA, Total",SSA,1989,Outall_Index,43.30344943
"SSA, Total","SSA, Total","SSA, Total",SSA,1989,Input_Index,50.88155364
"SSA, Total","SSA, Total","SSA, Total",SSA,1989,Land_Index,57.691104
"SSA, Total","SSA, Total","SSA, Total",SSA,1989,Labor_Index,59.02634944
"SSA, Total","SSA, Total","SSA, Total",SSA,1989,Capital_Index,43.35850823
"SSA, Total","SSA, Total","SSA, Total",SSA,1989,Materials_Index,42.88240838
"SSA, Total","SSA, Total","SSA, Total",SSA,1989,Outall_Q,116546752.2
"SSA, Total","SSA, Total","SSA, Total",SSA,1989,Outcrop_Q,83649661
"SSA, Total","SSA, Total","SSA, Total",SSA,1989,Outanim_Q,32876943
"SSA, Total","SSA, Total","SSA, Total",SSA,1989,Outfish_Q,78573.8957
"SSA, Total","SSA, Total","SSA, Total",SSA,1989,Land_Q,154068.0541
"SSA, Total","SSA, Total","SSA, Total",SSA,1989,Labor_Q,112101.8489
"SSA, Total","SSA, Total","SSA, Total",SSA,1989,Capital_Q,127815.2649
"SSA, Total","SSA, Total","SSA, Total",SSA,1989,Machinery_Q,11566.20388
"SSA, Total","SSA, Total","SSA, Total",SSA,1989,Livestock_Q,217575.5102
"SSA, Total","SSA, Total","SSA, Total",SSA,1989,Fertilizer_Q,2608000.707
"SSA, Total","SSA, Total","SSA, Total",SSA,1989,Feed_Q,53354328.74
"SSA, Total","SSA, Total","SSA, Total",SSA,1989,Cropland_Q,135764.861
"SSA, Total","SSA, Total","SSA, Total",SSA,1989,Pasture_Q,738827
"SSA, Total","SSA, Total","SSA, Total",SSA,1989,IrrigArea_Q,5845.978
"SSA, Total","SSA, Total","SSA, Total",SSA,1990,TFP_Index,85.13498502
"SSA, Total","SSA, Total","SSA, Total",SSA,1990,Outall_Index,43.87207346
"SSA, Total","SSA, Total","SSA, Total",SSA,1990,Input_Index,51.53236762
"SSA, Total","SSA, Total","SSA, Total",SSA,1990,Land_Index,57.76782838
"SSA, Total","SSA, Total","SSA, Total",SSA,1990,Labor_Index,60.25075322
"SSA, Total","SSA, Total","SSA, Total",SSA,1990,Capital_Index,43.97294848
"SSA, Total","SSA, Total","SSA, Total",SSA,1990,Materials_Index,43.81082707
"SSA, Total","SSA, Total","SSA, Total",SSA,1990,Outall_Q,118077144.9
"SSA, Total","SSA, Total","SSA, Total",SSA,1990,Outcrop_Q,83779535
"SSA, Total","SSA, Total","SSA, Total",SSA,1990,Outanim_Q,34270911
"SSA, Total","SSA, Total","SSA, Total",SSA,1990,Outfish_Q,43823.63418
"SSA, Total","SSA, Total","SSA, Total",SSA,1990,Land_Q,154272.9518
"SSA, Total","SSA, Total","SSA, Total",SSA,1990,Labor_Q,114427.2159
"SSA, Total","SSA, Total","SSA, Total",SSA,1990,Capital_Q,129626.5551
"SSA, Total","SSA, Total","SSA, Total",SSA,1990,Machinery_Q,11453.97877
"SSA, Total","SSA, Total","SSA, Total",SSA,1990,Livestock_Q,223330.955
"SSA, Total","SSA, Total","SSA, Total",SSA,1990,Fertilizer_Q,2684858.34
"SSA, Total","SSA, Total","SSA, Total",SSA,1990,Feed_Q,54145769.69
"SSA, Total","SSA, Total","SSA, Total",SSA,1990,Cropland_Q,135774.341
"SSA, Total","SSA, Total","SSA, Total",SSA,1990,Pasture_Q,738991
"SSA, Total","SSA, Total","SSA, Total",SSA,1990,IrrigArea_Q,5972.985
"SSA, Total","SSA, Total","SSA, Total",SSA,1991,TFP_Index,89.20027906
"SSA, Total","SSA, Total","SSA, Total",SSA,1991,Outall_Index,47.28303471
"SSA, Total","SSA, Total","SSA, Total",SSA,1991,Input_Index,53.00772062
"SSA, Total","SSA, Total","SSA, Total",SSA,1991,Land_Index,61.08507231
"SSA, Total","SSA, Total","SSA, Total",SSA,1991,Labor_Index,61.78875675
"SSA, Total","SSA, Total","SSA, Total",SSA,1991,Capital_Index,43.99553963
"SSA, Total","SSA, Total","SSA, Total",SSA,1991,Materials_Index,45.40702982
"SSA, Total","SSA, Total","SSA, Total",SSA,1991,Outall_Q,127257394.1
"SSA, Total","SSA, Total","SSA, Total",SSA,1991,Outcrop_Q,92462020
"SSA, Total","SSA, Total","SSA, Total",SSA,1991,Outanim_Q,34764050
"SSA, Total","SSA, Total","SSA, Total",SSA,1991,Outfish_Q,70082.03634
"SSA, Total","SSA, Total","SSA, Total",SSA,1991,Land_Q,163131.8795
"SSA, Total","SSA, Total","SSA, Total",SSA,1991,Labor_Q,117348.1663
"SSA, Total","SSA, Total","SSA, Total",SSA,1991,Capital_Q,129693.1509
"SSA, Total","SSA, Total","SSA, Total",SSA,1991,Machinery_Q,11340.70176
"SSA, Total","SSA, Total","SSA, Total",SSA,1991,Livestock_Q,226933.0436
"SSA, Total","SSA, Total","SSA, Total",SSA,1991,Fertilizer_Q,2673514.44
"SSA, Total","SSA, Total","SSA, Total",SSA,1991,Feed_Q,58113262.44
"SSA, Total","SSA, Total","SSA, Total",SSA,1991,Cropland_Q,144571.423
"SSA, Total","SSA, Total","SSA, Total",SSA,1991,Pasture_Q,739442
"SSA, Total","SSA, Total","SSA, Total",SSA,1991,IrrigArea_Q,6006.324
"SSA, Total","SSA, Total","SSA, Total",SSA,1992,TFP_Index,86.25287344
"SSA, Total","SSA, Total","SSA, Total",SSA,1992,Outall_Index,46.95919912
"SSA, Total","SSA, Total","SSA, Total",SSA,1992,Input_Index,54.44363445
"SSA, Total","SSA, Total","SSA, Total",SSA,1992,Land_Index,63.59885709
"SSA, Total","SSA, Total","SSA, Total",SSA,1992,Labor_Index,63.57798296
"SSA, Total","SSA, Total","SSA, Total",SSA,1992,Capital_Index,44.21972129
"SSA, Total","SSA, Total","SSA, Total",SSA,1992,Materials_Index,47.43016483
"SSA, Total","SSA, Total","SSA, Total",SSA,1992,Outall_Q,126385824.1
"SSA, Total","SSA, Total","SSA, Total",SSA,1992,Outcrop_Q,91078933
"SSA, Total","SSA, Total","SSA, Total",SSA,1992,Outanim_Q,35270495
"SSA, Total","SSA, Total","SSA, Total",SSA,1992,Outfish_Q,77127.4764
"SSA, Total","SSA, Total","SSA, Total",SSA,1992,Land_Q,169845.1143
"SSA, Total","SSA, Total","SSA, Total",SSA,1992,Labor_Q,120746.2346
"SSA, Total","SSA, Total","SSA, Total",SSA,1992,Capital_Q,130354.0094
"SSA, Total","SSA, Total","SSA, Total",SSA,1992,Machinery_Q,10976.16019
"SSA, Total","SSA, Total","SSA, Total",SSA,1992,Livestock_Q,232407.2902
"SSA, Total","SSA, Total","SSA, Total",SSA,1992,Fertilizer_Q,2701742.546
"SSA, Total","SSA, Total","SSA, Total",SSA,1992,Feed_Q,62481080.32
"SSA, Total","SSA, Total","SSA, Total",SSA,1992,Cropland_Q,151136.233
"SSA, Total","SSA, Total","SSA, Total",SSA,1992,Pasture_Q,741302
"SSA, Total","SSA, Total","SSA, Total",SSA,1992,IrrigArea_Q,6116.181
"SSA, Total","SSA, Total","SSA, Total",SSA,1993,TFP_Index,89.023441
"SSA, Total","SSA, Total","SSA, Total",SSA,1993,Outall_Index,48.78528237
"SSA, Total","SSA, Total","SSA, Total",SSA,1993,Input_Index,54.80049055
"SSA, Total","SSA, Total","SSA, Total",SSA,1993,Land_Index,63.12482825
"SSA, Total","SSA, Total","SSA, Total",SSA,1993,Labor_Index,65.27635979
"SSA, Total","SSA, Total","SSA, Total",SSA,1993,Capital_Index,43.54229503
"SSA, Total","SSA, Total","SSA, Total",SSA,1993,Materials_Index,50.15331615
"SSA, Total","SSA, Total","SSA, Total",SSA,1993,Outall_Q,131300538.2
"SSA, Total","SSA, Total","SSA, Total",SSA,1993,Outcrop_Q,94706557
"SSA, Total","SSA, Total","SSA, Total",SSA,1993,Outanim_Q,36550744
"SSA, Total","SSA, Total","SSA, Total",SSA,1993,Outfish_Q,83676.55102
"SSA, Total","SSA, Total","SSA, Total",SSA,1993,Land_Q,168579.1878
"SSA, Total","SSA, Total","SSA, Total",SSA,1993,Labor_Q,123971.7633
"SSA, Total","SSA, Total","SSA, Total",SSA,1993,Capital_Q,128357.0445
"SSA, Total","SSA, Total","SSA, Total",SSA,1993,Machinery_Q,10477.01602
"SSA, Total","SSA, Total","SSA, Total",SSA,1993,Livestock_Q,230192.3595
"SSA, Total","SSA, Total","SSA, Total",SSA,1993,Fertilizer_Q,2869380.889
"SSA, Total","SSA, Total","SSA, Total",SSA,1993,Feed_Q,65816680.93
"SSA, Total","SSA, Total","SSA, Total",SSA,1993,Cropland_Q,149864.448
"SSA, Total","SSA, Total","SSA, Total",SSA,1993,Pasture_Q,724955
"SSA, Total","SSA, Total","SSA, Total",SSA,1993,IrrigArea_Q,6348.028
"SSA, Total","SSA, Total","SSA, Total",SSA,1994,TFP_Index,88.83267392
"SSA, Total","SSA, Total","SSA, Total",SSA,1994,Outall_Index,49.87745568
"SSA, Total","SSA, Total","SSA, Total",SSA,1994,Input_Index,56.14764645
"SSA, Total","SSA, Total","SSA, Total",SSA,1994,Land_Index,66.37697553
"SSA, Total","SSA, Total","SSA, Total",SSA,1994,Labor_Index,66.95114434
"SSA, Total","SSA, Total","SSA, Total",SSA,1994,Capital_Index,44.32512353
"SSA, Total","SSA, Total","SSA, Total",SSA,1994,Materials_Index,49.04348743
"SSA, Total","SSA, Total","SSA, Total",SSA,1994,Outall_Q,134240009.6
"SSA, Total","SSA, Total","SSA, Total",SSA,1994,Outcrop_Q,97219357
"SSA, Total","SSA, Total","SSA, Total",SSA,1994,Outanim_Q,36975313
"SSA, Total","SSA, Total","SSA, Total",SSA,1994,Outfish_Q,81798.64092
"SSA, Total","SSA, Total","SSA, Total",SSA,1994,Land_Q,177264.2704
"SSA, Total","SSA, Total","SSA, Total",SSA,1994,Labor_Q,127152.4859
"SSA, Total","SSA, Total","SSA, Total",SSA,1994,Capital_Q,130664.7215
"SSA, Total","SSA, Total","SSA, Total",SSA,1994,Machinery_Q,10716.78903
"SSA, Total","SSA, Total","SSA, Total",SSA,1994,Livestock_Q,235357.5237
"SSA, Total","SSA, Total","SSA, Total",SSA,1994,Fertilizer_Q,2670166.747
"SSA, Total","SSA, Total","SSA, Total",SSA,1994,Feed_Q,67206243.48
"SSA, Total","SSA, Total","SSA, Total",SSA,1994,Cropland_Q,158447.889
"SSA, Total","SSA, Total","SSA, Total",SSA,1994,Pasture_Q,728751
"SSA, Total","SSA, Total","SSA, Total",SSA,1994,IrrigArea_Q,6394.014
"SSA, Total","SSA, Total","SSA, Total",SSA,1995,TFP_Index,89.33451238
"SSA, Total","SSA, Total","SSA, Total",SSA,1995,Outall_Index,50.94995995
"SSA, Total","SSA, Total","SSA, Total",SSA,1995,Input_Index,57.03278453
"SSA, Total","SSA, Total","SSA, Total",SSA,1995,Land_Index,67.08962185
"SSA, Total","SSA, Total","SSA, Total",SSA,1995,Labor_Index,68.79590358
"SSA, Total","SSA, Total","SSA, Total",SSA,1995,Capital_Index,45.12928006
"SSA, Total","SSA, Total","SSA, Total",SSA,1995,Materials_Index,49.08260955
"SSA, Total","SSA, Total","SSA, Total",SSA,1995,Outall_Q,137126543.8
"SSA, Total","SSA, Total","SSA, Total",SSA,1995,Outcrop_Q,99069585
"SSA, Total","SSA, Total","SSA, Total",SSA,1995,Outanim_Q,38004186
"SSA, Total","SSA, Total","SSA, Total",SSA,1995,Outfish_Q,92769.92811
"SSA, Total","SSA, Total","SSA, Total",SSA,1995,Land_Q,179167.4413
"SSA, Total","SSA, Total","SSA, Total",SSA,1995,Labor_Q,130656.0216
"SSA, Total","SSA, Total","SSA, Total",SSA,1995,Capital_Q,133035.2708
"SSA, Total","SSA, Total","SSA, Total",SSA,1995,Machinery_Q,10974.32507
"SSA, Total","SSA, Total","SSA, Total",SSA,1995,Livestock_Q,241184.1877
"SSA, Total","SSA, Total","SSA, Total",SSA,1995,Fertilizer_Q,2563837.931
"SSA, Total","SSA, Total","SSA, Total",SSA,1995,Feed_Q,69736566.05
"SSA, Total","SSA, Total","SSA, Total",SSA,1995,Cropland_Q,160176.487
"SSA, Total","SSA, Total","SSA, Total",SSA,1995,Pasture_Q,729977
"SSA, Total","SSA, Total","SSA, Total",SSA,1995,IrrigArea_Q,6541.079
"SSA, Total","SSA, Total","SSA, Total",SSA,1996,TFP_Index,92.22184479
"SSA, Total","SSA, Total","SSA, Total",SSA,1996,Outall_Index,54.126675
"SSA, Total","SSA, Total","SSA, Total",SSA,1996,Input_Index,58.69181551
"SSA, Total","SSA, Total","SSA, Total",SSA,1996,Land_Index,68.68685941
"SSA, Total","SSA, Total","SSA, Total",SSA,1996,Labor_Index,70.36996597
"SSA, Total","SSA, Total","SSA, Total",SSA,1996,Capital_Index,46.66230841
"SSA, Total","SSA, Total","SSA, Total",SSA,1996,Materials_Index,51.09645852
"SSA, Total","SSA, Total","SSA, Total",SSA,1996,Outall_Q,145676343.6
"SSA, Total","SSA, Total","SSA, Total",SSA,1996,Outcrop_Q,106544914
"SSA, Total","SSA, Total","SSA, Total",SSA,1996,Outanim_Q,39073111
"SSA, Total","SSA, Total","SSA, Total",SSA,1996,Outfish_Q,101733.6113
"SSA, Total","SSA, Total","SSA, Total",SSA,1996,Land_Q,183432.9738
"SSA, Total","SSA, Total","SSA, Total",SSA,1996,Labor_Q,133645.4543
"SSA, Total","SSA, Total","SSA, Total",SSA,1996,Capital_Q,137554.4398
"SSA, Total","SSA, Total","SSA, Total",SSA,1996,Machinery_Q,10485.71694
"SSA, Total","SSA, Total","SSA, Total",SSA,1996,Livestock_Q,245444.0784
"SSA, Total","SSA, Total","SSA, Total",SSA,1996,Fertilizer_Q,2846954.324
"SSA, Total","SSA, Total","SSA, Total",SSA,1996,Feed_Q,68621928.49
"SSA, Total","SSA, Total","SSA, Total",SSA,1996,Cropland_Q,164352.302
"SSA, Total","SSA, Total","SSA, Total",SSA,1996,Pasture_Q,731072
"SSA, Total","SSA, Total","SSA, Total",SSA,1996,IrrigArea_Q,6610.157
"SSA, Total","SSA, Total","SSA, Total",SSA,1997,TFP_Index,91.37672151
"SSA, Total","SSA, Total","SSA, Total",SSA,1997,Outall_Index,55.24387669
"SSA, Total","SSA, Total","SSA, Total",SSA,1997,Input_Index,60.45727596
"SSA, Total","SSA, Total","SSA, Total",SSA,1997,Land_Index,69.60634833
"SSA, Total","SSA, Total","SSA, Total",SSA,1997,Labor_Index,72.07957396
"SSA, Total","SSA, Total","SSA, Total",SSA,1997,Capital_Index,49.46060439
"SSA, Total","SSA, Total","SSA, Total",SSA,1997,Materials_Index,51.5781553
"SSA, Total","SSA, Total","SSA, Total",SSA,1997,Outall_Q,148683176.3
"SSA, Total","SSA, Total","SSA, Total",SSA,1997,Outcrop_Q,107332353
"SSA, Total","SSA, Total","SSA, Total",SSA,1997,Outanim_Q,41281141
"SSA, Total","SSA, Total","SSA, Total",SSA,1997,Outfish_Q,123801.9615
"SSA, Total","SSA, Total","SSA, Total",SSA,1997,Land_Q,185888.5321
"SSA, Total","SSA, Total","SSA, Total",SSA,1997,Labor_Q,136892.313
"SSA, Total","SSA, Total","SSA, Total",SSA,1997,Capital_Q,145803.4538
"SSA, Total","SSA, Total","SSA, Total",SSA,1997,Machinery_Q,10132.42353
"SSA, Total","SSA, Total","SSA, Total",SSA,1997,Livestock_Q,253065.5502
"SSA, Total","SSA, Total","SSA, Total",SSA,1997,Fertilizer_Q,2771830.028
"SSA, Total","SSA, Total","SSA, Total",SSA,1997,Feed_Q,71487590.38
"SSA, Total","SSA, Total","SSA, Total",SSA,1997,Cropland_Q,166567.575
"SSA, Total","SSA, Total","SSA, Total",SSA,1997,Pasture_Q,733578
"SSA, Total","SSA, Total","SSA, Total",SSA,1997,IrrigArea_Q,6764.646
"SSA, Total","SSA, Total","SSA, Total",SSA,1998,TFP_Index,92.39028657
"SSA, Total","SSA, Total","SSA, Total",SSA,1998,Outall_Index,57.304976
"SSA, Total","SSA, Total","SSA, Total",SSA,1998,Input_Index,62.02489258
"SSA, Total","SSA, Total","SSA, Total",SSA,1998,Land_Index,71.49426128
"SSA, Total","SSA, Total","SSA, Total",SSA,1998,Labor_Index,73.81455895
"SSA, Total","SSA, Total","SSA, Total",SSA,1998,Capital_Index,50.85372798
"SSA, Total","SSA, Total","SSA, Total",SSA,1998,Materials_Index,52.67088072
"SSA, Total","SSA, Total","SSA, Total",SSA,1998,Outall_Q,154230411.8
"SSA, Total","SSA, Total","SSA, Total",SSA,1998,Outcrop_Q,112443138
"SSA, Total","SSA, Total","SSA, Total",SSA,1998,Outanim_Q,41718112
"SSA, Total","SSA, Total","SSA, Total",SSA,1998,Outfish_Q,114730.6424
"SSA, Total","SSA, Total","SSA, Total",SSA,1998,Land_Q,190930.3333
"SSA, Total","SSA, Total","SSA, Total",SSA,1998,Labor_Q,140187.3673
"SSA, Total","SSA, Total","SSA, Total",SSA,1998,Capital_Q,149910.2016
"SSA, Total","SSA, Total","SSA, Total",SSA,1998,Machinery_Q,9802.311885
"SSA, Total","SSA, Total","SSA, Total",SSA,1998,Livestock_Q,261574.8608
"SSA, Total","SSA, Total","SSA, Total",SSA,1998,Fertilizer_Q,2793669.544
"SSA, Total","SSA, Total","SSA, Total",SSA,1998,Feed_Q,73842603.13
"SSA, Total","SSA, Total","SSA, Total",SSA,1998,Cropland_Q,171226.617
"SSA, Total","SSA, Total","SSA, Total",SSA,1998,Pasture_Q,734726
"SSA, Total","SSA, Total","SSA, Total",SSA,1998,IrrigArea_Q,6881.536
"SSA, Total","SSA, Total","SSA, Total",SSA,1999,TFP_Index,94.72668347
"SSA, Total","SSA, Total","SSA, Total",SSA,1999,Outall_Index,59.69715132
"SSA, Total","SSA, Total","SSA, Total",SSA,1999,Input_Index,63.0204174
"SSA, Total","SSA, Total","SSA, Total",SSA,1999,Land_Index,71.03086988
"SSA, Total","SSA, Total","SSA, Total",SSA,1999,Labor_Index,75.60836874
"SSA, Total","SSA, Total","SSA, Total",SSA,1999,Capital_Index,51.99008595
"SSA, Total","SSA, Total","SSA, Total",SSA,1999,Materials_Index,54.74651101
"SSA, Total","SSA, Total","SSA, Total",SSA,1999,Outall_Q,160668704
"SSA, Total","SSA, Total","SSA, Total",SSA,1999,Outcrop_Q,116568603
"SSA, Total","SSA, Total","SSA, Total",SSA,1999,Outanim_Q,44019985
"SSA, Total","SSA, Total","SSA, Total",SSA,1999,Outfish_Q,128534.3725
"SSA, Total","SSA, Total","SSA, Total",SSA,1999,Land_Q,189692.8147
"SSA, Total","SSA, Total","SSA, Total",SSA,1999,Labor_Q,143594.1407
"SSA, Total","SSA, Total","SSA, Total",SSA,1999,Capital_Q,153260.0377
"SSA, Total","SSA, Total","SSA, Total",SSA,1999,Machinery_Q,9530.482578
"SSA, Total","SSA, Total","SSA, Total",SSA,1999,Livestock_Q,271709.3039
"SSA, Total","SSA, Total","SSA, Total",SSA,1999,Fertilizer_Q,2856804.407
"SSA, Total","SSA, Total","SSA, Total",SSA,1999,Feed_Q,77852468.09
"SSA, Total","SSA, Total","SSA, Total",SSA,1999,Cropland_Q,169796.217
"SSA, Total","SSA, Total","SSA, Total",SSA,1999,Pasture_Q,736671
"SSA, Total","SSA, Total","SSA, Total",SSA,1999,IrrigArea_Q,6949.663
"SSA, Total","SSA, Total","SSA, Total",SSA,2000,TFP_Index,94.44639043
"SSA, Total","SSA, Total","SSA, Total",SSA,2000,Outall_Index,60.28258758
"SSA, Total","SSA, Total","SSA, Total",SSA,2000,Input_Index,63.82730701
"SSA, Total","SSA, Total","SSA, Total",SSA,2000,Land_Index,71.12214917
"SSA, Total","SSA, Total","SSA, Total",SSA,2000,Labor_Index,77.4850077
"SSA, Total","SSA, Total","SSA, Total",SSA,2000,Capital_Index,53.02947685
"SSA, Total","SSA, Total","SSA, Total",SSA,2000,Materials_Index,54.80889352
"SSA, Total","SSA, Total","SSA, Total",SSA,2000,Outall_Q,162244345.1
"SSA, Total","SSA, Total","SSA, Total",SSA,2000,Outcrop_Q,117680180
"SSA, Total","SSA, Total","SSA, Total",SSA,2000,Outanim_Q,44465578
"SSA, Total","SSA, Total","SSA, Total",SSA,2000,Outfish_Q,155872.3006
"SSA, Total","SSA, Total","SSA, Total",SSA,2000,Land_Q,189936.5823
"SSA, Total","SSA, Total","SSA, Total",SSA,2000,Labor_Q,147158.2218
"SSA, Total","SSA, Total","SSA, Total",SSA,2000,Capital_Q,156324.0274
"SSA, Total","SSA, Total","SSA, Total",SSA,2000,Machinery_Q,9512.97928
"SSA, Total","SSA, Total","SSA, Total",SSA,2000,Livestock_Q,273588.8774
"SSA, Total","SSA, Total","SSA, Total",SSA,2000,Fertilizer_Q,2799481.414
"SSA, Total","SSA, Total","SSA, Total",SSA,2000,Feed_Q,79411155.13
"SSA, Total","SSA, Total","SSA, Total",SSA,2000,Cropland_Q,169858.904
"SSA, Total","SSA, Total","SSA, Total",SSA,2000,Pasture_Q,738942
"SSA, Total","SSA, Total","SSA, Total",SSA,2000,IrrigArea_Q,7002.7
"SSA, Total","SSA, Total","SSA, Total",SSA,2001,TFP_Index,95.53598821
"SSA, Total","SSA, Total","SSA, Total",SSA,2001,Outall_Index,62.37995752
"SSA, Total","SSA, Total","SSA, Total",SSA,2001,Input_Index,65.2947216
"SSA, Total","SSA, Total","SSA, Total",SSA,2001,Land_Index,72.78159959
"SSA, Total","SSA, Total","SSA, Total",SSA,2001,Labor_Index,79.48614721
"SSA, Total","SSA, Total","SSA, Total",SSA,2001,Capital_Index,54.05411783
"SSA, Total","SSA, Total","SSA, Total",SSA,2001,Materials_Index,56.23029139
"SSA, Total","SSA, Total","SSA, Total",SSA,2001,Outall_Q,167889199.3
"SSA, Total","SSA, Total","SSA, Total",SSA,2001,Outcrop_Q,121609883
"SSA, Total","SSA, Total","SSA, Total",SSA,2001,Outanim_Q,46168663
"SSA, Total","SSA, Total","SSA, Total",SSA,2001,Outfish_Q,164999.0165
"SSA, Total","SSA, Total","SSA, Total",SSA,2001,Land_Q,194368.2586
"SSA, Total","SSA, Total","SSA, Total",SSA,2001,Labor_Q,150958.7522
"SSA, Total","SSA, Total","SSA, Total",SSA,2001,Capital_Q,159344.5363
"SSA, Total","SSA, Total","SSA, Total",SSA,2001,Machinery_Q,9589.824415
"SSA, Total","SSA, Total","SSA, Total",SSA,2001,Livestock_Q,280467.1972
"SSA, Total","SSA, Total","SSA, Total",SSA,2001,Fertilizer_Q,2838277.364
"SSA, Total","SSA, Total","SSA, Total",SSA,2001,Feed_Q,82295020.59
"SSA, Total","SSA, Total","SSA, Total",SSA,2001,Cropland_Q,174156.183
"SSA, Total","SSA, Total","SSA, Total",SSA,2001,Pasture_Q,740831
"SSA, Total","SSA, Total","SSA, Total",SSA,2001,IrrigArea_Q,7059.931
"SSA, Total","SSA, Total","SSA, Total",SSA,2002,TFP_Index,95.29286914
"SSA, Total","SSA, Total","SSA, Total",SSA,2002,Outall_Index,64.56853016
"SSA, Total","SSA, Total","SSA, Total",SSA,2002,Input_Index,67.75798729
"SSA, Total","SSA, Total","SSA, Total",SSA,2002,Land_Index,73.96192612
"SSA, Total","SSA, Total","SSA, Total",SSA,2002,Labor_Index,81.57654433
"SSA, Total","SSA, Total","SSA, Total",SSA,2002,Capital_Index,56.66932215
"SSA, Total","SSA, Total","SSA, Total",SSA,2002,Materials_Index,60.94546489
"SSA, Total","SSA, Total","SSA, Total",SSA,2002,Outall_Q,173779516
"SSA, Total","SSA, Total","SSA, Total",SSA,2002,Outcrop_Q,125299313
"SSA, Total","SSA, Total","SSA, Total",SSA,2002,Outanim_Q,48339603
"SSA, Total","SSA, Total","SSA, Total",SSA,2002,Outfish_Q,208898.4134
"SSA, Total","SSA, Total","SSA, Total",SSA,2002,Land_Q,197520.4017
"SSA, Total","SSA, Total","SSA, Total",SSA,2002,Labor_Q,154928.7992
"SSA, Total","SSA, Total","SSA, Total",SSA,2002,Capital_Q,167053.8198
"SSA, Total","SSA, Total","SSA, Total",SSA,2002,Machinery_Q,9668.634374
"SSA, Total","SSA, Total","SSA, Total",SSA,2002,Livestock_Q,288492.346
"SSA, Total","SSA, Total","SSA, Total",SSA,2002,Fertilizer_Q,3018425.204
"SSA, Total","SSA, Total","SSA, Total",SSA,2002,Feed_Q,90647635.06
"SSA, Total","SSA, Total","SSA, Total",SSA,2002,Cropland_Q,177092.719
"SSA, Total","SSA, Total","SSA, Total",SSA,2002,Pasture_Q,741227
"SSA, Total","SSA, Total","SSA, Total",SSA,2002,IrrigArea_Q,7182.382
"SSA, Total","SSA, Total","SSA, Total",SSA,2003,TFP_Index,94.73268279
"SSA, Total","SSA, Total","SSA, Total",SSA,2003,Outall_Index,66.83087981
"SSA, Total","SSA, Total","SSA, Total",SSA,2003,Input_Index,70.54680374
"SSA, Total","SSA, Total","SSA, Total",SSA,2003,Land_Index,77.71548324
"SSA, Total","SSA, Total","SSA, Total",SSA,2003,Labor_Index,83.49424447
"SSA, Total","SSA, Total","SSA, Total",SSA,2003,Capital_Index,59.77783942
"SSA, Total","SSA, Total","SSA, Total",SSA,2003,Materials_Index,62.08405748
"SSA, Total","SSA, Total","SSA, Total",SSA,2003,Outall_Q,179868395.9
"SSA, Total","SSA, Total","SSA, Total",SSA,2003,Outcrop_Q,129843404
"SSA, Total","SSA, Total","SSA, Total",SSA,2003,Outanim_Q,49886575
"SSA, Total","SSA, Total","SSA, Total",SSA,2003,Outfish_Q,206748.2378
"SSA, Total","SSA, Total","SSA, Total",SSA,2003,Land_Q,207544.5337
"SSA, Total","SSA, Total","SSA, Total",SSA,2003,Labor_Q,158570.8631
"SSA, Total","SSA, Total","SSA, Total",SSA,2003,Capital_Q,176217.326
"SSA, Total","SSA, Total","SSA, Total",SSA,2003,Machinery_Q,9597.355987
"SSA, Total","SSA, Total","SSA, Total",SSA,2003,Livestock_Q,295716.7651
"SSA, Total","SSA, Total","SSA, Total",SSA,2003,Fertilizer_Q,2958355.919
"SSA, Total","SSA, Total","SSA, Total",SSA,2003,Feed_Q,95423443.74
"SSA, Total","SSA, Total","SSA, Total",SSA,2003,Cropland_Q,186965.608
"SSA, Total","SSA, Total","SSA, Total",SSA,2003,Pasture_Q,741470
"SSA, Total","SSA, Total","SSA, Total",SSA,2003,IrrigArea_Q,7280.112
"SSA, Total","SSA, Total","SSA, Total",SSA,2004,TFP_Index,96.62670188
"SSA, Total","SSA, Total","SSA, Total",SSA,2004,Outall_Index,69.51443746
"SSA, Total","SSA, Total","SSA, Total",SSA,2004,Input_Index,71.9412296
"SSA, Total","SSA, Total","SSA, Total",SSA,2004,Land_Index,76.75296045
"SSA, Total","SSA, Total","SSA, Total",SSA,2004,Labor_Index,85.51819176
"SSA, Total","SSA, Total","SSA, Total",SSA,2004,Capital_Index,61.36460793
"SSA, Total","SSA, Total","SSA, Total",SSA,2004,Materials_Index,66.56150935
"SSA, Total","SSA, Total","SSA, Total",SSA,2004,Outall_Q,187090913.6
"SSA, Total","SSA, Total","SSA, Total",SSA,2004,Outcrop_Q,135522519
"SSA, Total","SSA, Total","SSA, Total",SSA,2004,Outanim_Q,51436806
"SSA, Total","SSA, Total","SSA, Total",SSA,2004,Outfish_Q,229484.5416
"SSA, Total","SSA, Total","SSA, Total",SSA,2004,Land_Q,204974.0504
"SSA, Total","SSA, Total","SSA, Total",SSA,2004,Labor_Q,162414.7097
"SSA, Total","SSA, Total","SSA, Total",SSA,2004,Capital_Q,180894.914
"SSA, Total","SSA, Total","SSA, Total",SSA,2004,Machinery_Q,9783.335428
"SSA, Total","SSA, Total","SSA, Total",SSA,2004,Livestock_Q,301507.6635
"SSA, Total","SSA, Total","SSA, Total",SSA,2004,Fertilizer_Q,3067040.861
"SSA, Total","SSA, Total","SSA, Total",SSA,2004,Feed_Q,105266858.3
"SSA, Total","SSA, Total","SSA, Total",SSA,2004,Cropland_Q,184260.655
"SSA, Total","SSA, Total","SSA, Total",SSA,2004,Pasture_Q,740958
"SSA, Total","SSA, Total","SSA, Total",SSA,2004,IrrigArea_Q,7381.448
"SSA, Total","SSA, Total","SSA, Total",SSA,2005,TFP_Index,96.98284755
"SSA, Total","SSA, Total","SSA, Total",SSA,2005,Outall_Index,72.96202389
"SSA, Total","SSA, Total","SSA, Total",SSA,2005,Input_Index,75.23188453
"SSA, Total","SSA, Total","SSA, Total",SSA,2005,Land_Index,82.54731705
"SSA, Total","SSA, Total","SSA, Total",SSA,2005,Labor_Index,87.73526487
"SSA, Total","SSA, Total","SSA, Total",SSA,2005,Capital_Index,63.84878501
"SSA, Total","SSA, Total","SSA, Total",SSA,2005,Materials_Index,68.33483683
"SSA, Total","SSA, Total","SSA, Total",SSA,2005,Outall_Q,196369735.6
"SSA, Total","SSA, Total","SSA, Total",SSA,2005,Outcrop_Q,142591771
"SSA, Total","SSA, Total","SSA, Total",SSA,2005,Outanim_Q,53628815
"SSA, Total","SSA, Total","SSA, Total",SSA,2005,Outfish_Q,274676.3054
"SSA, Total","SSA, Total","SSA, Total",SSA,2005,Land_Q,220448.2776
"SSA, Total","SSA, Total","SSA, Total",SSA,2005,Labor_Q,166625.3376
"SSA, Total","SSA, Total","SSA, Total",SSA,2005,Capital_Q,188217.9461
"SSA, Total","SSA, Total","SSA, Total",SSA,2005,Machinery_Q,10069.10548
"SSA, Total","SSA, Total","SSA, Total",SSA,2005,Livestock_Q,311076.9413
"SSA, Total","SSA, Total","SSA, Total",SSA,2005,Fertilizer_Q,2958948.486
"SSA, Total","SSA, Total","SSA, Total",SSA,2005,Feed_Q,113938932
"SSA, Total","SSA, Total","SSA, Total",SSA,2005,Cropland_Q,199471.839
"SSA, Total","SSA, Total","SSA, Total",SSA,2005,Pasture_Q,745288
"SSA, Total","SSA, Total","SSA, Total",SSA,2005,IrrigArea_Q,7507.012
"SSA, Total","SSA, Total","SSA, Total",SSA,2006,TFP_Index,97.2227007
"SSA, Total","SSA, Total","SSA, Total",SSA,2006,Outall_Index,75.26969727
"SSA, Total","SSA, Total","SSA, Total",SSA,2006,Input_Index,77.41987903
"SSA, Total","SSA, Total","SSA, Total",SSA,2006,Land_Index,82.04312383
"SSA, Total","SSA, Total","SSA, Total",SSA,2006,Labor_Index,89.25715889
"SSA, Total","SSA, Total","SSA, Total",SSA,2006,Capital_Index,66.41222554
"SSA, Total","SSA, Total","SSA, Total",SSA,2006,Materials_Index,75.7921737
"SSA, Total","SSA, Total","SSA, Total",SSA,2006,Outall_Q,202580599.7
"SSA, Total","SSA, Total","SSA, Total",SSA,2006,Outcrop_Q,147697179
"SSA, Total","SSA, Total","SSA, Total",SSA,2006,Outanim_Q,54667194
"SSA, Total","SSA, Total","SSA, Total",SSA,2006,Outfish_Q,404618.5267
"SSA, Total","SSA, Total","SSA, Total",SSA,2006,Land_Q,219101.795
"SSA, Total","SSA, Total","SSA, Total",SSA,2006,Labor_Q,169515.6931
"SSA, Total","SSA, Total","SSA, Total",SSA,2006,Capital_Q,195774.6367
"SSA, Total","SSA, Total","SSA, Total",SSA,2006,Machinery_Q,10403.34061
"SSA, Total","SSA, Total","SSA, Total",SSA,2006,Livestock_Q,317256.0595
"SSA, Total","SSA, Total","SSA, Total",SSA,2006,Fertilizer_Q,3426433.249
"SSA, Total","SSA, Total","SSA, Total",SSA,2006,Feed_Q,121823983.4
"SSA, Total","SSA, Total","SSA, Total",SSA,2006,Cropland_Q,197926.541
"SSA, Total","SSA, Total","SSA, Total",SSA,2006,Pasture_Q,746166
"SSA, Total","SSA, Total","SSA, Total",SSA,2006,IrrigArea_Q,7621.1907
"SSA, Total","SSA, Total","SSA, Total",SSA,2007,TFP_Index,96.25278947
"SSA, Total","SSA, Total","SSA, Total",SSA,2007,Outall_Index,75.34295372
"SSA, Total","SSA, Total","SSA, Total",SSA,2007,Input_Index,78.27612491
"SSA, Total","SSA, Total","SSA, Total",SSA,2007,Land_Index,82.78009854
"SSA, Total","SSA, Total","SSA, Total",SSA,2007,Labor_Index,90.56441557
"SSA, Total","SSA, Total","SSA, Total",SSA,2007,Capital_Index,68.50249918
"SSA, Total","SSA, Total","SSA, Total",SSA,2007,Materials_Index,72.94762857
"SSA, Total","SSA, Total","SSA, Total",SSA,2007,Outall_Q,202777761.8
"SSA, Total","SSA, Total","SSA, Total",SSA,2007,Outcrop_Q,145645100
"SSA, Total","SSA, Total","SSA, Total",SSA,2007,Outanim_Q,56867325
"SSA, Total","SSA, Total","SSA, Total",SSA,2007,Outfish_Q,454863.1334
"SSA, Total","SSA, Total","SSA, Total",SSA,2007,Land_Q,221069.9365
"SSA, Total","SSA, Total","SSA, Total",SSA,2007,Labor_Q,171998.413
"SSA, Total","SSA, Total","SSA, Total",SSA,2007,Capital_Q,201936.4926
"SSA, Total","SSA, Total","SSA, Total",SSA,2007,Machinery_Q,10823.02288
"SSA, Total","SSA, Total","SSA, Total",SSA,2007,Livestock_Q,336714.9662
"SSA, Total","SSA, Total","SSA, Total",SSA,2007,Fertilizer_Q,3302108.586
"SSA, Total","SSA, Total","SSA, Total",SSA,2007,Feed_Q,117122807
"SSA, Total","SSA, Total","SSA, Total",SSA,2007,Cropland_Q,199740.64
"SSA, Total","SSA, Total","SSA, Total",SSA,2007,Pasture_Q,746718
"SSA, Total","SSA, Total","SSA, Total",SSA,2007,IrrigArea_Q,7715.0433
"SSA, Total","SSA, Total","SSA, Total",SSA,2008,TFP_Index,98.00800985
"SSA, Total","SSA, Total","SSA, Total",SSA,2008,Outall_Index,78.93705086
"SSA, Total","SSA, Total","SSA, Total",SSA,2008,Input_Index,80.54142818
"SSA, Total","SSA, Total","SSA, Total",SSA,2008,Land_Index,85.21637093
"SSA, Total","SSA, Total","SSA, Total",SSA,2008,Labor_Index,92.07427325
"SSA, Total","SSA, Total","SSA, Total",SSA,2008,Capital_Index,71.48190573
"SSA, Total","SSA, Total","SSA, Total",SSA,2008,Materials_Index,74.07082475
"SSA, Total","SSA, Total","SSA, Total",SSA,2008,Outall_Q,212450902.3
"SSA, Total","SSA, Total","SSA, Total",SSA,2008,Outcrop_Q,153061152
"SSA, Total","SSA, Total","SSA, Total",SSA,2008,Outanim_Q,59110979
"SSA, Total","SSA, Total","SSA, Total",SSA,2008,Outfish_Q,597754.6346
"SSA, Total","SSA, Total","SSA, Total",SSA,2008,Land_Q,227576.1692
"SSA, Total","SSA, Total","SSA, Total",SSA,2008,Labor_Q,174865.9092
"SSA, Total","SSA, Total","SSA, Total",SSA,2008,Capital_Q,210719.3971
"SSA, Total","SSA, Total","SSA, Total",SSA,2008,Machinery_Q,11284.71174
"SSA, Total","SSA, Total","SSA, Total",SSA,2008,Livestock_Q,348164.6776
"SSA, Total","SSA, Total","SSA, Total",SSA,2008,Fertilizer_Q,3435571.847
"SSA, Total","SSA, Total","SSA, Total",SSA,2008,Feed_Q,116489675.1
"SSA, Total","SSA, Total","SSA, Total",SSA,2008,Cropland_Q,206124.514
"SSA, Total","SSA, Total","SSA, Total",SSA,2008,Pasture_Q,746230
"SSA, Total","SSA, Total","SSA, Total",SSA,2008,IrrigArea_Q,7804.469
"SSA, Total","SSA, Total","SSA, Total",SSA,2009,TFP_Index,97.41456564
"SSA, Total","SSA, Total","SSA, Total",SSA,2009,Outall_Index,79.22115076
"SSA, Total","SSA, Total","SSA, Total",SSA,2009,Input_Index,81.32372221
"SSA, Total","SSA, Total","SSA, Total",SSA,2009,Land_Index,83.09269595
"SSA, Total","SSA, Total","SSA, Total",SSA,2009,Labor_Index,93.42792202
"SSA, Total","SSA, Total","SSA, Total",SSA,2009,Capital_Index,74.60202261
"SSA, Total","SSA, Total","SSA, Total",SSA,2009,Materials_Index,74.2412657
"SSA, Total","SSA, Total","SSA, Total",SSA,2009,Outall_Q,213215527.8
"SSA, Total","SSA, Total","SSA, Total",SSA,2009,Outcrop_Q,152302789
"SSA, Total","SSA, Total","SSA, Total",SSA,2009,Outanim_Q,60605813
"SSA, Total","SSA, Total","SSA, Total",SSA,2009,Outfish_Q,647267.5592
"SSA, Total","SSA, Total","SSA, Total",SSA,2009,Land_Q,221904.7494
"SSA, Total","SSA, Total","SSA, Total",SSA,2009,Labor_Q,177436.7362
"SSA, Total","SSA, Total","SSA, Total",SSA,2009,Capital_Q,219917.0975
"SSA, Total","SSA, Total","SSA, Total",SSA,2009,Machinery_Q,11466.06309
"SSA, Total","SSA, Total","SSA, Total",SSA,2009,Livestock_Q,355935.6075
"SSA, Total","SSA, Total","SSA, Total",SSA,2009,Fertilizer_Q,3565119.573
"SSA, Total","SSA, Total","SSA, Total",SSA,2009,Feed_Q,113361194.3
"SSA, Total","SSA, Total","SSA, Total",SSA,2009,Cropland_Q,200287.781
"SSA, Total","SSA, Total","SSA, Total",SSA,2009,Pasture_Q,745572
"SSA, Total","SSA, Total","SSA, Total",SSA,2009,IrrigArea_Q,7913.049
"SSA, Total","SSA, Total","SSA, Total",SSA,2010,TFP_Index,101.0032661
"SSA, Total","SSA, Total","SSA, Total",SSA,2010,Outall_Index,86.68693826
"SSA, Total","SSA, Total","SSA, Total",SSA,2010,Input_Index,85.82587638
"SSA, Total","SSA, Total","SSA, Total",SSA,2010,Land_Index,88.89903592
"SSA, Total","SSA, Total","SSA, Total",SSA,2010,Labor_Index,93.98852978
"SSA, Total","SSA, Total","SSA, Total",SSA,2010,Capital_Index,78.28737401
"SSA, Total","SSA, Total","SSA, Total",SSA,2010,Materials_Index,83.80962217
"SSA, Total","SSA, Total","SSA, Total",SSA,2010,Outall_Q,233308922.1
"SSA, Total","SSA, Total","SSA, Total",SSA,2010,Outcrop_Q,169106062
"SSA, Total","SSA, Total","SSA, Total",SSA,2010,Outanim_Q,63811226
"SSA, Total","SSA, Total","SSA, Total",SSA,2010,Outfish_Q,838311.5692
"SSA, Total","SSA, Total","SSA, Total",SSA,2010,Land_Q,237410.9789
"SSA, Total","SSA, Total","SSA, Total",SSA,2010,Labor_Q,178501.433
"SSA, Total","SSA, Total","SSA, Total",SSA,2010,Capital_Q,230781.0359
"SSA, Total","SSA, Total","SSA, Total",SSA,2010,Machinery_Q,11536.2716
"SSA, Total","SSA, Total","SSA, Total",SSA,2010,Livestock_Q,365150.6559
"SSA, Total","SSA, Total","SSA, Total",SSA,2010,Fertilizer_Q,4137246.35
"SSA, Total","SSA, Total","SSA, Total",SSA,2010,Feed_Q,125002246
"SSA, Total","SSA, Total","SSA, Total",SSA,2010,Cropland_Q,215672.113
"SSA, Total","SSA, Total","SSA, Total",SSA,2010,Pasture_Q,746714
"SSA, Total","SSA, Total","SSA, Total",SSA,2010,IrrigArea_Q,7991.938
"SSA, Total","SSA, Total","SSA, Total",SSA,2011,TFP_Index,98.67895127
"SSA, Total","SSA, Total","SSA, Total",SSA,2011,Outall_Index,86.66914315
"SSA, Total","SSA, Total","SSA, Total",SSA,2011,Input_Index,87.82941248
"SSA, Total","SSA, Total","SSA, Total",SSA,2011,Land_Index,90.77604088
"SSA, Total","SSA, Total","SSA, Total",SSA,2011,Labor_Index,95.25391379
"SSA, Total","SSA, Total","SSA, Total",SSA,2011,Capital_Index,81.80815695
"SSA, Total","SSA, Total","SSA, Total",SSA,2011,Materials_Index,83.37838053
"SSA, Total","SSA, Total","SSA, Total",SSA,2011,Outall_Q,233261028.4
"SSA, Total","SSA, Total","SSA, Total",SSA,2011,Outcrop_Q,168572480
"SSA, Total","SSA, Total","SSA, Total",SSA,2011,Outanim_Q,64231342
"SSA, Total","SSA, Total","SSA, Total",SSA,2011,Outfish_Q,949751.7716
"SSA, Total","SSA, Total","SSA, Total",SSA,2011,Land_Q,242423.6495
"SSA, Total","SSA, Total","SSA, Total",SSA,2011,Labor_Q,180904.629
"SSA, Total","SSA, Total","SSA, Total",SSA,2011,Capital_Q,241159.8479
"SSA, Total","SSA, Total","SSA, Total",SSA,2011,Machinery_Q,11787.72659
"SSA, Total","SSA, Total","SSA, Total",SSA,2011,Livestock_Q,372463.9406
"SSA, Total","SSA, Total","SSA, Total",SSA,2011,Fertilizer_Q,3931026.33
"SSA, Total","SSA, Total","SSA, Total",SSA,2011,Feed_Q,129414232.9
"SSA, Total","SSA, Total","SSA, Total",SSA,2011,Cropland_Q,220479.467
"SSA, Total","SSA, Total","SSA, Total",SSA,2011,Pasture_Q,746820
"SSA, Total","SSA, Total","SSA, Total",SSA,2011,IrrigArea_Q,8145.733
"SSA, Total","SSA, Total","SSA, Total",SSA,2012,TFP_Index,99.27483659
"SSA, Total","SSA, Total","SSA, Total",SSA,2012,Outall_Index,90.70658611
"SSA, Total","SSA, Total","SSA, Total",SSA,2012,Input_Index,91.36916184
"SSA, Total","SSA, Total","SSA, Total",SSA,2012,Land_Index,93.77314101
"SSA, Total","SSA, Total","SSA, Total",SSA,2012,Labor_Index,96.08190815
"SSA, Total","SSA, Total","SSA, Total",SSA,2012,Capital_Index,85.80025063
"SSA, Total","SSA, Total","SSA, Total",SSA,2012,Materials_Index,91.44649922
"SSA, Total","SSA, Total","SSA, Total",SSA,2012,Outall_Q,244127388.3
"SSA, Total","SSA, Total","SSA, Total",SSA,2012,Outcrop_Q,178966634
"SSA, Total","SSA, Total","SSA, Total",SSA,2012,Outanim_Q,64645139
"SSA, Total","SSA, Total","SSA, Total",SSA,2012,Outfish_Q,1081154.241
"SSA, Total","SSA, Total","SSA, Total",SSA,2012,Land_Q,250427.6112
"SSA, Total","SSA, Total","SSA, Total",SSA,2012,Labor_Q,182477.1419
"SSA, Total","SSA, Total","SSA, Total",SSA,2012,Capital_Q,252928.0228
"SSA, Total","SSA, Total","SSA, Total",SSA,2012,Machinery_Q,11915.80932
"SSA, Total","SSA, Total","SSA, Total",SSA,2012,Livestock_Q,390687.8963
"SSA, Total","SSA, Total","SSA, Total",SSA,2012,Fertilizer_Q,4289954.245
"SSA, Total","SSA, Total","SSA, Total",SSA,2012,Feed_Q,142552175.3
"SSA, Total","SSA, Total","SSA, Total",SSA,2012,Cropland_Q,227647.911
"SSA, Total","SSA, Total","SSA, Total",SSA,2012,Pasture_Q,789997
"SSA, Total","SSA, Total","SSA, Total",SSA,2012,IrrigArea_Q,8290.944
"SSA, Total","SSA, Total","SSA, Total",SSA,2013,TFP_Index,99.22286429
"SSA, Total","SSA, Total","SSA, Total",SSA,2013,Outall_Index,94.17280165
"SSA, Total","SSA, Total","SSA, Total",SSA,2013,Input_Index,94.91038413
"SSA, Total","SSA, Total","SSA, Total",SSA,2013,Land_Index,98.61663406
"SSA, Total","SSA, Total","SSA, Total",SSA,2013,Labor_Index,97.84883386
"SSA, Total","SSA, Total","SSA, Total",SSA,2013,Capital_Index,90.41954168
"SSA, Total","SSA, Total","SSA, Total",SSA,2013,Materials_Index,92.36020464
"SSA, Total","SSA, Total","SSA, Total",SSA,2013,Outall_Q,253456348.6
"SSA, Total","SSA, Total","SSA, Total",SSA,2013,Outcrop_Q,186210756
"SSA, Total","SSA, Total","SSA, Total",SSA,2013,Outanim_Q,66672703
"SSA, Total","SSA, Total","SSA, Total",SSA,2013,Outfish_Q,1193686.866
"SSA, Total","SSA, Total","SSA, Total",SSA,2013,Land_Q,263362.4919
"SSA, Total","SSA, Total","SSA, Total",SSA,2013,Labor_Q,185832.8575
"SSA, Total","SSA, Total","SSA, Total",SSA,2013,Capital_Q,266545.0944
"SSA, Total","SSA, Total","SSA, Total",SSA,2013,Machinery_Q,12244.11057
"SSA, Total","SSA, Total","SSA, Total",SSA,2013,Livestock_Q,398419.6743
"SSA, Total","SSA, Total","SSA, Total",SSA,2013,Fertilizer_Q,4415428.123
"SSA, Total","SSA, Total","SSA, Total",SSA,2013,Feed_Q,141638807.9
"SSA, Total","SSA, Total","SSA, Total",SSA,2013,Cropland_Q,240472.158
"SSA, Total","SSA, Total","SSA, Total",SSA,2013,Pasture_Q,790718
"SSA, Total","SSA, Total","SSA, Total",SSA,2013,IrrigArea_Q,8349.198
"SSA, Total","SSA, Total","SSA, Total",SSA,2014,TFP_Index,100.818847
"SSA, Total","SSA, Total","SSA, Total",SSA,2014,Outall_Index,98.89735425
"SSA, Total","SSA, Total","SSA, Total",SSA,2014,Input_Index,98.09411354
"SSA, Total","SSA, Total","SSA, Total",SSA,2014,Land_Index,101.3933774
"SSA, Total","SSA, Total","SSA, Total",SSA,2014,Labor_Index,98.61734189
"SSA, Total","SSA, Total","SSA, Total",SSA,2014,Capital_Index,95.36685314
"SSA, Total","SSA, Total","SSA, Total",SSA,2014,Materials_Index,96.28681649
"SSA, Total","SSA, Total","SSA, Total",SSA,2014,Outall_Q,266171993
"SSA, Total","SSA, Total","SSA, Total",SSA,2014,Outcrop_Q,198131262
"SSA, Total","SSA, Total","SSA, Total",SSA,2014,Outanim_Q,67413696
"SSA, Total","SSA, Total","SSA, Total",SSA,2014,Outfish_Q,1324734.413
"SSA, Total","SSA, Total","SSA, Total",SSA,2014,Land_Q,270777.9757
"SSA, Total","SSA, Total","SSA, Total",SSA,2014,Labor_Q,187292.395
"SSA, Total","SSA, Total","SSA, Total",SSA,2014,Capital_Q,281129.1276
"SSA, Total","SSA, Total","SSA, Total",SSA,2014,Machinery_Q,12537.065
"SSA, Total","SSA, Total","SSA, Total",SSA,2014,Livestock_Q,407064.5988
"SSA, Total","SSA, Total","SSA, Total",SSA,2014,Fertilizer_Q,4585565.907
"SSA, Total","SSA, Total","SSA, Total",SSA,2014,Feed_Q,148150999.8
"SSA, Total","SSA, Total","SSA, Total",SSA,2014,Cropland_Q,247825.713
"SSA, Total","SSA, Total","SSA, Total",SSA,2014,Pasture_Q,790908
"SSA, Total","SSA, Total","SSA, Total",SSA,2014,IrrigArea_Q,8394.03
"SSA, Total","SSA, Total","SSA, Total",SSA,2015,TFP_Index,100
"SSA, Total","SSA, Total","SSA, Total",SSA,2015,Outall_Index,100
"SSA, Total","SSA, Total","SSA, Total",SSA,2015,Input_Index,100
"SSA, Total","SSA, Total","SSA, Total",SSA,2015,Land_Index,100
"SSA, Total","SSA, Total","SSA, Total",SSA,2015,Labor_Index,100
"SSA, Total","SSA, Total","SSA, Total",SSA,2015,Capital_Index,100
"SSA, Total","SSA, Total","SSA, Total",SSA,2015,Materials_Index,100
"SSA, Total","SSA, Total","SSA, Total",SSA,2015,Outall_Q,269139649.9
"SSA, Total","SSA, Total","SSA, Total",SSA,2015,Outcrop_Q,199271232
"SSA, Total","SSA, Total","SSA, Total",SSA,2015,Outanim_Q,69208325
"SSA, Total","SSA, Total","SSA, Total",SSA,2015,Outfish_Q,1365578.638
"SSA, Total","SSA, Total","SSA, Total",SSA,2015,Land_Q,267056.8656
"SSA, Total","SSA, Total","SSA, Total",SSA,2015,Labor_Q,189918.316
"SSA, Total","SSA, Total","SSA, Total",SSA,2015,Capital_Q,294787.0443
"SSA, Total","SSA, Total","SSA, Total",SSA,2015,Machinery_Q,12739.22207
"SSA, Total","SSA, Total","SSA, Total",SSA,2015,Livestock_Q,418484.8305
"SSA, Total","SSA, Total","SSA, Total",SSA,2015,Fertilizer_Q,4609775.01
"SSA, Total","SSA, Total","SSA, Total",SSA,2015,Feed_Q,158270191.5
"SSA, Total","SSA, Total","SSA, Total",SSA,2015,Cropland_Q,243480.401
"SSA, Total","SSA, Total","SSA, Total",SSA,2015,Pasture_Q,791221
"SSA, Total","SSA, Total","SSA, Total",SSA,2015,IrrigArea_Q,8629.943
"SSA, Total","SSA, Total","SSA, Total",SSA,2016,TFP_Index,97.50373849
"SSA, Total","SSA, Total","SSA, Total",SSA,2016,Outall_Index,101.8427567
"SSA, Total","SSA, Total","SSA, Total",SSA,2016,Input_Index,104.4501045
"SSA, Total","SSA, Total","SSA, Total",SSA,2016,Land_Index,104.8380259
"SSA, Total","SSA, Total","SSA, Total",SSA,2016,Labor_Index,102.5445882
"SSA, Total","SSA, Total","SSA, Total",SSA,2016,Capital_Index,104.8670675
"SSA, Total","SSA, Total","SSA, Total",SSA,2016,Materials_Index,106.0391831
"SSA, Total","SSA, Total","SSA, Total",SSA,2016,Outall_Q,274099238.9
"SSA, Total","SSA, Total","SSA, Total",SSA,2016,Outcrop_Q,205003386
"SSA, Total","SSA, Total","SSA, Total",SSA,2016,Outanim_Q,68402582
"SSA, Total","SSA, Total","SSA, Total",SSA,2016,Outfish_Q,1376774.063
"SSA, Total","SSA, Total","SSA, Total",SSA,2016,Land_Q,279977.1461
"SSA, Total","SSA, Total","SSA, Total",SSA,2016,Labor_Q,194750.955
"SSA, Total","SSA, Total","SSA, Total",SSA,2016,Capital_Q,309134.5286
"SSA, Total","SSA, Total","SSA, Total",SSA,2016,Machinery_Q,13027.94418
"SSA, Total","SSA, Total","SSA, Total",SSA,2016,Livestock_Q,429579.8333
"SSA, Total","SSA, Total","SSA, Total",SSA,2016,Fertilizer_Q,5163913.524
"SSA, Total","SSA, Total","SSA, Total",SSA,2016,Feed_Q,160032571.9
"SSA, Total","SSA, Total","SSA, Total",SSA,2016,Cropland_Q,256383.318
"SSA, Total","SSA, Total","SSA, Total",SSA,2016,Pasture_Q,791341
"SSA, Total","SSA, Total","SSA, Total",SSA,2016,IrrigArea_Q,8636.242
"SSA, Total","SSA, Total","SSA, Total",SSA,2017,TFP_Index,97.7050172
"SSA, Total","SSA, Total","SSA, Total",SSA,2017,Outall_Index,105.4575405
"SSA, Total","SSA, Total","SSA, Total",SSA,2017,Input_Index,107.9346215
"SSA, Total","SSA, Total","SSA, Total",SSA,2017,Land_Index,106.5315168
"SSA, Total","SSA, Total","SSA, Total",SSA,2017,Labor_Index,104.4056209
"SSA, Total","SSA, Total","SSA, Total",SSA,2017,Capital_Index,108.8835873
"SSA, Total","SSA, Total","SSA, Total",SSA,2017,Materials_Index,115.7503005
"SSA, Total","SSA, Total","SSA, Total",SSA,2017,Outall_Q,283828055.3
"SSA, Total","SSA, Total","SSA, Total",SSA,2017,Outcrop_Q,214013046
"SSA, Total","SSA, Total","SSA, Total",SSA,2017,Outanim_Q,69079770
"SSA, Total","SSA, Total","SSA, Total",SSA,2017,Outfish_Q,1395584.953
"SSA, Total","SSA, Total","SSA, Total",SSA,2017,Land_Q,284499.7296
"SSA, Total","SSA, Total","SSA, Total",SSA,2017,Labor_Q,198285.397
"SSA, Total","SSA, Total","SSA, Total",SSA,2017,Capital_Q,320974.7088
"SSA, Total","SSA, Total","SSA, Total",SSA,2017,Machinery_Q,13244.71612
"SSA, Total","SSA, Total","SSA, Total",SSA,2017,Livestock_Q,434990.8168
"SSA, Total","SSA, Total","SSA, Total",SSA,2017,Fertilizer_Q,5973430.03
"SSA, Total","SSA, Total","SSA, Total",SSA,2017,Feed_Q,166123675.2
"SSA, Total","SSA, Total","SSA, Total",SSA,2017,Cropland_Q,260698.582
"SSA, Total","SSA, Total","SSA, Total",SSA,2017,Pasture_Q,791184
"SSA, Total","SSA, Total","SSA, Total",SSA,2017,IrrigArea_Q,8711.896
"SSA, Total","SSA, Total","SSA, Total",SSA,2018,TFP_Index,99.94577548
"SSA, Total","SSA, Total","SSA, Total",SSA,2018,Outall_Index,110.6984323
"SSA, Total","SSA, Total","SSA, Total",SSA,2018,Input_Index,110.7584905
"SSA, Total","SSA, Total","SSA, Total",SSA,2018,Land_Index,109.3651836
"SSA, Total","SSA, Total","SSA, Total",SSA,2018,Labor_Index,106.4152596
"SSA, Total","SSA, Total","SSA, Total",SSA,2018,Capital_Index,112.5768992
"SSA, Total","SSA, Total","SSA, Total",SSA,2018,Materials_Index,117.9428609
"SSA, Total","SSA, Total","SSA, Total",SSA,2018,Outall_Q,297933373
"SSA, Total","SSA, Total","SSA, Total",SSA,2018,Outcrop_Q,225345645
"SSA, Total","SSA, Total","SSA, Total",SSA,2018,Outanim_Q,71794038
"SSA, Total","SSA, Total","SSA, Total",SSA,2018,Outfish_Q,1443042.452
"SSA, Total","SSA, Total","SSA, Total",SSA,2018,Land_Q,292067.2315
"SSA, Total","SSA, Total","SSA, Total",SSA,2018,Labor_Q,202102.069
"SSA, Total","SSA, Total","SSA, Total",SSA,2018,Capital_Q,331862.1137
"SSA, Total","SSA, Total","SSA, Total",SSA,2018,Machinery_Q,13518.75226
"SSA, Total","SSA, Total","SSA, Total",SSA,2018,Livestock_Q,446512.4699
"SSA, Total","SSA, Total","SSA, Total",SSA,2018,Fertilizer_Q,5920765.338
"SSA, Total","SSA, Total","SSA, Total",SSA,2018,Feed_Q,173371665.7
"SSA, Total","SSA, Total","SSA, Total",SSA,2018,Cropland_Q,268158.946
"SSA, Total","SSA, Total","SSA, Total",SSA,2018,Pasture_Q,791347
"SSA, Total","SSA, Total","SSA, Total",SSA,2018,IrrigArea_Q,8752.2672
"SSA, Total","SSA, Total","SSA, Total",SSA,2019,TFP_Index,98.84856541
"SSA, Total","SSA, Total","SSA, Total",SSA,2019,Outall_Index,112.2248533
"SSA, Total","SSA, Total","SSA, Total",SSA,2019,Input_Index,113.5321012
"SSA, Total","SSA, Total","SSA, Total",SSA,2019,Land_Index,110.669569
"SSA, Total","SSA, Total","SSA, Total",SSA,2019,Labor_Index,108.7044048
"SSA, Total","SSA, Total","SSA, Total",SSA,2019,Capital_Index,115.2719681
"SSA, Total","SSA, Total","SSA, Total",SSA,2019,Materials_Index,125.7238893
"SSA, Total","SSA, Total","SSA, Total",SSA,2019,Outall_Q,302041577.3
"SSA, Total","SSA, Total","SSA, Total",SSA,2019,Outcrop_Q,226619315
"SSA, Total","SSA, Total","SSA, Total",SSA,2019,Outanim_Q,74639589
"SSA, Total","SSA, Total","SSA, Total",SSA,2019,Outfish_Q,1428104.932
"SSA, Total","SSA, Total","SSA, Total",SSA,2019,Land_Q,295550.6821
"SSA, Total","SSA, Total","SSA, Total",SSA,2019,Labor_Q,206449.575
"SSA, Total","SSA, Total","SSA, Total",SSA,2019,Capital_Q,339806.8277
"SSA, Total","SSA, Total","SSA, Total",SSA,2019,Machinery_Q,13629.76883
"SSA, Total","SSA, Total","SSA, Total",SSA,2019,Livestock_Q,464131.9182
"SSA, Total","SSA, Total","SSA, Total",SSA,2019,Fertilizer_Q,6334684.721
"SSA, Total","SSA, Total","SSA, Total",SSA,2019,Feed_Q,184219924.4
"SSA, Total","SSA, Total","SSA, Total",SSA,2019,Cropland_Q,271542.239
"SSA, Total","SSA, Total","SSA, Total",SSA,2019,Pasture_Q,791304
"SSA, Total","SSA, Total","SSA, Total",SSA,2019,IrrigArea_Q,8792.9752
"SSA, Total","SSA, Total","SSA, Total",SSA,2020,TFP_Index,100.1110021
"SSA, Total","SSA, Total","SSA, Total",SSA,2020,Outall_Index,115.7629325
"SSA, Total","SSA, Total","SSA, Total",SSA,2020,Input_Index,115.6345757
"SSA, Total","SSA, Total","SSA, Total",SSA,2020,Land_Index,111.857836
"SSA, Total","SSA, Total","SSA, Total",SSA,2020,Labor_Index,110.3099861
"SSA, Total","SSA, Total","SSA, Total",SSA,2020,Capital_Index,117.5379087
"SSA, Total","SSA, Total","SSA, Total",SSA,2020,Materials_Index,130.9009149
"SSA, Total","SSA, Total","SSA, Total",SSA,2020,Outall_Q,311563951.2
"SSA, Total","SSA, Total","SSA, Total",SSA,2020,Outcrop_Q,234942391
"SSA, Total","SSA, Total","SSA, Total",SSA,2020,Outanim_Q,75727401
"SSA, Total","SSA, Total","SSA, Total",SSA,2020,Outfish_Q,1477548.898
"SSA, Total","SSA, Total","SSA, Total",SSA,2020,Land_Q,298724.0308
"SSA, Total","SSA, Total","SSA, Total",SSA,2020,Labor_Q,209498.868
"SSA, Total","SSA, Total","SSA, Total",SSA,2020,Capital_Q,346486.527
"SSA, Total","SSA, Total","SSA, Total",SSA,2020,Machinery_Q,13749.61841
"SSA, Total","SSA, Total","SSA, Total",SSA,2020,Livestock_Q,479758.344
"SSA, Total","SSA, Total","SSA, Total",SSA,2020,Fertilizer_Q,6956815.341
"SSA, Total","SSA, Total","SSA, Total",SSA,2020,Feed_Q,183141615.5
"SSA, Total","SSA, Total","SSA, Total",SSA,2020,Cropland_Q,274518.078
"SSA, Total","SSA, Total","SSA, Total",SSA,2020,Pasture_Q,791491
"SSA, Total","SSA, Total","SSA, Total",SSA,2020,IrrigArea_Q,8859.115
"SSA, Total","SSA, Total","SSA, Total",SSA,2021,TFP_Index,103.0724394
"SSA, Total","SSA, Total","SSA, Total",SSA,2021,Outall_Index,116.6311821
"SSA, Total","SSA, Total","SSA, Total",SSA,2021,Input_Index,113.1545763
"SSA, Total","SSA, Total","SSA, Total",SSA,2021,Land_Index,112.3370279
"SSA, Total","SSA, Total","SSA, Total",SSA,2021,Labor_Index,113.3920462
"SSA, Total","SSA, Total","SSA, Total",SSA,2021,Capital_Index,107.6179473
"SSA, Total","SSA, Total","SSA, Total",SSA,2021,Materials_Index,129.4954175
"SSA, Total","SSA, Total","SSA, Total",SSA,2021,Outall_Q,313900755.1
"SSA, Total","SSA, Total","SSA, Total",SSA,2021,Outcrop_Q,235915122
"SSA, Total","SSA, Total","SSA, Total",SSA,2021,Outanim_Q,76975300
"SSA, Total","SSA, Total","SSA, Total",SSA,2021,Outfish_Q,1624768.998
"SSA, Total","SSA, Total","SSA, Total",SSA,2021,Land_Q,300003.7458
"SSA, Total","SSA, Total","SSA, Total",SSA,2021,Labor_Q,215352.2647
"SSA, Total","SSA, Total","SSA, Total",SSA,2021,Capital_Q,317243.766
"SSA, Total","SSA, Total","SSA, Total",SSA,2021,Machinery_Q,14129.86303
"SSA, Total","SSA, Total","SSA, Total",SSA,2021,Livestock_Q,478811.3254
"SSA, Total","SSA, Total","SSA, Total",SSA,2021,Fertilizer_Q,6737575.544
"SSA, Total","SSA, Total","SSA, Total",SSA,2021,Feed_Q,184543500.1
"SSA, Total","SSA, Total","SSA, Total",SSA,2021,Cropland_Q,275784.83
"SSA, Total","SSA, Total","SSA, Total",SSA,2021,Pasture_Q,791630
"SSA, Total","SSA, Total","SSA, Total",SSA,2021,IrrigArea_Q,8869.252
